Time,ClimateRegionName,ClimateRegionIndex,NumSites,NEEC,SOMTC,AGB,AG_NPPC,BG_NPPC,Litterfall,AgeMortality,MineralN,TotalN,GrossMineralization,C_LiveLeaf,C_LiveFRoot,C_LiveWood,C_LiveCRoot,C_DeadWood,C_DeadCRoot,C_DeadLeaf_Struc,C_DeadLeaf_Meta,C_DeadFRoot_Struc,C_DeadFRoot_Meta,C_SOM1surf,C_SOM1soil,C_SOM2,C_SOM3,N_Leaf,N_FRoot,N_Wood,N_CRoot,N_DeadWood,N_DeadCRoot,N_DeadLeaf_Struc,N_DeadLeaf_Meta,N_DeadFRoot_Struc,N_DeadFRoot_Meta,N_SOM1surf,N_SOM1soil,N_SOM2,N_SOM3,SurfStrucNetMin,SurfMetaNetMin,SoilStrucNetMin,SoilMetaNetMin,SOM1surfNetMin,SOM1soilNetMin,SOM2NetMin,SOM3NetMin,TotalNdep,LeachedC,LeachedN,FireCEfflux,FireNEfflux,Nuptake,Nresorbed,TotalSoilN,Nvol,FrassC,
0, eco1, 0, 5609, 0, 4450.3, 5977.6, 0, 0, 0, 0, 5, 247, 0, 0, 0, 2809.5, 280.9, 1023.2, 24.8, 652.3, 115.1, 0, 0, 769.8, 1188.5, 1261.5, 1230.5, 0, 0, 7.6, 3, 5.1, 0.1, 3.3, 11.5, 0, 0, 51.3, 59.6, 51.2, 49.2, 0, 0, 0, 0, 0, 0, 0, 0, 0, 0, 0, 0, 0, 0, 0, 231.1, 0, 0, 
0, eco2, 1, 36603, 0, 6662.5, 12166.1, 0, 0, 0, 0, 5, 371.5, 0, 0, 0, 5718.1, 571.8, 1986.1, 76.3, 1266.1, 223.4, 0, 0, 785.1, 1804.5, 1945.1, 2127.9, 0, 0, 14.9, 6.4, 9.9, 0.4, 6.3, 22.3, 0, 0, 52.4, 90.2, 78.5, 85.1, 0, 0, 0, 0, 0, 0, 0, 0, 0, 0, 0, 0, 0, 0, 0, 339.9, 0, 0, 
0, eco3, 2, 41420, 0, 8756.9, 18206, 0, 0, 0, 0, 5, 493.3, 0, 0, 0, 8556.8, 855.7, 2842.1, 98.8, 1811.8, 319.7, 0, 0, 1066.2, 2193.2, 2586.1, 2911.4, 0, 0, 22.2, 9, 14.2, 0.5, 9.1, 32, 0, 0, 71.1, 109.7, 104, 116.5, 0, 0, 0, 0, 0, 0, 0, 0, 0, 0, 0, 0, 0, 0, 0, 447.4, 0, 0, 
0, eco4, 3, 45644, 0, 7716.6, 21383, 0, 0, 0, 0, 5, 464.8, 0, 0, 0, 10050, 1005, 3255.1, 94, 2075.2, 366.2, 0, 0, 1122, 2086.5, 2460.5, 2047.7, 0, 0, 26.8, 9.4, 16.3, 0.5, 10.4, 36.6, 0, 0, 74.8, 104.3, 98.7, 82, 0, 0, 0, 0, 0, 0, 0, 0, 0, 0, 0, 0, 0, 0, 0, 411.8, 0, 0, 
0, eco5, 4, 41067, 0, 6536.6, 20227.9, 0, 0, 0, 0, 5, 406.1, 0, 0, 0, 9507.1, 950.7, 3241.7, 81.9, 2066.6, 364.7, 0, 0, 899.4, 1812.7, 2133.3, 1691.2, 0, 0, 27.1, 6.6, 16.2, 0.4, 10.3, 36.5, 0, 0, 59.9, 90.6, 85.6, 67.8, 0, 0, 0, 0, 0, 0, 0, 0, 0, 0, 0, 0, 0, 0, 0, 355.7, 0, 0, 
0, eco6, 5, 62055, 0, 8030.6, 21306.5, 0, 0, 0, 0, 5, 469.9, 0, 0, 0, 10014, 1001.4, 3108.8, 101.2, 1981.9, 349.7, 0, 0, 801.5, 2228.4, 2611.5, 2389.2, 0, 0, 33.5, 5.3, 15.5, 0.5, 9.9, 35, 0, 0, 53.4, 111.4, 104.7, 95.7, 0, 0, 0, 0, 0, 0, 0, 0, 0, 0, 0, 0, 0, 0, 0, 415.1, 0, 0, 
0, eco7, 6, 34375, 0, 9068.7, 22857, 0, 0, 0, 0, 5, 525.9, 0, 0, 0, 10742.8, 1074.3, 3316.4, 115.5, 2114.2, 373.1, 0, 0, 892.6, 2536.1, 2932.2, 2707.8, 0, 0, 38, 5.8, 16.6, 0.6, 10.6, 37.3, 0, 0, 59.5, 126.8, 117.4, 108.4, 0, 0, 0, 0, 0, 0, 0, 0, 0, 0, 0, 0, 0, 0, 0, 464.9, 0, 0, 
0, eco8, 7, 8287, 0, 8432.4, 20840.1, 0, 0, 0, 0, 5, 497.1, 0, 0, 0, 9794.9, 979.5, 3118.8, 120, 1988.2, 350.9, 0, 0, 1047.5, 2635.5, 2542.4, 2207, 0, 0, 34.3, 5.2, 15.6, 0.6, 9.9, 35.1, 0, 0, 69.4, 131.8, 101.8, 88.3, 0, 0, 0, 0, 0, 0, 0, 0, 0, 0, 0, 0, 0, 0, 0, 441.4, 0, 0, 
0, eco9, 8, 336, 0, 6241.5, 15174.1, 0, 0, 0, 0, 5, 365.9, 0, 0, 0, 7131.8, 713.2, 2174.4, 96.3, 1386.2, 244.6, 0, 0, 801.3, 2040.9, 1751.4, 1647.9, 0, 0, 23.7, 3.6, 10.9, 0.5, 6.9, 24.5, 0, 0, 52.8, 102.1, 70.2, 65.9, 0, 0, 0, 0, 0, 0, 0, 0, 0, 0, 0, 0, 0, 0, 0, 327.3, 0, 0, 
0, eco10, 9, 18, 0, 2692.4, 5916.7, 0, 0, 0, 0, 5, 156.3, 0, 0, 0, 2780.9, 278.1, 798.8, 38.6, 509.2, 89.9, 0, 0, 338, 831.1, 838.7, 684.7, 0, 0, 9.3, 1.5, 4, 0.2, 2.5, 9, 0, 0, 22.4, 41.4, 33.4, 27.6, 0, 0, 0, 0, 0, 0, 0, 0, 0, 0, 0, 0, 0, 0, 0, 141.4, 0, 0, 
5, eco1, 0, 5609, -191.1, 4230.3, 8035.5, 310.3, 31, 50.9, 63.1, 12.06, 247.4, 7.5, 288.7, 28.9, 3477.6, 347.8, 1215.8, 50, 36.6, 68.4, 4.3, 5.7, 776.5, 1163.7, 1058.9, 1231.1, 7, 0.8, 9.4, 3.8, 5.4, 0.4, 0.2, 4.2, 0, 0.2, 35.9, 74.6, 43.8, 49.5, 0, 0.3, 0, 0, 3.1, 0.9, -1.3, 0, 4.15, 1.91, 0.42, 7.8, 0.2, 2.8, 0.6, 220.6, 0.2, 0, 
5, eco2, 1, 36603, -349.9, 6435.9, 15939.5, 580.5, 58.1, 95.2, 128.8, 9.81, 369.8, 13.4, 544.3, 54.4, 6951.9, 695.2, 2360.7, 126.1, 62.8, 115.3, 7.8, 9.8, 1055.5, 1641.3, 1608.9, 2130.1, 12.9, 1.4, 18.1, 7.9, 10.4, 1, 0.3, 7, 0, 0.4, 40.3, 107.3, 67, 86, 0.1, 0.6, 0, 0, 3.9, 2.9, -2.4, 0, 4.33, 1.11, 0.69, 10.5, 0.3, 5.1, 1, 318.2, 0.16, 0, 
5, eco3, 2, 41420, -341.1, 8511.9, 21990.9, 658, 65.8, 108.3, 177.1, 14.08, 486.3, 17.6, 636.1, 63.6, 9709.4, 970.9, 3321.7, 169.9, 70.1, 138, 8.9, 11.1, 1432, 2027.7, 2137.6, 2914.6, 15, 1.7, 25.2, 10.4, 14.6, 1.3, 0.4, 8.7, 0, 0.5, 53.9, 135, 87.9, 117.7, 0.1, 0.9, 0, 0, 5.4, 3.6, -3.5, 0, 4.55, 1.2, 1.23, 36.3, 0.9, 5.8, 1.2, 418.1, 0.23, 0, 
5, eco4, 3, 45644, -304.7, 7668.4, 24240.3, 618.2, 61.8, 101.7, 194.4, 16.46, 453.5, 16.9, 603, 60.3, 10798.4, 1079.8, 3819.1, 175.6, 67.1, 148.9, 8.4, 10.8, 1587.7, 1933.8, 2095, 2051.9, 14.4, 1.6, 28.8, 10.4, 16.8, 1.3, 0.3, 9.9, 0, 0.4, 58.1, 127.5, 84.3, 83.1, 0.1, 1.1, 0, 0, 5.5, 3.3, -3.4, 0, 4.73, 1.99, 1.71, 92.8, 2.2, 5.4, 1.1, 380.2, 0.27, 0, 
5, eco5, 4, 41067, -278.1, 6698.8, 22302.4, 538, 53.8, 88.6, 172.9, 14.18, 395.3, 13.8, 548.1, 54.8, 9937.3, 993.7, 3787.3, 156.7, 60, 161.1, 7, 10.4, 1512.1, 1654.4, 1838.3, 1694, 14.2, 1.5, 28.4, 7.1, 17, 1, 0.3, 11.2, 0, 0.4, 51.4, 107, 73, 68.6, 0.1, 1.2, 0, 0, 4.4, 2.9, -2.6, 0, 4.76, 3.39, 1.97, 96.9, 2.2, 4.9, 1.2, 326.1, 0.24, 0, 
5, eco6, 5, 62055, -161, 8175.1, 22223.5, 401.1, 40.1, 65.6, 164.9, 11.6, 462.3, 12.6, 483.2, 48.3, 9967, 996.7, 3671.3, 176, 55.9, 177.3, 4.8, 8.7, 1530.2, 2034.5, 2220, 2390.5, 14.3, 1.4, 33.5, 5.3, 16.9, 0.9, 0.3, 13.8, 0, 0.4, 50.2, 126.7, 90.6, 96.3, 0.1, 1.3, 0, 0, 3.1, 3.1, -2.4, 0, 4.16, 2.57, 1.18, 46.8, 1, 4.1, 1.2, 390, 0.19, 0, 
5, eco7, 6, 34375, -146.7, 9168.4, 23215.8, 410.7, 41.1, 59.7, 173, 13.42, 515.7, 13.9, 463.8, 46.4, 10452, 1045.2, 3887.5, 194.6, 52.5, 183.9, 4.3, 7.9, 1670.5, 2303.9, 2484.8, 2709.2, 14.1, 1.4, 37.2, 5.7, 18.1, 1, 0.3, 15, 0, 0.3, 55.7, 142.8, 101.7, 109, 0.1, 1.4, 0, 0, 3.4, 3.5, -2.7, 0, 4.44, 3.61, 1.72, 17.7, 0.4, 4.6, 1.2, 438.2, 0.22, 0, 
5, eco8, 7, 8287, -128.6, 8630.5, 21434.9, 349.8, 35, 51.3, 159.9, 15.16, 487.7, 11.8, 398.6, 39.9, 9667.5, 966.7, 3683.6, 193.2, 59.7, 193.1, 3.9, 7.1, 1779.7, 2377.9, 2264.4, 2208.5, 12.1, 1.2, 34.1, 5.2, 17.2, 1, 0.3, 16.3, 0, 0.3, 64.2, 139.4, 92.4, 88.8, 0.1, 1.3, 0, 0, 3.2, 2.8, -2, 0, 4.39, 3.57, 1.64, 21.9, 0.5, 3.9, 1, 417, 0.24, 0, 
5, eco9, 8, 336, -143.5, 6385.2, 16101.7, 301.7, 30.2, 44.2, 120.4, 11.14, 361.8, 8.5, 328.4, 32.8, 7221.4, 722.1, 2626.7, 150.9, 60.4, 150.3, 3.6, 6.1, 1328.7, 1831.8, 1576.2, 1648.6, 9.5, 0.9, 24.3, 3.7, 12.1, 0.8, 0.3, 12.5, 0, 0.3, 49.2, 105.7, 65.1, 66.3, 0.1, 1, 0, 0, 2.4, 2, -1.4, 0, 4.34, 2.93, 1.02, 0, 0, 3.2, 0.8, 310.4, 0.18, 0, 
5, eco10, 9, 18, -66.5, 2780.6, 6437.7, 120.4, 12, 16.9, 49.3, 6.71, 157.5, 2.8, 123.9, 12.4, 2890.9, 289.1, 1017.5, 60.9, 38.8, 66.1, 1.5, 2.5, 545.8, 784.2, 765.7, 685, 3.5, 0.3, 9.8, 1.5, 4.7, 0.3, 0.2, 5.6, 0, 0.1, 21.5, 44.2, 31.3, 27.7, 0.1, 0.3, 0, 0, 0.8, 0.5, -0.5, 0, 3.9, 0.84, 0.33, 0, 0, 1.3, 0.3, 137.3, 0.11, 0, 
10, eco1, 0, 5609, -144.5, 3949.9, 9551.5, 289.8, 29, 70.1, 73.3, 15.37, 247.9, 7.4, 398.3, 39.8, 4082, 408.2, 1397.9, 76, 64.8, 82.3, 9.6, 12.1, 636.6, 1128.6, 952.8, 1231.8, 9.6, 1.1, 11, 4.5, 5.7, 0.7, 0.3, 3, 0, 0.5, 26, 82, 38.2, 49.8, 0.1, -0.1, 0, 0, 2.5, 1.5, -1.4, 0, 4.27, 3, 0.57, 5.1, 0.1, 2.3, 0.8, 215.3, 0.25, 0, 
10, eco2, 1, 36603, -256.6, 6033.8, 18782.5, 519.9, 52, 133.9, 148.3, 11.02, 368.7, 12.4, 746.5, 74.6, 8086.9, 808.7, 2682.5, 174.7, 110.6, 139.9, 17.6, 20.9, 943.1, 1505.1, 1453.3, 2132.2, 17.5, 2, 21, 9.2, 10.7, 1.6, 0.6, 4.8, 0.1, 0.9, 31.5, 113.2, 58, 86.7, 0.2, -0.3, 0, 0, 3.2, 3.9, -2.3, 0, 4.45, 1.64, 0.92, 4.8, 0.1, 3.9, 1.4, 306.7, 0.18, 0, 
10, eco3, 2, 41420, -250, 7964.5, 24705.6, 597.5, 59.7, 152.4, 196.2, 13.96, 480.3, 15.6, 856.9, 85.7, 10764.7, 1076.5, 3718.9, 235.7, 118.8, 157.4, 20.2, 24, 1242.2, 1879.9, 1924.9, 2917.4, 20.1, 2.3, 28, 11.7, 14.8, 2.1, 0.6, 5.4, 0.1, 1, 40.6, 144.6, 76.4, 118.7, 0.2, -0.4, 0, -0.1, 4.4, 4.7, -3.1, 0, 4.64, 1.83, 1.65, 19, 0.4, 4.5, 1.6, 401.5, 0.23, 0, 
10, eco4, 3, 45644, -226.4, 7144.4, 26044.7, 563.5, 56.3, 142.2, 207.2, 14.26, 443.3, 14.6, 799.7, 80, 11449.8, 1145, 4236.3, 249, 118.3, 161, 19.2, 24, 1365.6, 1804.1, 1919.2, 2055.5, 19, 2.1, 30.6, 11.3, 16.9, 2.1, 0.6, 5.7, 0.1, 1, 44, 137.5, 74.1, 84.1, 0.2, -0.3, 0, -0.1, 4.4, 4.2, -3.1, 0, 4.76, 3, 2.09, 42.3, 0.9, 4.3, 1.6, 361.3, 0.24, 0, 
10, eco5, 4, 41067, -217.7, 6248.5, 23375.6, 504.5, 50.4, 124.8, 180, 12.28, 384.7, 12.4, 728.4, 72.8, 10262.4, 1026.2, 4212.3, 221.2, 105.1, 164.7, 15.1, 22.5, 1330.2, 1531.3, 1690.5, 1696.5, 18.8, 2, 29.4, 7.6, 17.4, 1.5, 0.5, 5.9, 0.1, 0.9, 40.9, 114.6, 63.6, 69.3, 0.2, -0.2, 0, -0.1, 3.6, 3.8, -2.6, 0, 4.79, 4.56, 2.1, 48.3, 1.1, 3.9, 1.6, 308.1, 0.2, 0, 
10, eco6, 5, 62055, -121.8, 7613.3, 22922, 417.5, 41.8, 101.7, 168.1, 12.65, 454.3, 13.3, 702.6, 70.3, 10075.7, 1007.6, 4210.8, 236.4, 101.1, 165.6, 11.6, 20.8, 1375.2, 1862.7, 1983.4, 2391.9, 20.8, 2.1, 33.9, 5.4, 18.2, 1.2, 0.5, 7.1, 0.1, 0.9, 42, 133.3, 79.4, 96.8, 0.1, 0, 0, -0.1, 3.1, 4.4, -2.6, 0, 4.26, 2.65, 1.64, 34.8, 0.8, 3.5, 1.8, 372.7, 0.2, 0, 
10, eco7, 6, 34375, -66.1, 8503.9, 23632.8, 380.1, 38, 91.5, 173.1, 14.84, 505, 14.4, 665.5, 66.6, 10444, 1044.4, 4463.1, 256.5, 98.7, 166.5, 10.6, 19.7, 1498.7, 2098.7, 2196.2, 2710.4, 20.3, 2, 37.3, 5.7, 19.7, 1.4, 0.5, 7.8, 0.1, 0.8, 46.9, 149.1, 89, 109.6, 0.1, 0.1, 0, -0.1, 3.3, 4.9, -2.8, 0, 4.53, 5.74, 2.58, 9.7, 0.2, 3.4, 1.8, 418.6, 0.24, 0, 
10, eco8, 7, 8287, -85.1, 8020.2, 22141.3, 317.5, 31.7, 82.6, 162.1, 16.53, 477.2, 10.9, 599.6, 60, 9810.4, 981, 4318.8, 253.4, 104, 173.6, 10.4, 19.1, 1595.6, 2152.5, 2062.5, 2209.7, 18.2, 1.8, 34.8, 5.3, 19.1, 1.3, 0.5, 9, 0.1, 0.8, 54.5, 142.6, 83.4, 89.3, 0.1, 0.3, 0, 0, 2.9, 3.5, -1.9, 0, 4.47, 7.69, 2.76, 13.6, 0.3, 2.8, 1.6, 396.7, 0.27, 0, 
10, eco9, 8, 336, -109.9, 5986.6, 17012.3, 263.2, 26.3, 72.7, 125, 11.99, 356.9, 7.5, 501.1, 50.1, 7499.5, 750, 3129.5, 197.9, 103.3, 149.4, 9.4, 16.5, 1222.8, 1658.2, 1456.5, 1649.1, 14.5, 1.5, 25.5, 3.9, 13.6, 1, 0.5, 7.7, 0, 0.7, 42.9, 106.8, 59.7, 66.6, 0.1, 0.2, 0, 0, 1.9, 2.4, -1.2, 0, 4.33, 5.66, 1.82, 6.9, 0.2, 2.2, 1.3, 296.9, 0.19, 0, 
10, eco10, 9, 18, -58.5, 2658.1, 6831.2, 101, 10.1, 28.5, 51.8, 7.57, 158.1, 2.2, 190.6, 19.1, 3023.2, 302.3, 1217.2, 82.1, 52.4, 70.5, 4.2, 7.2, 519.6, 741.1, 712.1, 685.2, 5.4, 0.5, 10.3, 1.6, 5.3, 0.4, 0.3, 4, 0, 0.3, 19.5, 46, 29.1, 27.8, 0, 0.1, 0, 0, 0.6, 0.6, -0.3, 0, 3.91, 1.54, 0.64, 0, 0, 0.8, 0.5, 134.4, 0.12, 0, 
15, eco1, 0, 5609, -153.8, 3851.3, 10674.5, 277.9, 27.8, 72.9, 81.7, 16.77, 248.3, 5.4, 422.4, 42.2, 4584.3, 458.4, 1564.1, 103, 85.2, 102.3, 13.5, 16.6, 615.9, 1098.1, 905, 1232.3, 10.2, 1.1, 12.4, 5, 5.9, 1, 0.4, 3.1, 0.1, 0.7, 21.5, 85.6, 34.4, 50.1, 0.1, -0.2, 0, 0, 1.7, 1.3, -1.1, 0, 4.35, 2.31, 0.57, 2.7, 0.1, 2.2, 0.8, 212.7, 0.28, 0, 
15, eco2, 1, 36603, -246.9, 5902, 20577.1, 490.6, 49.1, 135.9, 162.7, 12.3, 367.1, 10, 762.8, 76.3, 8914, 891.4, 2938.1, 223.2, 135, 167.4, 23.5, 27.1, 975.9, 1404, 1388.4, 2133.7, 17.9, 2, 23.1, 10.2, 10.7, 2.2, 0.7, 4.9, 0.1, 1.2, 27.7, 115.2, 51.6, 87.3, 0.2, -0.5, 0, 0, 2.5, 3.5, -2, 0, 4.35, 1.41, 1.23, 4.8, 0.1, 3.7, 1.4, 300.9, 0.21, 0, 
15, eco3, 2, 41420, -211, 7746.3, 26087.2, 539.4, 53.9, 150.4, 208.1, 15.1, 475.1, 13.2, 844.1, 84.4, 11426.8, 1142.7, 3999.1, 299.2, 150.4, 189.2, 27.1, 31.4, 1244.3, 1764.8, 1818, 2919.3, 19.8, 2.2, 29.7, 12.5, 14.6, 2.8, 0.8, 5.4, 0.1, 1.3, 34.4, 148.3, 68.3, 119.5, 0.2, -0.6, 0, -0.1, 3.3, 4.6, -2.8, 0, 4.61, 1.59, 1.92, 18.5, 0.3, 3.9, 1.6, 393.3, 0.25, 0, 
15, eco4, 3, 45644, -142.9, 6942.1, 26599.2, 486, 48.6, 136.2, 212.9, 13.38, 435, 13, 766.9, 76.7, 11743.2, 1174.3, 4524.6, 318.5, 151.3, 192.2, 26.2, 32.1, 1342.3, 1707.3, 1834.3, 2058.2, 18.2, 2, 31.4, 11.7, 16.8, 2.8, 0.8, 5.5, 0.1, 1.3, 37, 142.2, 66.9, 84.8, 0.2, -0.6, 0, -0.1, 3.4, 4.3, -2.9, 0, 4.82, 2.27, 2.37, 59.3, 1, 3.2, 1.5, 352.1, 0.23, 0, 
15, eco5, 4, 41067, -153.2, 6056.9, 23887.1, 438.4, 43.8, 127.6, 184.7, 11.31, 376.2, 10.7, 740.3, 74, 10491, 1049.1, 4432.9, 278.5, 131.4, 189.3, 20, 29.7, 1312.4, 1437.8, 1608.5, 1698.2, 19.1, 2, 30.2, 7.9, 17.2, 1.9, 0.7, 5.1, 0.1, 1.2, 35, 118.2, 56.5, 69.8, 0.2, -0.5, 0, -0.1, 2.9, 3.8, -2.5, 0, 4.77, 4.52, 2.4, 71, 1.2, 3, 1.7, 297.9, 0.19, 0, 
15, eco6, 5, 62055, -133.7, 7319.5, 23747.6, 398, 39.8, 114.8, 173.5, 13.17, 447.4, 11, 787.8, 78.8, 10378.1, 1037.8, 4491.4, 287.4, 128.6, 186.5, 16, 29, 1369.1, 1723.5, 1834.2, 2392.7, 23.4, 2.3, 35, 5.6, 18.6, 1.5, 0.7, 5.2, 0.1, 1.2, 37.1, 135.6, 70.6, 97.3, 0.1, -0.4, 0, -0.1, 2.4, 4.3, -2.3, 0, 4.4, 3.13, 2.21, 30.7, 0.5, 3, 2.1, 360.9, 0.22, 0, 
15, eco7, 6, 34375, -77.1, 8124.8, 24307.8, 345.7, 34.6, 104.8, 176.7, 15.27, 495.6, 11.5, 752.2, 75.2, 10671.4, 1067.1, 4801.5, 308.3, 131.3, 185.3, 15.2, 28.1, 1472.5, 1930.7, 2010.7, 2711, 23, 2.3, 38.2, 5.9, 20.5, 1.7, 0.7, 5.6, 0.1, 1.2, 41.3, 150.6, 79.4, 110, 0.1, -0.3, 0, -0.1, 2.4, 4.6, -2.3, 0, 4.7, 3.49, 2.87, 11.4, 0.2, 2.5, 2, 404.1, 0.26, 0, 
15, eco8, 7, 8287, -88.6, 7619.6, 22758.2, 317.8, 31.8, 96.9, 165.4, 17.24, 467, 10, 696.8, 69.7, 9999, 999.9, 4675.6, 302.8, 125.3, 180.3, 14.2, 26.2, 1535, 1960.3, 1913.9, 2210.5, 21.2, 2.1, 35.6, 5.4, 20, 1.6, 0.6, 6.1, 0.1, 1.1, 47.4, 143.2, 75.4, 89.7, 0.1, -0.2, 0, -0.1, 2.4, 3.8, -1.9, 0, 4.44, 5.07, 3.19, 23.9, 0.4, 2.6, 1.9, 381, 0.29, 0, 
15, eco9, 8, 336, -125.9, 5740.2, 17838.6, 268.3, 26.8, 84.3, 130.4, 12.54, 351.9, 6.4, 580.2, 58, 7806.5, 780.7, 3464.4, 238.1, 126.6, 161.6, 13, 23.2, 1202, 1511, 1377.7, 1649.5, 17, 1.7, 26.7, 4.1, 14.5, 1.2, 0.6, 5.6, 0.1, 1, 38.4, 106.7, 54.8, 66.8, 0.1, -0.1, 0, 0, 1.6, 2.3, -1.1, 0, 4.35, 3.37, 2.09, 3.2, 0.1, 2.1, 1.5, 286.6, 0.21, 0, 
15, eco10, 9, 18, -62, 2566.8, 7145.1, 108.2, 10.8, 32.8, 53.7, 8.46, 157.7, 2.2, 222.5, 22.2, 3131, 313.1, 1385.3, 100.9, 60.7, 74.9, 5.8, 10.2, 513.8, 698, 669.6, 685.5, 6.4, 0.6, 10.7, 1.7, 5.8, 0.5, 0.3, 3, 0, 0.4, 17.9, 47.2, 26.7, 27.9, 0, 0, 0, 0, 0.6, 0.7, -0.4, 0, 4.21, 1.26, 0.76, 0, 0, 0.9, 0.6, 131.9, 0.14, 0, 
20, eco1, 0, 5609, -113.7, 3817.5, 11358.3, 275.7, 27.6, 68.8, 87.4, 18.2, 248.1, 6.1, 401.1, 40.1, 4928.3, 492.8, 1704.9, 128.5, 72.4, 100.3, 14.1, 16.9, 633, 1071.5, 880.3, 1232.7, 9.7, 1.1, 13.3, 5.4, 6, 1.3, 0.4, 2.9, 0.1, 0.7, 18.9, 88.5, 31.3, 50.3, 0.1, -0.3, 0, 0, 1.9, 1.6, -1.4, 0, 4.68, 5.29, 1.17, 6.1, 0.1, 2.2, 0.8, 211.3, 0.31, 0, 
20, eco2, 1, 36603, -170.3, 5869.1, 21575.5, 460.7, 46.1, 124.4, 171.4, 13.86, 363.9, 10.7, 704.6, 70.5, 9441.8, 944.2, 3150.8, 267.4, 115.2, 160.2, 23.9, 26.8, 1041.6, 1325.6, 1367.2, 2134.7, 16.6, 1.9, 24.5, 10.8, 10.8, 2.8, 0.6, 4.5, 0.1, 1.2, 25.8, 116.3, 46.5, 87.8, 0.2, -0.6, 0, 0, 2.7, 3.9, -2.5, 0, 4.55, 3.78, 3.42, 6.8, 0.1, 3.5, 1.3, 296.7, 0.25, 0, 
20, eco3, 2, 41420, -143.6, 7685, 26623, 500.4, 50, 133.7, 214.1, 15.24, 467.7, 12.9, 757, 75.7, 11766.2, 1176.6, 4249, 358.6, 132.7, 184.7, 28.8, 32.5, 1301.6, 1677.2, 1785.3, 2920.9, 17.8, 2, 30.7, 12.9, 14.6, 3.6, 0.7, 5.1, 0.1, 1.4, 31.3, 150, 62.2, 120.2, 0.2, -0.7, 0, -0.1, 3.2, 4.8, -3, 0, 4.96, 4.35, 5.09, 17.2, 0.3, 3.8, 1.4, 386.2, 0.28, 0, 
20, eco4, 3, 45644, -86.8, 6882.6, 26513.5, 447.8, 44.8, 117.2, 214.5, 12.36, 426.2, 12.5, 666.2, 66.6, 11802.8, 1180.3, 4784.2, 382.9, 139.4, 192.9, 28.4, 34.3, 1383.3, 1635, 1803.9, 2060.4, 15.8, 1.8, 31.6, 11.9, 16.8, 3.5, 0.7, 5.3, 0.1, 1.4, 33.3, 144.7, 61.4, 85.5, 0.2, -0.7, 0, -0.1, 3.2, 4.5, -3.1, 0, 5.31, 6.02, 4.61, 54.6, 0.7, 3.2, 1.3, 344.8, 0.23, 0, 
20, eco5, 4, 41067, -113.8, 5962.7, 23914.7, 393.1, 39.3, 113.9, 186.6, 11.21, 366.9, 9.3, 665, 66.5, 10578, 1057.8, 4594.8, 327.3, 122.6, 187.3, 21.1, 31.2, 1345.4, 1359.4, 1558.4, 1699.5, 17.2, 1.8, 30.5, 8.1, 17, 2.3, 0.6, 4.6, 0.1, 1.3, 31.4, 120, 50.7, 70.3, 0.2, -0.6, 0, -0.1, 2.6, 3.4, -2.3, 0, 5.26, 6.44, 4.29, 72.2, 1, 2.7, 1.5, 290.1, 0.21, 0, 
20, eco6, 5, 62055, -105.9, 7156.3, 24139.9, 387.9, 38.8, 112.8, 177.2, 13.1, 437.6, 10.4, 775.9, 77.6, 10574.1, 1057.4, 4717.5, 331.6, 129, 197.3, 18.1, 32.8, 1423.3, 1606.5, 1733.3, 2393.2, 23.1, 2.3, 35.7, 5.8, 19, 1.8, 0.7, 4.6, 0.1, 1.4, 34, 135.8, 62.7, 97.7, 0.2, -0.6, 0, -0.1, 2.4, 4.3, -2.3, 0, 4.92, 7.92, 4.45, 26.9, 0.4, 2.9, 2.1, 350, 0.24, 0, 
20, eco7, 6, 34375, -77, 7946.1, 24422.7, 350.7, 35.1, 102.4, 177.9, 13.71, 483.8, 10.4, 741.5, 74.2, 10736.7, 1073.7, 5114.7, 358.5, 143.8, 208.1, 18.8, 34.7, 1521, 1806.7, 1907.1, 2711.4, 22.7, 2.3, 38.5, 5.9, 21.3, 1.9, 0.7, 5.1, 0.1, 1.5, 38, 150, 71.7, 110.4, 0.2, -0.5, 0, -0.1, 2.3, 4.3, -2.1, 0, 5.22, 8.16, 4.98, 13.1, 0.2, 2.6, 2, 391.2, 0.25, 0, 
20, eco8, 7, 8287, -77, 7391.6, 23231.8, 322.3, 32.2, 101, 168.5, 15.48, 455.1, 9.6, 729.9, 73, 10184.4, 1018.4, 4977.5, 348.3, 138.6, 196.8, 17.4, 32.2, 1550.3, 1810.5, 1819.8, 2211.1, 22.3, 2.2, 36.4, 5.6, 20.7, 1.9, 0.7, 5.1, 0.1, 1.4, 42.4, 142.2, 68.4, 90.1, 0.1, -0.4, 0, -0.1, 2.3, 3.9, -1.9, 0, 4.9, 8.89, 5.51, 15.1, 0.3, 2.5, 2, 366, 0.28, 0, 
20, eco9, 8, 336, -104.1, 5582.4, 18370.7, 272.1, 27.2, 87.3, 134, 12.02, 344.3, 6.7, 605.3, 60.5, 8021.1, 802.1, 3763.7, 274.3, 135.2, 174.7, 15.1, 27.1, 1225.5, 1389.4, 1317.9, 1649.6, 17.8, 1.8, 27.6, 4.3, 15.3, 1.4, 0.7, 4.7, 0.1, 1.1, 34.9, 105.7, 49.8, 67.1, 0.1, -0.3, 0, -0.1, 1.6, 2.7, -1.3, 0, 4.82, 8.27, 4.03, 21, 0.4, 2.1, 1.6, 276.1, 0.22, 0, 
20, eco10, 9, 18, -55.6, 2505.7, 7450.2, 108.4, 10.8, 35.5, 55.8, 8.3, 155.8, 2.2, 242.3, 24.2, 3245, 324.5, 1538.4, 119, 68.9, 82.6, 7.2, 12.7, 522.5, 661, 636.4, 685.8, 7, 0.7, 11.2, 1.8, 6.3, 0.6, 0.3, 2.5, 0, 0.5, 16.4, 47.9, 24.2, 28, 0, -0.1, 0, 0, 0.6, 0.8, -0.4, 0, 4.78, 3.22, 1.6, 8, 0.3, 0.8, 0.6, 128.3, 0.14, 0, 
25, eco1, 0, 5609, -116.4, 3795.2, 12400.4, 279.8, 28, 77.5, 95.3, 18.43, 248.1, 5.9, 440.8, 44.1, 5380.6, 538.1, 1780.8, 152, 70.2, 96.9, 13.9, 16.6, 646.5, 1046.2, 869.5, 1233, 10.7, 1.2, 14.5, 5.9, 6, 1.6, 0.4, 2.7, 0.1, 0.7, 16.9, 90, 28.4, 50.5, 0.1, -0.3, 0, 0, 1.7, 1.9, -1.4, 0, 4.3, 5.13, 1.12, 5.2, 0.1, 2.2, 0.9, 208.2, 0.31, 0, 
25, eco2, 1, 36603, -133.5, 5838.8, 22764.7, 420.1, 42, 126.8, 181, 13.89, 360, 10, 709.8, 71, 9995.7, 999.6, 3269.4, 306.9, 106.7, 147.8, 23, 25.6, 1079.2, 1260.2, 1363.7, 2135.7, 16.7, 1.9, 25.9, 11.5, 10.6, 3.3, 0.5, 4.1, 0.1, 1.1, 23.9, 116.2, 42, 88.3, 0.2, -0.5, 0, 0, 2.5, 3.9, -2.7, 0, 4.56, 3.69, 3.43, 7.7, 0.1, 3.1, 1.3, 290.2, 0.25, 0, 
25, eco3, 2, 41420, -108.5, 7588.9, 27616.1, 447.8, 44.8, 137.1, 223, 15.11, 460, 11.8, 764, 76.4, 12226.3, 1222.6, 4326.9, 405, 116.9, 163.6, 26.2, 29.2, 1326.8, 1590.8, 1749.2, 2922.1, 17.9, 2, 31.9, 13.5, 14.1, 4.1, 0.6, 4.5, 0.1, 1.3, 28, 149.9, 56.1, 120.9, 0.2, -0.6, 0, -0.1, 2.8, 4.7, -3.2, 0, 4.87, 4.23, 5.02, 20.4, 0.3, 3.2, 1.4, 376.5, 0.28, 0, 
25, eco4, 3, 45644, -86.8, 6792.4, 27280.8, 413.4, 41.3, 126.9, 222.2, 12.04, 418.9, 10.9, 704.1, 70.4, 12125.6, 1212.6, 4797.1, 428.7, 113.9, 161.6, 24.9, 29.6, 1395.8, 1558.3, 1775.4, 2062.9, 16.7, 1.8, 32.5, 12.3, 16.1, 4, 0.6, 4.3, 0.1, 1.2, 29.1, 146.1, 55.6, 86.2, 0.2, -0.5, 0, -0.1, 2.7, 4.3, -3.1, 0, 5.07, 5.84, 4.57, 57.7, 0.7, 3, 1.4, 335.4, 0.22, 0, 
25, eco5, 4, 41067, -100.8, 5909.7, 24574.6, 374.4, 37.4, 121.4, 193.1, 9.97, 359.5, 8.7, 693.4, 69.3, 10859.9, 1086, 4643.2, 367.1, 113.5, 172.1, 20.5, 30.1, 1371.7, 1292.2, 1544.8, 1701, 17.8, 1.9, 31.3, 8.4, 16.4, 2.7, 0.6, 4.1, 0.1, 1.2, 28, 120.5, 45.8, 70.8, 0.2, -0.6, 0, -0.1, 2.3, 3.5, -2.4, 0, 5.14, 6.12, 3.87, 72.6, 0.9, 2.6, 1.6, 281, 0.18, 0, 
25, eco6, 5, 62055, -85.2, 7052.6, 24580.5, 371.4, 37.1, 119.9, 180.8, 13, 429.5, 10, 812.2, 81.2, 10745.3, 1074.5, 4889.7, 368, 129.1, 199.9, 18.6, 33.5, 1485.3, 1500.7, 1673.1, 2393.6, 24.1, 2.4, 36.3, 5.9, 19.1, 2, 0.7, 4.3, 0.1, 1.4, 31.5, 134.4, 56.3, 98.1, 0.2, -0.6, 0, -0.1, 2.2, 4.4, -2.4, 0, 4.54, 7.43, 4.43, 37, 0.4, 2.7, 2.2, 339.7, 0.24, 0, 
25, eco7, 6, 34375, -77.7, 7793, 24851.7, 348.8, 34.9, 113.4, 180.7, 13.74, 473.8, 9.9, 809.1, 80.9, 10871.8, 1087.2, 5241.9, 392.5, 126.7, 197.9, 18.4, 33.8, 1579.2, 1673.9, 1828.2, 2711.7, 24.7, 2.5, 39.1, 6, 21.3, 2.1, 0.6, 4.4, 0.1, 1.5, 34.7, 148, 64.2, 110.8, 0.1, -0.5, 0, -0.1, 2.1, 4.4, -2.3, 0, 4.86, 7.58, 5.02, 21.7, 0.3, 2.6, 2.2, 378, 0.25, 0, 
25, eco8, 7, 8287, -61.9, 7225, 23686.4, 309.7, 31, 107.6, 171.4, 14.79, 444.5, 9.1, 772.9, 77.3, 10352.9, 1035.3, 5173.5, 383, 133.9, 199, 18, 33.2, 1592.5, 1669.1, 1751.9, 2211.6, 23.6, 2.4, 37.1, 5.7, 21.1, 2, 0.7, 4.5, 0.1, 1.4, 38.2, 140.3, 62, 90.5, 0.1, -0.5, 0, -0.1, 2.1, 4, -2.1, 0, 4.81, 8.17, 5.29, 19.4, 0.3, 2.2, 2.1, 352.5, 0.27, 0, 
25, eco9, 8, 336, -89.2, 5516.2, 18760.9, 263.1, 26.3, 91.8, 136.8, 11.47, 338.3, 6.5, 633.5, 63.3, 8176.5, 817.7, 4066.1, 305.3, 133.7, 180.2, 16, 28.7, 1282.9, 1285.5, 1297.8, 1649.9, 18.6, 1.9, 28.3, 4.4, 16.1, 1.6, 0.7, 4.3, 0.1, 1.2, 32.2, 104.5, 45.5, 67.3, 0.1, -0.3, 0, -0.1, 1.5, 2.7, -1.4, 0, 4.68, 7.59, 3.88, 3.3, 0.1, 1.9, 1.7, 267.4, 0.21, 0, 
25, eco10, 9, 18, -53.1, 2445.7, 7553.1, 110.2, 11, 37.5, 56.8, 8.78, 153.7, 2.2, 256.2, 25.6, 3291.5, 329.1, 1703.9, 134.9, 70.1, 83.9, 7.7, 13.6, 523.7, 622.9, 613.2, 685.9, 7.4, 0.7, 11.4, 1.8, 6.7, 0.7, 0.4, 2.2, 0, 0.6, 14.4, 48.1, 22.3, 28.1, 0, -0.1, 0, 0, 0.5, 0.8, -0.5, 0, 3.96, 3.05, 1.65, 59.7, 1.4, 0.8, 0.7, 124.8, 0.15, 0, 
30, eco1, 0, 5609, -126, 3812.5, 13122.2, 278.5, 27.9, 76.7, 101.1, 18.28, 248, 5.5, 437.6, 43.8, 5725, 572.5, 1892.9, 177.3, 79.1, 100.8, 15, 18.2, 663.6, 1030.3, 885.1, 1233.6, 10.6, 1.2, 15.4, 6.3, 6.1, 1.9, 0.4, 2.8, 0.1, 0.8, 15.6, 91.3, 26.5, 50.7, 0.1, -0.3, 0, 0, 1.4, 2.1, -1.6, 0, 4.65, 3.08, 0.64, 2.5, 0, 2.1, 0.9, 206.5, 0.31, 0, 
30, eco2, 1, 36603, -87, 5842.1, 23493.3, 403, 40.3, 119.7, 187.8, 12.84, 355.4, 11.3, 671.6, 67.2, 10377.4, 1037.7, 3388.3, 345.3, 106.1, 141.4, 22.6, 25, 1102.2, 1219.5, 1383.6, 2136.8, 15.8, 1.8, 26.9, 12, 10.5, 3.7, 0.5, 3.9, 0.1, 1.1, 22.2, 116.6, 38.6, 88.8, 0.2, -0.5, 0, 0, 2.3, 5.1, -3.6, 0, 4.94, 2.2, 1.71, 5.3, 0.1, 3, 1.3, 284.8, 0.22, 0, 
30, eco3, 2, 41420, -33.5, 7548.3, 27972.7, 428.9, 42.9, 127.3, 227.9, 14, 452, 14, 711.2, 71.1, 12447, 1244.7, 4425, 450, 111.7, 153.5, 25, 27.6, 1342.2, 1532.4, 1750.3, 2923.4, 16.7, 1.9, 32.5, 13.8, 13.8, 4.7, 0.6, 4.2, 0.1, 1.2, 25.5, 150, 51.6, 121.6, 0.2, -0.6, 0, -0.1, 2.7, 6.5, -4.6, 0, 5.3, 2.53, 2.47, 19.1, 0.2, 3.1, 1.3, 368.7, 0.24, 0, 
30, eco4, 3, 45644, -25.6, 6753.1, 27400.7, 407.7, 40.8, 119.6, 225.6, 11.25, 411.7, 13.1, 666.7, 66.7, 12220.3, 1222, 4853.6, 473.3, 109.9, 152.5, 23.7, 28, 1406.2, 1506.7, 1774.9, 2065.3, 15.8, 1.7, 32.8, 12.5, 15.6, 4.5, 0.6, 4, 0.1, 1.2, 26.1, 147.1, 51.3, 87, 0.2, -0.5, 0, -0.1, 2.5, 6.1, -4.6, 0, 5.53, 3.61, 2.29, 48.7, 0.5, 3, 1.3, 328.7, 0.19, 0, 
30, eco5, 4, 41067, -62.4, 5937.9, 24675.5, 383.2, 38.3, 114.8, 196, 8.7, 353.4, 10.4, 660.6, 66.1, 10940.4, 1094, 4716, 408.1, 106.7, 164.4, 20.4, 29.9, 1403.6, 1255, 1576.5, 1702.8, 16.9, 1.8, 31.6, 8.6, 16.1, 3, 0.5, 3.9, 0.1, 1.2, 25.9, 121.4, 42.4, 71.3, 0.2, -0.6, 0, -0.1, 2.2, 4.8, -3.7, 0, 5.56, 3.7, 1.93, 60.6, 0.7, 2.7, 1.5, 275.4, 0.15, 0, 
30, eco6, 5, 62055, -41.6, 7022.6, 24461.3, 367.2, 36.7, 112.9, 181.1, 13, 420.7, 11, 769.5, 76.9, 10732.3, 1073.2, 5074.6, 399.9, 124, 198.9, 18.4, 33.2, 1558.9, 1420.1, 1649.7, 2393.9, 22.8, 2.3, 36.3, 5.9, 19.3, 2.2, 0.6, 4.2, 0.1, 1.4, 30.1, 133, 51, 98.5, 0.2, -0.7, 0, -0.1, 2.2, 5.2, -3.1, 0, 4.85, 4.08, 2.61, 31.6, 0.3, 2.7, 2, 331.9, 0.22, 0, 
30, eco7, 6, 34375, -42, 7739.6, 24893.3, 347, 34.7, 112.1, 181.5, 12.88, 464.1, 10.5, 800.4, 80, 10896.5, 1089.6, 5457.2, 426.6, 134, 206.5, 19.6, 35.8, 1653.7, 1576.9, 1797, 2712, 24.4, 2.4, 39.2, 6.1, 21.8, 2.3, 0.7, 4.4, 0.1, 1.5, 32.8, 145.7, 58.5, 111.2, 0.2, -0.6, 0, -0.1, 2.2, 4.8, -2.7, 0, 5.17, 3.38, 2.8, 15.2, 0.2, 2.6, 2.2, 367.8, 0.22, 0, 
30, eco8, 7, 8287, -19, 7172.9, 23737.5, 332.4, 33.2, 105.4, 172.4, 13.68, 435.2, 10.8, 764.1, 76.4, 10386.3, 1038.6, 5426.7, 418, 136.6, 208.5, 19.4, 35.6, 1662, 1566.7, 1732.2, 2212, 23.3, 2.3, 37.4, 5.7, 21.7, 2.3, 0.7, 4.5, 0.1, 1.5, 35.7, 138.4, 57, 90.8, 0.2, -0.6, 0, -0.1, 2.3, 4.8, -2.8, 0, 5.05, 4.24, 2.71, 15.1, 0.2, 2.6, 2.1, 342.4, 0.23, 0, 
30, eco9, 8, 336, -37.9, 5485.1, 18903.3, 283.4, 28.3, 89.2, 138.4, 10.77, 332, 8.5, 624.2, 62.4, 8254.7, 825.5, 4309.2, 335.4, 131.5, 186.4, 16.7, 30, 1335.8, 1211.4, 1287.9, 1650, 18.4, 1.8, 28.7, 4.5, 16.7, 1.8, 0.7, 4.2, 0.1, 1.3, 30.3, 103.3, 41.9, 67.5, 0.2, -0.5, 0, -0.1, 1.8, 3.8, -2.2, 0, 4.77, 6.04, 2.13, 68.8, 0.9, 2.1, 1.6, 260, 0.18, 0, 
30, eco10, 9, 18, -50.2, 2447.3, 7727.8, 108.9, 10.9, 37.5, 58.3, 8.74, 153, 2.2, 257.9, 25.8, 3377.5, 337.7, 1839.8, 151.6, 79.9, 94, 8.7, 15.5, 557.7, 597.1, 606.4, 686.1, 7.5, 0.7, 11.8, 1.9, 7.1, 0.8, 0.4, 2.2, 0, 0.6, 14, 48, 20.8, 28.2, 0, -0.1, 0, 0, 0.5, 0.9, -0.4, 0, 4.24, 1.01, 0.83, 0, 0, 0.8, 0.7, 123.2, 0.15, 0, 
35, eco1, 0, 5609, -98.9, 3834.8, 13822.4, 228, 22.8, 76.3, 106.2, 18.25, 248.5, 4.3, 433.1, 43.3, 6061.4, 606.1, 2020.8, 200, 83.5, 105.8, 14.9, 18, 691.3, 1017.7, 891.9, 1233.9, 10.6, 1.1, 16.3, 6.7, 6.3, 2.1, 0.4, 3, 0.1, 0.8, 15, 92.1, 24.9, 50.9, 0.1, -0.3, 0, 0, 1.1, 1.6, -1.3, 0, 3.82, 2.05, 0.46, 3.3, 0, 1.6, 0.8, 205.5, 0.31, 0, 
35, eco2, 1, 36603, -106.6, 5852.3, 24042.6, 349, 34.9, 113.6, 192.3, 13.97, 354.1, 7.9, 635.9, 63.6, 10672, 1067.2, 3532.7, 381.5, 108.7, 141.4, 22.3, 24.8, 1125.6, 1191.6, 1397.5, 2137.6, 14.9, 1.7, 27.7, 12.3, 10.5, 4.2, 0.6, 3.9, 0.1, 1.1, 21.1, 116.7, 36, 89.3, 0.1, -0.4, 0, 0, 1.8, 3.4, -2.6, 0, 4.09, 1.81, 1.72, 4.6, 0.1, 2.5, 1.2, 282.7, 0.24, 0, 
35, eco3, 2, 41420, -82.5, 7493.5, 28153.1, 377.6, 37.8, 120.6, 230.2, 16.87, 448.8, 9.9, 672.9, 67.3, 12570.7, 1257.1, 4494.9, 488.9, 114.3, 150.8, 23.8, 26.3, 1347.3, 1485.5, 1736.4, 2924.3, 15.8, 1.8, 32.8, 14, 13.6, 5.2, 0.6, 4.1, 0.1, 1.1, 23.6, 149.1, 47.9, 122.2, 0.1, -0.4, 0, 0, 2, 4.6, -3.3, 0, 4.07, 1.23, 1.34, 22.2, 0.2, 2.6, 1.3, 365.7, 0.29, 0, 
35, eco4, 3, 45644, -68.5, 6705.4, 27418.5, 363.3, 36.3, 113.9, 227.1, 12.97, 408, 9.5, 637.3, 63.7, 12260.4, 1226, 4878.7, 510.4, 111.2, 149, 22.5, 26.7, 1408.4, 1464, 1765.7, 2067.4, 15.1, 1.7, 32.9, 12.6, 15.2, 5, 0.6, 3.9, 0.1, 1.1, 23.9, 147.3, 47.9, 87.7, 0.1, -0.4, 0, -0.1, 2, 4.3, -3.4, 0, 4.22, 1.89, 1.47, 52.9, 0.5, 2.5, 1.2, 325.5, 0.22, 0, 
35, eco5, 4, 41067, -72.7, 5895.9, 24746.2, 350.5, 35, 109, 197.7, 9.89, 349.6, 8.6, 634, 63.4, 11004.9, 1100.5, 4725.8, 434.4, 106.7, 159.2, 18.3, 26.7, 1418.7, 1218.7, 1554.5, 1703.9, 16.2, 1.7, 31.8, 8.7, 15.7, 3.3, 0.5, 3.7, 0.1, 1.1, 24.1, 121.7, 39.2, 71.8, 0.1, -0.5, 0, -0.1, 1.9, 4, -3.2, 0, 4.25, 2.48, 1.43, 69.5, 0.7, 2.4, 1.4, 272.2, 0.17, 0, 
35, eco6, 5, 62055, -108.6, 7059.5, 24655.6, 396.4, 39.6, 111.8, 183.6, 12.49, 416, 8.6, 769, 76.9, 10824.6, 1082.5, 5216.4, 435.1, 130.8, 206.5, 20.1, 36.1, 1627.2, 1366.4, 1671.7, 2394.2, 22.6, 2.3, 36.7, 6, 19.5, 2.4, 0.7, 4.3, 0.1, 1.5, 29.3, 131.6, 47.7, 98.8, 0.2, -0.7, 0, -0.1, 2.1, 3.7, -2.4, 0, 3.99, 2.83, 2.3, 28.6, 0.3, 3, 2, 326.5, 0.22, 0, 
35, eco7, 6, 34375, -33, 7720.2, 24863, 351.1, 35.1, 109.4, 182.1, 14.34, 458, 10.5, 784.5, 78.4, 10907.5, 1090.7, 5545.1, 455, 134.1, 209.6, 19.7, 35.9, 1724.3, 1500.1, 1783.9, 2712, 23.8, 2.4, 39.3, 6.1, 21.8, 2.5, 0.7, 4.4, 0.1, 1.5, 31.7, 143.7, 54.1, 111.6, 0.2, -0.6, 0, -0.1, 2.1, 5, -3.1, 0, 4.17, 3.24, 2.46, 14, 0.2, 2.7, 2.1, 362, 0.25, 0, 
35, eco8, 7, 8287, -78.1, 7137.2, 23716.5, 303.2, 30.3, 103.2, 172.7, 14.88, 428.8, 7.4, 744.2, 74.4, 10409.6, 1041, 5565.1, 445.6, 142.3, 213.4, 19.5, 35.8, 1728.4, 1480.3, 1716.3, 2212.2, 22.7, 2.3, 37.5, 5.8, 21.9, 2.4, 0.7, 4.5, 0.1, 1.5, 33.9, 136.6, 52.8, 91.1, 0.1, -0.5, 0, -0.1, 1.7, 3.3, -2, 0, 4.16, 2.72, 2.6, 3.1, 0, 2.2, 2, 336.2, 0.26, 0, 
35, eco9, 8, 336, -85.7, 5486.8, 19332.2, 278.4, 27.8, 90.7, 141.7, 11.56, 328.7, 6.4, 633.8, 63.4, 8442.7, 844.3, 4338, 358.9, 130.7, 185.8, 16.8, 30.1, 1394.9, 1146.8, 1295.2, 1650, 18.7, 1.9, 29.6, 4.7, 16.6, 1.9, 0.7, 4, 0.1, 1.3, 28.8, 102.2, 39, 67.7, 0.1, -0.4, 0, 0, 1.5, 2.9, -1.8, 0, 4.02, 2.77, 1.68, 0, 0, 2, 1.7, 255.3, 0.2, 0, 
35, eco10, 9, 18, -58.6, 2460, 8042.1, 130.6, 13.1, 38.3, 60.1, 9.18, 152.7, 2.6, 266.6, 26.7, 3475.1, 347.5, 1963.1, 167.2, 82.6, 101.1, 9.3, 16.5, 592.6, 575.1, 606.1, 686.2, 7.8, 0.8, 12.2, 1.9, 7.5, 0.9, 0.4, 2.3, 0, 0.7, 13.6, 47.7, 19.5, 28.3, 0.1, -0.2, 0, 0, 0.5, 1.1, -0.6, 0, 3.22, 1.52, 0.84, 15.2, 0.4, 1, 0.7, 121.6, 0.15, 0, 
40, eco1, 0, 5609, -127.8, 3880.1, 14273.7, 246.5, 24.6, 75.9, 110.4, 17.91, 248.9, 3.9, 425.5, 42.5, 6281.1, 628.1, 2186.7, 222.6, 85.1, 105.5, 15.1, 18.4, 718.1, 1009, 918.6, 1234.4, 10.4, 1.1, 16.8, 7, 6.6, 2.4, 0.4, 3, 0.1, 0.8, 14.6, 93, 23.7, 51.1, 0.1, -0.2, 0, 0, 1, 1.5, -1.2, 0, 4, 1.18, 0.35, 4.3, 0.1, 1.8, 0.8, 204.6, 0.3, 0, 
40, eco2, 1, 36603, -92.7, 5885.1, 24237.7, 336.8, 33.7, 107.6, 194.9, 14.09, 352.1, 8, 599.1, 59.9, 10800.2, 1080, 3698.8, 414.6, 105.9, 134.4, 21.7, 24.1, 1141.4, 1175.4, 1429.6, 2138.6, 14.1, 1.6, 28, 12.5, 10.7, 4.6, 0.5, 3.8, 0.1, 1, 20.1, 117.1, 34.1, 89.8, 0.1, -0.4, 0, 0, 1.7, 3.7, -2.9, 0, 4.14, 0.76, 0.87, 4.9, 0.1, 2.4, 1.1, 280.6, 0.24, 0, 
40, eco3, 2, 41420, -13.7, 7485.1, 27909.3, 358.5, 35.9, 113.4, 229.9, 16.63, 443, 11.3, 628.8, 62.9, 12499.3, 1249.9, 4640.7, 522.6, 103.7, 139, 22.4, 24.7, 1355.9, 1452.3, 1751.6, 2925.3, 14.7, 1.7, 32.6, 14, 13.6, 5.6, 0.5, 3.8, 0.1, 1.1, 22.2, 148.6, 45, 122.9, 0.1, -0.5, 0, 0, 2.1, 5.6, -4.3, 0, 4.25, 1, 1.36, 21, 0.2, 2.5, 1.2, 360.9, 0.28, 0, 
40, eco4, 3, 45644, 3.7, 6710, 26738.9, 336.6, 33.7, 107.2, 223.7, 12.71, 402.4, 10.7, 589.8, 59, 11986.7, 1198.7, 5057.8, 544.1, 103.7, 140.8, 21.5, 25.3, 1420, 1434.5, 1785.8, 2069.6, 13.9, 1.5, 32.1, 12.5, 15.4, 5.4, 0.5, 3.8, 0.1, 1.1, 22.4, 147.5, 45.2, 88.3, 0.1, -0.4, 0, -0.1, 2, 5.3, -4.3, 0, 4.36, 1.78, 1.38, 63.3, 0.6, 2.4, 1.1, 321.6, 0.22, 0, 
40, eco5, 4, 41067, 23.6, 5988.1, 23296.7, 259, 25.9, 97, 187.8, 9.05, 343.4, 7.9, 545.2, 54.5, 10409.5, 1040.9, 5124.1, 469.4, 102.6, 156.7, 19.1, 27.7, 1463.2, 1198.7, 1620.6, 1705.6, 13.7, 1.4, 30, 8.4, 16.6, 3.6, 0.5, 3.9, 0.1, 1.1, 23.4, 122.2, 37.1, 72.3, 0.1, -0.5, 0, -0.1, 1.8, 3.6, -3.2, 0, 4.4, 2.09, 1.42, 76, 0.7, 1.6, 1.2, 269.6, 0.16, 0, 
40, eco6, 5, 62055, -4.7, 7173.7, 22180.6, 232.7, 23.3, 96.7, 165.6, 12.02, 409.1, 7.2, 636.7, 63.7, 9793.8, 979.4, 6166.3, 467.8, 150.5, 233.8, 19.9, 35.5, 1745.2, 1330.5, 1703.6, 2394.3, 18.5, 1.9, 33.2, 5.5, 22.5, 2.6, 0.8, 5.5, 0.1, 1.5, 30.1, 131.2, 44.8, 99.1, 0.1, -0.4, 0, -0.1, 1.3, 3.5, -2.7, 0, 3.9, 1.38, 1.61, 36, 0.4, 1.2, 1.7, 325, 0.21, 0, 
40, eco7, 6, 34375, -12.8, 7817.6, 22329.2, 276.2, 27.6, 97, 164.2, 12.63, 449, 8.5, 674.9, 67.5, 9826.8, 982.7, 6571.6, 487.1, 155.2, 241.9, 20.1, 36.4, 1850.8, 1447.4, 1807.5, 2711.9, 20.2, 2, 35.4, 5.5, 25.3, 2.7, 0.8, 5.8, 0.1, 1.5, 32.4, 142.3, 50.4, 111.9, 0.1, -0.5, 0, -0.1, 1.6, 4.2, -2.8, 0, 4.18, 1.86, 1.84, 16.5, 0.2, 1.9, 1.8, 357.8, 0.21, 0, 
40, eco8, 7, 8287, -4.8, 7209.5, 21480.2, 233.6, 23.4, 91.3, 156.5, 13.31, 420.3, 7.3, 646.1, 64.6, 9447.1, 944.7, 6532.4, 477.4, 161, 244.1, 20, 36.3, 1838.2, 1421.8, 1737.2, 2212.3, 19.5, 1.9, 34, 5.3, 25.3, 2.6, 0.8, 5.8, 0.1, 1.6, 34, 135.3, 49.3, 91.4, 0.1, -0.4, 0, -0.1, 1.4, 3.4, -2.3, 0, 4.12, 1.76, 1.61, 33.9, 0.4, 1.4, 1.7, 331.7, 0.22, 0, 
40, eco9, 8, 336, -43.2, 5580.4, 17686.3, 236.6, 23.7, 81.3, 130.1, 10.39, 324, 6.1, 556.3, 55.6, 7745.1, 774.5, 5217.5, 386.7, 149.3, 217.7, 17.4, 30.8, 1498.2, 1104.3, 1327.9, 1650, 16.1, 1.6, 26.9, 4.3, 19.7, 2.1, 0.8, 5.4, 0.1, 1.3, 29.2, 101.6, 36.6, 67.9, 0.1, -0.4, 0, 0, 1.3, 2.7, -1.9, 0, 4.01, 1.95, 1.1, 13.8, 0.2, 1.6, 1.4, 253.3, 0.17, 0, 
40, eco10, 9, 18, -28.2, 2517.4, 7402.2, 109.3, 10.9, 35.8, 55.9, 9.31, 152.4, 2.6, 246.5, 24.6, 3221.6, 322.2, 2386.1, 182.2, 85.3, 116.3, 9.3, 16.4, 652.8, 557.6, 620.7, 686.3, 7.1, 0.7, 11.2, 1.8, 9.1, 1, 0.4, 3, 0, 0.7, 14.1, 47.5, 18.3, 28.3, 0.1, -0.2, 0, 0, 0.6, 1, -0.7, 0, 3.92, 0.69, 0.66, 0, 0, 0.8, 0.6, 121.7, 0.16, 0, 
45, eco1, 0, 5609, -106.2, 3937.8, 14795.3, 239.9, 24, 76.2, 114.5, 16.78, 249.1, 4.3, 427.9, 42.8, 6525, 652.5, 2256.8, 245.7, 83, 104.7, 15.5, 19.1, 740.5, 1009, 953.2, 1235.1, 10.5, 1.1, 17.5, 7.2, 6.7, 2.7, 0.4, 3, 0.1, 0.8, 14.3, 94, 22.6, 51.4, 0.1, -0.2, 0, 0, 1, 1.8, -1.6, 0, 4.7, 1.53, 0.39, 6.6, 0.1, 1.8, 0.8, 203.4, 0.29, 0, 
45, eco2, 1, 36603, -68.8, 5924.9, 24483.5, 320.3, 32, 103.3, 197.4, 10.97, 348, 8.1, 576.6, 57.7, 10938.8, 1093.9, 3757.4, 446.2, 98.2, 126.6, 21.1, 23.4, 1146.4, 1172.4, 1466.2, 2139.8, 13.6, 1.5, 28.4, 12.7, 10.7, 5, 0.5, 3.5, 0.1, 1, 19.1, 118.2, 32.5, 90.3, 0.1, -0.4, 0, 0, 1.6, 4, -3.4, 0, 4.96, 0.98, 0.99, 9.6, 0.1, 2.3, 1.1, 276.2, 0.19, 0, 
45, eco3, 2, 41420, -27.7, 7463.6, 27820.1, 335.4, 33.5, 109, 230.3, 12.3, 434.2, 10, 603.1, 60.3, 12482.9, 1248.3, 4631.5, 555, 100.7, 131.4, 22, 24.3, 1333.2, 1432.8, 1771.1, 2926.5, 14.1, 1.6, 32.6, 14, 13.3, 6, 0.5, 3.6, 0.1, 1, 20.4, 148.5, 42.6, 123.5, 0.1, -0.4, 0, 0, 1.8, 5, -4.1, 0, 5.14, 0.99, 1.49, 79, 0.7, 2.3, 1.1, 352.7, 0.21, 0, 
45, eco4, 3, 45644, -14, 6708.5, 26551.1, 315.5, 31.6, 103.4, 223.7, 9.72, 395.4, 9.2, 569.2, 56.9, 11918.9, 1191.9, 4986.8, 574.7, 99.9, 132.9, 21.2, 25.1, 1408, 1417, 1811.6, 2071.9, 13.4, 1.5, 31.9, 12.5, 14.8, 5.7, 0.5, 3.5, 0.1, 1.1, 20.8, 147.9, 42.9, 89, 0.1, -0.4, 0, 0, 1.7, 4.6, -3.9, 0, 5.4, 1.71, 1.45, 72.2, 0.6, 2.2, 1.1, 315.5, 0.17, 0, 
45, eco5, 4, 41067, 26.1, 6033.7, 23155.8, 259.5, 25.9, 93.3, 188, 6.99, 338.6, 8.5, 527.5, 52.7, 10360.6, 1036.1, 5015.4, 495.5, 98, 145.3, 18.4, 26.6, 1470.3, 1194.9, 1661.3, 1707.3, 13.3, 1.4, 29.9, 8.5, 16, 3.9, 0.5, 3.5, 0.1, 1.1, 22.1, 123.5, 35.2, 72.8, 0.1, -0.4, 0, -0.1, 1.6, 4.4, -4.2, 0, 5.45, 2.9, 1.33, 70.5, 0.6, 1.6, 1.2, 265.8, 0.12, 0, 
45, eco6, 5, 62055, -11.4, 7265.9, 22089.5, 225.7, 22.6, 94.4, 165.7, 10.01, 402.2, 6.4, 620, 62, 9766, 976.6, 6026.7, 485.9, 134.6, 206.1, 19.1, 34, 1814, 1306.7, 1750.5, 2394.7, 17.9, 1.8, 33.1, 5.5, 21.8, 2.7, 0.7, 4.6, 0.1, 1.4, 29.6, 131.4, 42.2, 99.4, 0.1, -0.4, 0, -0.1, 1.3, 3.1, -2.6, 0, 4.7, 1.64, 1.45, 40.9, 0.4, 1.1, 1.6, 319.3, 0.17, 0, 
45, eco7, 6, 34375, -38.7, 7908, 22310.1, 271.7, 27.2, 97.9, 164.5, 10.11, 440.5, 7.2, 676, 67.6, 9814.3, 981.4, 6368.6, 503.9, 140, 212.3, 19.7, 35.7, 1927.9, 1409.7, 1858.3, 2712.1, 20.1, 2, 35.4, 5.6, 24.4, 2.8, 0.7, 4.8, 0.1, 1.5, 31.8, 141.7, 47.3, 112.2, 0.1, -0.4, 0, -0.1, 1.4, 3.5, -2.7, 0, 5.07, 2.23, 1.71, 18.2, 0.2, 1.8, 1.8, 350.2, 0.17, 0, 
45, eco8, 7, 8287, -25.2, 7284.5, 21381.7, 217.6, 21.8, 90.1, 156, 10.76, 411.6, 5.7, 634.5, 63.4, 9410, 941, 6431.2, 496.3, 148, 220.7, 19.9, 35.9, 1917.9, 1379, 1775, 2212.6, 19, 1.9, 33.9, 5.3, 24.7, 2.7, 0.8, 5, 0.1, 1.5, 33.3, 134.7, 46.2, 91.7, 0.1, -0.4, 0, 0, 1.3, 2.6, -2, 0, 4.97, 2.04, 1.74, 19.5, 0.2, 1.2, 1.7, 324.1, 0.18, 0, 
45, eco9, 8, 336, -26.6, 5639.2, 17784.2, 217, 21.7, 80.5, 131.1, 8.63, 318.2, 5.9, 548.7, 54.9, 7799.2, 779.9, 5062.8, 403.2, 136.5, 195.6, 17, 29.9, 1556.1, 1074.7, 1358.3, 1650.1, 15.8, 1.6, 27.2, 4.4, 19, 2.2, 0.7, 4.6, 0.1, 1.2, 28.6, 101.7, 34.4, 68.2, 0.1, -0.4, 0, -0.1, 1.2, 2.8, -2.2, 0, 4.78, 3.2, 1.34, 31.2, 0.3, 1.4, 1.4, 248, 0.14, 0, 
45, eco10, 9, 18, -32.2, 2548.1, 7545.6, 98.2, 9.8, 36.7, 56.8, 8.95, 150.8, 2.1, 250.6, 25.1, 3282.6, 328.3, 2305.8, 192.1, 81.5, 106.8, 9.2, 16.1, 688.1, 542.4, 631.2, 686.4, 7.2, 0.7, 11.4, 1.8, 8.7, 1.1, 0.4, 2.6, 0, 0.7, 14, 47.6, 17.3, 28.4, 0, -0.1, 0, 0, 0.5, 0.9, -0.6, 0, 4.07, 0.92, 0.74, 0, 0, 0.6, 0.6, 119.9, 0.15, 0, 
50, eco1, 0, 5609, -76.9, 3987.3, 15332.4, 234.5, 23.4, 75.8, 119.1, 15.97, 249.8, 4.7, 424.1, 42.4, 6783.8, 678.4, 2336.2, 266.3, 80.8, 103.4, 15.5, 19.2, 759.3, 1011.8, 980.6, 1235.7, 10.5, 1.1, 18.2, 7.5, 6.8, 2.9, 0.4, 3, 0.1, 0.8, 14.1, 95.2, 21.7, 51.6, 0.1, -0.3, 0, 0, 1.2, 1.8, -1.8, 0, 4.76, 3.12, 0.66, 4.5, 0.1, 1.7, 0.8, 202.8, 0.27, 0, 
50, eco2, 1, 36603, -44.4, 5946.7, 24656.4, 315, 31.5, 99.2, 199.6, 9.04, 345.4, 8.1, 554.3, 55.4, 11042.7, 1104.3, 3818.4, 471.8, 92.3, 120, 20.2, 22.4, 1146, 1172.8, 1486.9, 2140.9, 13, 1.5, 28.6, 12.8, 10.6, 5.3, 0.5, 3.4, 0.1, 1, 18.2, 119.4, 31.2, 90.8, 0.1, -0.4, 0, 0, 1.7, 3.9, -3.6, 0, 5.08, 2.25, 1.68, 4.9, 0, 2.3, 1, 273.5, 0.16, 0, 
50, eco3, 2, 41420, -8.4, 7447.8, 27727.4, 330.8, 33.1, 104.1, 231, 10.12, 428.7, 9.9, 577, 57.7, 12466, 1246.6, 4637.6, 580, 94.8, 125.1, 21.1, 23.4, 1325.6, 1418, 1776.7, 2927.5, 13.5, 1.5, 32.5, 14, 13.1, 6.3, 0.5, 3.4, 0.1, 1, 19.3, 148.4, 40.7, 124.2, 0.1, -0.4, 0, 0, 1.8, 5, -4.3, 0, 5.42, 2.39, 2.4, 18.1, 0.2, 2.3, 1.1, 347.8, 0.18, 0, 
50, eco4, 3, 45644, -17.5, 6691.3, 26297.5, 303, 30.3, 99.3, 223.4, 8.18, 390.3, 8.3, 544.1, 54.4, 11824.8, 1182.5, 4926.7, 599.5, 98.1, 127.9, 20.9, 24.8, 1390.1, 1403.3, 1823.7, 2074.2, 12.9, 1.4, 31.7, 12.4, 14.4, 6, 0.5, 3.4, 0.1, 1, 19.6, 148.1, 40.9, 89.7, 0.1, -0.4, 0, 0, 1.6, 4.1, -3.6, 0, 5.6, 3.23, 2.25, 52, 0.4, 2.1, 1.1, 311.5, 0.15, 0, 
50, eco5, 4, 41067, -35.6, 6040.7, 23093.7, 308.9, 30.9, 93.4, 189.6, 5.76, 334.8, 7.6, 524.9, 52.5, 10334, 1033.4, 4874.4, 514.2, 92.2, 135.8, 17.6, 25.4, 1455.2, 1192.8, 1683.7, 1708.9, 13.1, 1.4, 29.8, 8.5, 15.3, 4.1, 0.5, 3.2, 0.1, 1, 20.8, 124.5, 33.6, 73.3, 0.1, -0.4, 0, 0, 1.6, 3.8, -3.5, 0, 5.6, 3.41, 1.69, 63.5, 0.5, 2.2, 1.2, 262.7, 0.1, 0, 
50, eco6, 5, 62055, 1.8, 7302.4, 22048, 305.8, 30.6, 94, 167.1, 8.85, 396.1, 8.9, 616, 61.6, 9750.6, 975.1, 5809, 492.4, 108.1, 176.6, 16.7, 29.6, 1842.4, 1289.3, 1775.8, 2394.9, 17.7, 1.8, 33.1, 5.5, 20.8, 2.7, 0.6, 3.8, 0.1, 1.2, 28.3, 132, 39.8, 99.8, 0.1, -0.5, 0, -0.1, 1.9, 4.4, -3.7, 0, 4.85, 3.11, 2.11, 33.5, 0.3, 2.2, 1.6, 314.4, 0.15, 0, 
50, eco7, 6, 34375, 10.7, 7927.7, 22047.5, 263.1, 26.3, 92.5, 163.5, 9.41, 433.1, 8.1, 637.6, 63.8, 9729.1, 972.9, 6218.8, 511.8, 127.6, 194.4, 18.1, 32.8, 1967.9, 1379.7, 1868.1, 2712, 18.9, 1.9, 35.1, 5.5, 23.6, 2.9, 0.6, 4.2, 0.1, 1.4, 30.8, 141.6, 44.5, 112.6, 0.1, -0.5, 0, -0.1, 1.7, 4, -3.3, 0, 5.19, 3.38, 2.52, 17.8, 0.2, 1.8, 1.7, 345.2, 0.16, 0, 
50, eco8, 7, 8287, -13.9, 7329, 21307.4, 288.1, 28.8, 89.6, 157, 9.14, 404.9, 8.1, 630.7, 63.1, 9389.4, 938.9, 6325.6, 507.5, 131.2, 199.5, 18.6, 33.6, 1966.1, 1345.2, 1804.9, 2212.9, 18.8, 1.9, 33.9, 5.3, 24.2, 2.8, 0.7, 4.4, 0.1, 1.4, 32.1, 134.7, 43.7, 92, 0.1, -0.5, 0, -0.1, 1.7, 4, -3.2, 0, 5.02, 3.8, 2.18, 31.4, 0.3, 2.2, 1.7, 318.2, 0.16, 0, 
50, eco9, 8, 336, -62.6, 5690.5, 17864.2, 254.7, 25.5, 77.9, 132.6, 7.58, 314.4, 5.7, 532.4, 53.2, 7848.6, 784.9, 5054.3, 417, 128.4, 180.8, 16.5, 29.1, 1596.8, 1052.9, 1390.6, 1650.2, 15.3, 1.5, 27.5, 4.4, 18.8, 2.3, 0.7, 4.1, 0.1, 1.2, 27.6, 102.2, 32.8, 68.4, 0.1, -0.4, 0, 0, 1.3, 2.7, -2.2, 0, 4.81, 2.2, 1.45, 38, 0.4, 1.9, 1.4, 244.6, 0.13, 0, 
50, eco10, 9, 18, -38.2, 2586.1, 7729.6, 121.9, 12.2, 36.5, 58.3, 8.66, 150.1, 2.7, 252.1, 25.2, 3362.9, 336.3, 2338.6, 200.4, 74.3, 99.9, 8.7, 15.4, 724.9, 531, 643.7, 686.5, 7.2, 0.7, 11.7, 1.9, 8.7, 1.1, 0.4, 2.3, 0, 0.6, 13.9, 47.8, 16.4, 28.5, 0.1, -0.2, 0, 0, 0.6, 1.2, -0.8, 0, 4.21, 1.03, 0.89, 0, 0, 0.9, 0.6, 118.7, 0.15, 0, 
55, eco1, 0, 5609, -41, 4041.8, 15784.4, 249.6, 25, 74.8, 123.2, 14.94, 250.7, 6.5, 419.9, 42, 6999.9, 700, 2441.6, 286.3, 77.2, 102.4, 14.9, 18.5, 781.4, 1019.7, 1004.4, 1236.3, 10.5, 1.1, 18.8, 7.7, 7, 3.1, 0.4, 2.9, 0.1, 0.8, 14.1, 96.5, 21, 51.8, 0.1, -0.3, 0, 0, 1.3, 2.9, -2.9, 0, 4.61, 3.21, 0.54, 2.6, 0, 1.9, 0.8, 202.5, 0.25, 0, 
55, eco2, 1, 36603, 14.5, 5966.8, 24665.8, 310.8, 31.1, 95.9, 200.5, 8.08, 344.4, 10, 536, 53.6, 11065.4, 1106.5, 3911.1, 494.8, 87.8, 116.6, 19, 21.1, 1149.5, 1178, 1497.3, 2142, 12.6, 1.4, 28.7, 12.9, 10.8, 5.6, 0.4, 3.3, 0.1, 0.9, 17.5, 120.6, 30.2, 91.2, 0.1, -0.4, 0, 0, 1.8, 5.2, -4.9, 0, 4.85, 2.08, 1.02, 4.2, 0, 2.3, 1, 272.4, 0.14, 0, 
55, eco3, 2, 41420, 41.6, 7424.9, 27425.5, 325.9, 32.6, 99.9, 229.6, 9.14, 424.9, 11.6, 554.7, 55.5, 12345.9, 1234.6, 4658.5, 600.8, 90.3, 120.1, 19.8, 21.8, 1313.5, 1409.5, 1773.3, 2928.6, 13, 1.5, 32.2, 13.9, 13, 6.6, 0.5, 3.3, 0.1, 0.9, 18.4, 148.6, 39.2, 124.8, 0.1, -0.4, 0, 0, 1.8, 6.2, -5.5, 0, 5.1, 2.14, 1.41, 21.1, 0.2, 2.3, 1, 344.8, 0.15, 0, 
55, eco4, 3, 45644, 45.4, 6654.8, 25877, 315.4, 31.5, 94.7, 221.3, 7.64, 387, 11.3, 523.7, 52.4, 11646.9, 1164.7, 4901.4, 615.3, 87.9, 119.4, 18.7, 22, 1371.2, 1396.9, 1810.2, 2076.4, 12.4, 1.4, 31.2, 12.3, 14.1, 6.2, 0.4, 3.2, 0.1, 0.9, 18.5, 148.8, 39.3, 90.4, 0.1, -0.4, 0, 0, 1.7, 6.2, -5.6, 0, 5.26, 3.02, 1.39, 57.2, 0.5, 2.3, 1, 309.3, 0.13, 0, 
55, eco5, 4, 41067, 25.7, 6013, 22758.5, 281.8, 28.2, 89.1, 187.5, 5.37, 331.9, 8.7, 502.5, 50.3, 10197.8, 1019.8, 4816.2, 526.9, 88.5, 131.1, 16.4, 23.7, 1433.3, 1192.7, 1676.5, 1710.5, 12.6, 1.3, 29.4, 8.4, 14.9, 4.2, 0.5, 3.1, 0.1, 0.9, 19.7, 125.6, 32.1, 73.8, 0.1, -0.5, 0, -0.1, 1.6, 4.6, -4.3, 0, 5.26, 3.54, 1.38, 73.5, 0.6, 1.9, 1.1, 261.1, 0.09, 0, 
55, eco6, 5, 62055, 43.8, 7286.6, 21640.8, 296.6, 29.7, 87.6, 164.7, 8.66, 391.3, 9.9, 578.7, 57.9, 9595.9, 959.6, 5738.4, 500, 108.4, 169.9, 15.7, 27.9, 1840.2, 1276.9, 1774.5, 2395, 16.6, 1.7, 32.6, 5.5, 20.4, 2.8, 0.6, 3.6, 0.1, 1.1, 27, 132.6, 38, 100.1, 0.1, -0.6, 0, -0.1, 1.9, 5.2, -4.5, 0, 4.56, 3.21, 1.64, 47.6, 0.4, 2.2, 1.5, 311.7, 0.15, 0, 
55, eco7, 6, 34375, 25.1, 7909.1, 21624.8, 279, 27.9, 85.9, 161.2, 9.26, 427, 9.3, 597.7, 59.8, 9565.3, 956.5, 6155.5, 518.9, 125.3, 185.4, 17, 30.8, 1978.8, 1356.6, 1862, 2711.7, 17.7, 1.8, 34.5, 5.5, 23.2, 2.9, 0.6, 4, 0.1, 1.3, 29.5, 141.6, 42.1, 112.9, 0.1, -0.5, 0, -0.1, 1.7, 5, -4.1, 0, 4.88, 3.15, 1.85, 28.6, 0.3, 2.1, 1.6, 341.3, 0.16, 0, 
55, eco8, 7, 8287, 15, 7362, 21027.2, 264.3, 26.4, 85, 154.9, 8.38, 400.4, 8.3, 600.5, 60.1, 9275.7, 927.6, 6381.4, 523.2, 138.3, 200.4, 18.5, 33.6, 2004.4, 1324.3, 1820.2, 2213, 17.9, 1.8, 33.5, 5.2, 24.2, 2.9, 0.7, 4.3, 0.1, 1.4, 31.2, 134.9, 41.5, 92.3, 0.1, -0.5, 0, -0.1, 1.6, 4.3, -3.6, 0, 4.8, 3.65, 1.65, 14.2, 0.1, 2, 1.6, 314.8, 0.14, 0, 
55, eco9, 8, 336, -12.7, 5738.9, 17721.1, 227.3, 22.7, 74, 131.8, 7.38, 312.4, 6.3, 508.5, 50.9, 7810.8, 781.1, 5154.3, 430.4, 127.9, 178.7, 16, 28.3, 1642.3, 1039.3, 1407.2, 1650.1, 14.7, 1.5, 27.4, 4.4, 19, 2.4, 0.7, 3.9, 0.1, 1.2, 27.1, 102.9, 31.3, 68.5, 0.1, -0.4, 0, -0.1, 1.3, 3.1, -2.7, 0, 4.68, 1.89, 1.18, 0, 0, 1.7, 1.3, 243, 0.13, 0, 
55, eco10, 9, 18, -33.7, 2627.7, 7720, 108.6, 10.9, 35.2, 58.1, 8.37, 149.9, 2.2, 244.5, 24.5, 3366, 336.6, 2454.9, 211.5, 80.7, 103.7, 9.3, 16.3, 757.1, 524.9, 659, 686.6, 7.1, 0.7, 11.7, 1.9, 9.1, 1.2, 0.4, 2.4, 0, 0.7, 13.9, 48.1, 15.8, 28.6, 0.1, -0.2, 0, 0, 0.5, 1, -0.8, 0, 4.21, 0.63, 0.66, 0, 0, 0.8, 0.6, 118.3, 0.14, 0, 
60, eco1, 0, 5609, -45.9, 4083.6, 16144, 255.6, 25.6, 74.3, 126.7, 14.17, 251.7, 6.5, 415.3, 41.5, 7174.3, 717.4, 2517.6, 302.8, 70.5, 96.5, 13.5, 16.8, 794.7, 1030.8, 1021.2, 1236.9, 10.4, 1.1, 19.2, 7.9, 7.1, 3.3, 0.4, 2.8, 0.1, 0.7, 13.9, 98.1, 20.5, 52, 0.1, -0.3, 0, 0, 1.3, 3, -3, 0, 4.57, 3.25, 0.53, 10.7, 0.1, 2, 0.8, 202.7, 0.24, 0, 
60, eco2, 1, 36603, 11.2, 5974.7, 24723.1, 315.4, 31.5, 93.9, 201.9, 7.61, 344.1, 10.2, 524.1, 52.4, 11104.3, 1110.4, 3941, 510.9, 79.5, 107.9, 17.3, 19, 1146.8, 1185.6, 1499.4, 2143, 12.4, 1.4, 28.8, 12.9, 10.7, 5.8, 0.4, 3, 0.1, 0.8, 16.9, 122, 29.5, 91.7, 0.1, -0.4, 0, 0, 1.7, 5.4, -5.1, 0, 4.81, 2.13, 0.98, 7.6, 0.1, 2.3, 1, 272.1, 0.13, 0, 
60, eco3, 2, 41420, 45, 7397.3, 27233.7, 326.2, 32.6, 97.2, 229.3, 8.83, 422.5, 11.8, 539.9, 54, 12270.6, 1227.1, 4648.7, 615.6, 82, 112.2, 18.2, 19.9, 1302.6, 1403.6, 1761.7, 2929.4, 12.6, 1.4, 32, 13.9, 12.8, 6.8, 0.4, 3.1, 0.1, 0.9, 17.7, 148.7, 38, 125.4, 0.1, -0.4, 0, 0, 1.8, 6.5, -5.8, 0, 5.1, 2.17, 1.39, 20.1, 0.2, 2.4, 1, 343, 0.15, 0, 
60, eco4, 3, 45644, 48.9, 6607.9, 25506.3, 312.5, 31.3, 91.1, 219.6, 7.71, 384.4, 11.3, 504.4, 50.4, 11492.2, 1149.2, 4850.9, 627.7, 81.5, 112.5, 17.2, 20.2, 1350.8, 1389.5, 1789.2, 2078.4, 11.9, 1.3, 30.8, 12.2, 13.8, 6.4, 0.4, 3, 0.1, 0.8, 17.7, 149, 38.1, 91.1, 0.1, -0.4, 0, 0, 1.7, 6.3, -5.7, 0, 5.29, 3.04, 1.42, 52.9, 0.4, 2.3, 1, 307.9, 0.13, 0, 
60, eco5, 4, 41067, 13.3, 6007.9, 22341.5, 294.5, 29.5, 82.9, 185.5, 5.13, 329.4, 8.8, 469.7, 47, 10034.4, 1003.4, 4729.8, 541.7, 77.9, 121.2, 15.7, 22.6, 1410.7, 1194.1, 1690.7, 1712.3, 11.7, 1.2, 28.9, 8.3, 14.5, 4.4, 0.4, 2.9, 0.1, 0.9, 18.8, 126.6, 31.3, 74.3, 0.1, -0.4, 0, -0.1, 1.6, 4.8, -4.6, 0, 5.32, 3.56, 1.35, 64, 0.5, 2.1, 1, 260.3, 0.09, 0, 
60, eco6, 5, 62055, 49.3, 7261.6, 21479.6, 287.6, 28.8, 87.3, 164.1, 8.14, 386.9, 9.9, 571.9, 57.2, 9527, 952.7, 5612, 501.3, 97.6, 157.5, 14.3, 25.5, 1831.6, 1265.9, 1769.1, 2395, 16.4, 1.6, 32.4, 5.5, 19.9, 2.8, 0.5, 3.4, 0.1, 1, 25.8, 132.8, 36.3, 100.5, 0.1, -0.5, 0, -0.1, 1.8, 5.3, -4.7, 0, 4.67, 3.19, 1.57, 35.7, 0.3, 2.1, 1.5, 308.4, 0.14, 0, 
60, eco7, 6, 34375, 38.7, 7901.5, 21358, 269.6, 27, 84.2, 159.7, 8.31, 422.2, 9.4, 581.7, 58.2, 9456, 945.6, 6129.1, 526.2, 120.6, 180.9, 16.2, 29.3, 1991.9, 1339.3, 1858.9, 2711.4, 17.2, 1.7, 34.2, 5.4, 23, 3, 0.6, 3.9, 0.1, 1.2, 28.7, 141.4, 40.5, 113.1, 0.1, -0.5, 0, -0.1, 1.7, 5.1, -4.3, 0, 5, 3.12, 1.69, 17.2, 0.2, 2, 1.5, 337.8, 0.14, 0, 
60, eco8, 7, 8287, 25.4, 7370.9, 20829.5, 254, 25.4, 82.8, 153.9, 7.99, 396.2, 8.3, 582.8, 58.3, 9198.2, 919.8, 6332.2, 528.9, 129.9, 190.9, 17.3, 31.2, 2028.2, 1305.8, 1823.9, 2213, 17.3, 1.7, 33.3, 5.2, 23.9, 2.9, 0.7, 4.1, 0.1, 1.3, 30.2, 135.2, 39.7, 92.6, 0.1, -0.4, 0, -0.1, 1.6, 4.3, -3.7, 0, 4.91, 3.59, 1.6, 18.8, 0.2, 1.8, 1.5, 311.8, 0.14, 0, 
60, eco9, 8, 336, -3.9, 5774.7, 17507.1, 226.4, 22.6, 71.6, 130.5, 6.51, 310.1, 6.4, 491.5, 49.2, 7723.1, 772.3, 5259.9, 444.6, 129.7, 177.7, 16.1, 28.4, 1660.4, 1031.5, 1432.8, 1650.1, 14.1, 1.4, 27.1, 4.4, 19.3, 2.5, 0.7, 3.9, 0.1, 1.2, 26.3, 103.6, 30.2, 68.7, 0.1, -0.4, 0, -0.1, 1.3, 3.2, -2.9, 0, 4.73, 1.85, 1.06, 64.2, 0.6, 1.6, 1.2, 241.3, 0.11, 0, 
60, eco10, 9, 18, -26.1, 2665.6, 7676.3, 104.2, 10.4, 34.3, 57.9, 7.95, 149.2, 2.3, 238.6, 23.9, 3355.3, 335.5, 2549.2, 221.9, 78.5, 102, 9.5, 16.7, 779.2, 521.8, 677.8, 686.8, 6.9, 0.7, 11.7, 1.9, 9.3, 1.2, 0.4, 2.3, 0, 0.7, 13.7, 48.4, 15.2, 28.6, 0.1, -0.2, 0, 0, 0.5, 1, -0.9, 0, 3.71, 0.62, 0.63, 27.4, 0.4, 0.7, 0.6, 117.3, 0.13, 0, 
65, eco1, 0, 5609, -56.1, 4125.2, 16422.4, 222.3, 22.2, 72.3, 128.9, 13.35, 252.9, 4.6, 404.3, 40.4, 7317.7, 731.8, 2612.6, 321.9, 80.4, 103, 14.7, 18.5, 806.8, 1038.6, 1042.2, 1237.5, 10.1, 1.1, 19.6, 8.1, 7.3, 3.5, 0.4, 3, 0.1, 0.8, 13.8, 99.2, 20.3, 52.2, 0.1, -0.3, 0, 0, 1.1, 1.9, -2.1, 0, 4.33, 3.14, 0.59, 8.4, 0.1, 1.6, 0.8, 203.1, 0.23, 0, 
65, eco2, 1, 36603, -22.3, 5966.1, 24763.4, 294.7, 29.5, 92.1, 202.5, 7.22, 343.8, 7.9, 514.4, 51.4, 11133.2, 1113.3, 3992.6, 526, 86.7, 111, 17.6, 19.7, 1141.5, 1185.8, 1495, 2143.8, 12.1, 1.4, 28.9, 13, 10.8, 6, 0.4, 3.1, 0.1, 0.8, 16.3, 122.5, 29, 92.2, 0.1, -0.4, 0, 0, 1.5, 4, -3.8, 0, 4.61, 2.34, 1.38, 3.6, 0, 2.1, 1, 271.7, 0.13, 0, 
65, eco3, 2, 41420, 6, 7339.2, 27067, 308.9, 30.9, 95.9, 228.9, 8.53, 420, 9.4, 531.5, 53.2, 12201.2, 1220.1, 4647.5, 625.7, 88.3, 114.1, 18.2, 20.2, 1284.7, 1389.9, 1734.7, 2929.9, 12.4, 1.4, 31.8, 13.8, 12.7, 6.9, 0.5, 3.1, 0.1, 0.9, 16.9, 147.9, 37.1, 126, 0.1, -0.4, 0, 0, 1.6, 5, -4.4, 0, 4.92, 2.43, 2.06, 18.9, 0.1, 2.2, 1, 341, 0.15, 0, 
65, eco4, 3, 45644, -11.2, 6550.3, 25233.6, 286, 28.6, 90.9, 218.6, 7.34, 381.6, 7.8, 497.8, 49.8, 11371, 1137.1, 4823.6, 638.9, 91.8, 116.5, 18, 21.4, 1325.8, 1374.1, 1770.1, 2080.2, 11.8, 1.3, 30.5, 12.1, 13.6, 6.6, 0.5, 3.1, 0.1, 0.9, 16.9, 148, 37.3, 91.7, 0.1, -0.3, 0, 0, 1.4, 4.1, -3.6, 0, 5.1, 3.25, 2.06, 46.6, 0.4, 2, 1, 305.8, 0.13, 0, 
65, eco5, 4, 41067, -24.5, 5953.1, 22240, 287.7, 28.8, 85.8, 185.6, 4.83, 328, 7.3, 479, 47.9, 9978.3, 997.8, 4663.3, 549.2, 86.7, 123.4, 15.6, 22.3, 1379.2, 1191.5, 1668.8, 1713.6, 11.9, 1.3, 28.8, 8.3, 14.1, 4.5, 0.4, 2.9, 0.1, 0.9, 17.9, 126.7, 30.5, 74.8, 0.1, -0.4, 0, 0, 1.4, 3.9, -3.6, 0, 5.09, 3.41, 1.48, 59.7, 0.5, 2, 1, 259.1, 0.08, 0, 
65, eco6, 5, 62055, 20.1, 7235.8, 21181.2, 280.7, 28.1, 86, 162.8, 7.44, 383.2, 8.5, 556.8, 55.7, 9402.2, 940.2, 5508.9, 509.2, 107.2, 160.5, 15.1, 26.7, 1808.2, 1256.5, 1776, 2395.1, 15.8, 1.6, 32, 5.4, 19.4, 2.9, 0.5, 3.4, 0.1, 1.1, 24.7, 132.8, 35.3, 100.8, 0.1, -0.5, 0, -0.1, 1.6, 4.5, -4, 0, 4.41, 3.05, 1.83, 35.5, 0.3, 2, 1.4, 306.1, 0.13, 0, 
65, eco7, 6, 34375, 4.8, 7890.6, 21092.5, 264.4, 26.4, 85, 158.4, 7.46, 417.7, 7.8, 579.9, 58, 9338.1, 933.8, 5983.1, 533, 122.1, 175.3, 16.5, 29.6, 1978.7, 1324.5, 1876.1, 2711.2, 17, 1.7, 33.8, 5.4, 22.3, 3, 0.6, 3.8, 0.1, 1.2, 27.6, 141.1, 39.2, 113.4, 0.1, -0.4, 0, -0.1, 1.5, 4.1, -3.6, 0, 4.68, 3.3, 2.07, 16.5, 0.1, 1.9, 1.5, 334.5, 0.13, 0, 
65, eco8, 7, 8287, 18.6, 7390.8, 20659.6, 258.4, 25.8, 82.9, 153.5, 7.19, 392.5, 7.9, 579.2, 57.9, 9137.8, 913.8, 6187.5, 538.9, 128.4, 184.4, 17.6, 31.6, 2027.9, 1293.5, 1856.3, 2213.2, 17.1, 1.7, 33.1, 5.2, 23.2, 3, 0.7, 4, 0.1, 1.3, 29.2, 135.5, 38.5, 92.9, 0.1, -0.4, 0, -0.1, 1.6, 4.1, -3.6, 0, 4.54, 3.66, 1.79, 16.6, 0.1, 1.9, 1.5, 309.2, 0.12, 0, 
65, eco9, 8, 336, -29.1, 5815.6, 17566.9, 226.2, 22.6, 73.8, 131.3, 5.86, 308.8, 5.5, 501.2, 50.1, 7748.4, 774.8, 5237.1, 453.2, 126.5, 172.1, 15.7, 27.6, 1684.9, 1026.7, 1454, 1650, 14.3, 1.4, 27.3, 4.4, 19.1, 2.5, 0.6, 3.8, 0.1, 1.1, 25.7, 104.4, 29.2, 68.9, 0.1, -0.3, 0, 0, 1.2, 2.7, -2.4, 0, 4.43, 2.08, 1.16, 15.5, 0.2, 1.6, 1.3, 239.7, 0.1, 0, 
65, eco10, 9, 18, -19.1, 2708.3, 7814.5, 107.9, 10.8, 35.6, 59.2, 7.77, 149.4, 2.6, 246.1, 24.6, 3431, 343.1, 2585.6, 229.5, 77.8, 101.7, 9.3, 16.3, 809, 520.5, 691.9, 686.9, 7.1, 0.7, 12, 2, 9.4, 1.3, 0.4, 2.3, 0, 0.7, 13.7, 48.8, 14.6, 28.7, 0.1, -0.2, 0, 0, 0.5, 1.2, -1, 0, 3.93, 0.95, 0.81, 0, 0, 0.8, 0.6, 116.9, 0.13, 0, 
70, eco1, 0, 5609, -38, 4180.7, 16758.7, 249.2, 24.9, 74.2, 132.2, 12.11, 254.1, 5.9, 413.3, 41.3, 7466.6, 746.7, 2700.3, 337.4, 70.3, 96.7, 13.7, 17.2, 823.4, 1052.7, 1066.2, 1238.3, 10.4, 1.1, 20, 8.2, 7.5, 3.7, 0.4, 2.8, 0.1, 0.7, 13.8, 100.9, 20, 52.5, 0.1, -0.3, 0, 0, 1.4, 2.6, -2.9, 0, 4.83, 5.08, 0.79, 6.7, 0.1, 1.9, 0.8, 203.1, 0.21, 0, 
70, eco2, 1, 36603, 3.9, 5992.8, 24704.5, 305, 30.5, 91.8, 202.9, 6.04, 343.4, 8.8, 512, 51.2, 11107.8, 1110.8, 4053.3, 540.7, 78.4, 105.4, 17, 18.9, 1143.9, 1192.6, 1511.3, 2145.1, 12.1, 1.4, 28.8, 12.9, 10.9, 6.2, 0.4, 3, 0.1, 0.8, 15.9, 123.5, 28.6, 92.7, 0.1, -0.4, 0, 0, 1.7, 4.6, -4.5, 0, 5.15, 3.93, 1.6, 6.1, 0.1, 2.3, 1, 271.1, 0.11, 0, 
70, eco3, 2, 41420, 15.7, 7337.8, 26780, 315.4, 31.5, 95.5, 227.6, 7.04, 417.2, 9.6, 528.5, 52.9, 12069, 1206.9, 4680.9, 638.5, 81.6, 109.3, 17.9, 19.8, 1279.7, 1383.9, 1743.4, 2930.8, 12.4, 1.4, 31.5, 13.7, 12.7, 7.1, 0.4, 3, 0.1, 0.9, 16.5, 147.7, 36.3, 126.6, 0.1, -0.4, 0, 0, 1.6, 5.1, -4.7, 0, 5.56, 4.27, 2.5, 16.9, 0.1, 2.3, 1, 338.5, 0.13, 0, 
70, eco4, 3, 45644, 20, 6541.6, 24863.5, 295.9, 29.6, 90.8, 216.8, 6.03, 378.7, 9, 497.5, 49.7, 11196.5, 1119.6, 4824.2, 649.8, 81.6, 110, 17.5, 20.6, 1315.3, 1367.5, 1776.4, 2082.4, 11.8, 1.3, 30, 12, 13.5, 6.7, 0.4, 2.9, 0.1, 0.9, 16.5, 147.8, 36.4, 92.4, 0.1, -0.4, 0, 0, 1.5, 4.8, -4.5, 0, 5.83, 5.67, 2.57, 49, 0.4, 2.1, 1, 303.4, 0.11, 0, 
70, eco5, 4, 41067, 15.6, 5936.6, 21885.6, 257.5, 25.7, 85.5, 183.2, 4.37, 326.1, 7.3, 471.8, 47.2, 9818.1, 981.8, 4644.7, 557.7, 81.6, 119.8, 15.2, 21.8, 1359.3, 1191.9, 1670.1, 1715.3, 11.7, 1.2, 28.3, 8.3, 14, 4.6, 0.4, 2.9, 0.1, 0.9, 17.4, 127.1, 29.8, 75.3, 0.1, -0.4, 0, 0, 1.4, 3.9, -3.8, 0, 5.83, 5.63, 1.99, 69.1, 0.5, 1.8, 1, 258.1, 0.08, 0, 
70, eco6, 5, 62055, 51.1, 7232.9, 20792.8, 260.4, 26, 84.8, 160.3, 6.52, 379.7, 8.6, 543.9, 54.4, 9231.6, 923.2, 5478.5, 514.9, 98.8, 154, 14.7, 26, 1793.5, 1253.6, 1790.3, 2395.4, 15.5, 1.6, 31.3, 5.3, 19.2, 2.9, 0.5, 3.3, 0.1, 1.1, 23.9, 133.2, 34.2, 101.1, 0.1, -0.5, 0, -0.1, 1.7, 4.6, -4.3, 0, 4.98, 6.29, 2.47, 35.4, 0.3, 1.8, 1.4, 303.9, 0.12, 0, 
70, eco7, 6, 34375, 46.6, 7902.9, 20698.4, 253.2, 25.3, 83.1, 155.7, 6.65, 413.7, 8.5, 566.7, 56.7, 9158.1, 915.8, 5934.4, 538.2, 108.3, 164.7, 15.8, 28.5, 1971.6, 1318.8, 1901.2, 2711.3, 16.6, 1.7, 33.1, 5.3, 22.1, 3, 0.6, 3.6, 0.1, 1.2, 26.8, 141.5, 37.8, 113.8, 0.1, -0.5, 0, -0.1, 1.6, 4.5, -4.1, 0, 5.31, 6.1, 2.68, 16.1, 0.1, 1.8, 1.5, 331.9, 0.12, 0, 
70, eco8, 7, 8287, 45.4, 7405, 20144.1, 239.7, 24, 78.9, 149.7, 6.59, 388.5, 8, 550, 55, 8904.6, 890.5, 6187.4, 545.1, 115.6, 173.9, 16.5, 29.9, 2026.9, 1288.3, 1876.2, 2213.5, 16.3, 1.6, 32.3, 5.1, 23.1, 3, 0.6, 3.8, 0.1, 1.3, 28.3, 136.3, 37.1, 93.2, 0.1, -0.4, 0, -0.1, 1.6, 4.2, -3.9, 0, 5.12, 6.32, 2.65, 26.8, 0.2, 1.7, 1.4, 307.1, 0.12, 0, 
70, eco9, 8, 336, -0.4, 5839.5, 17023.2, 211.7, 21.2, 70.3, 127.6, 5.32, 306.1, 5.9, 474.3, 47.4, 7514.3, 751.4, 5327.8, 460.5, 119.4, 165.1, 14.9, 26.2, 1690, 1026.5, 1472.9, 1650.2, 13.5, 1.4, 26.4, 4.3, 19.4, 2.6, 0.6, 3.7, 0.1, 1.1, 25, 105.4, 28.2, 69.1, 0.1, -0.3, 0, 0, 1.2, 3.1, -3, 0, 4.86, 5.69, 2.08, 73.2, 0.6, 1.5, 1.2, 238.4, 0.09, 0, 
70, eco10, 9, 18, -22.4, 2748.1, 7829.8, 101.1, 10.1, 35, 59, 7.38, 149, 2.1, 241.2, 24.1, 3422.3, 342.2, 2654.4, 235.7, 75.6, 100.1, 8.9, 15.7, 834.4, 520.6, 706.1, 687, 7, 0.7, 12, 2, 9.7, 1.3, 0.4, 2.2, 0, 0.7, 13.7, 49.2, 14, 28.8, 0, -0.2, 0, 0, 0.5, 1, -0.9, 0, 4.24, 2.12, 1.39, 0, 0, 0.7, 0.6, 116.4, 0.13, 0, 
75, eco1, 0, 5609, -89.9, 4249, 17116.4, 255.8, 25.6, 75, 135.6, 11.01, 255.9, 4.5, 418.4, 41.8, 7629, 762.9, 2802, 359.5, 81.9, 103.2, 15.5, 19.5, 836, 1066.1, 1107.7, 1239.2, 10.6, 1.1, 20.4, 8.4, 7.8, 3.9, 0.4, 3, 0.1, 0.8, 13.7, 102.2, 19.8, 52.7, 0.1, -0.3, 0, 0, 1.1, 1.8, -1.9, 0, 5.08, 3.74, 0.67, 7.3, 0.1, 2, 0.9, 203.7, 0.19, 0, 
75, eco2, 1, 36603, -21.9, 6034.4, 24663, 295.3, 29.5, 90.5, 203.3, 5.03, 343.6, 7.7, 502.5, 50.2, 11097.3, 1109.7, 4108.3, 561.9, 85.7, 108.8, 18.2, 20.4, 1142.7, 1200.8, 1544.6, 2146.2, 11.9, 1.3, 28.8, 12.9, 11, 6.5, 0.4, 3.1, 0.1, 0.9, 15.6, 124.5, 28.4, 93.2, 0.1, -0.3, 0, 0, 1.5, 3.9, -3.8, 0, 5.53, 3.01, 1.5, 7.4, 0.1, 2.2, 1, 271.3, 0.09, 0, 
75, eco3, 2, 41420, 14.1, 7341.6, 26498.3, 299.3, 29.9, 93.6, 226.4, 5.99, 415.4, 9.1, 514.7, 51.5, 11949.6, 1195, 4697.7, 655.2, 86.4, 111.6, 18.5, 20.6, 1272.2, 1381.6, 1756.1, 2931.6, 12.1, 1.4, 31.1, 13.6, 12.7, 7.3, 0.4, 3.1, 0.1, 0.9, 16.2, 147.7, 35.7, 127.2, 0.1, -0.4, 0, 0, 1.5, 4.8, -4.4, 0, 5.77, 3.2, 2.26, 20.5, 0.2, 2.1, 1, 337.3, 0.11, 0, 
75, eco4, 3, 45644, 45.1, 6513.2, 24450.6, 275.4, 27.5, 88.3, 214.7, 5.79, 376.8, 9.3, 480.5, 48.1, 11019.7, 1102, 4797.9, 659.5, 82.8, 109.6, 17.2, 20.1, 1299.5, 1363.1, 1766.2, 2084.3, 11.4, 1.3, 29.5, 11.8, 13.3, 6.9, 0.4, 2.9, 0.1, 0.8, 16.1, 147.7, 35.8, 93, 0.1, -0.4, 0, 0, 1.5, 5.1, -4.8, 0, 6.1, 5.18, 2.33, 55.1, 0.4, 1.9, 0.9, 302.7, 0.1, 0, 
75, eco5, 4, 41067, 47, 5930.1, 21402.3, 232, 23.2, 81.2, 180.5, 4.14, 324.2, 7.6, 440.1, 44, 9622.6, 962.3, 4575.1, 568.6, 76.9, 114.1, 15.2, 21.8, 1334, 1193.5, 1685.5, 1717.1, 10.9, 1.1, 27.7, 8.1, 13.7, 4.7, 0.4, 2.7, 0.1, 0.9, 16.8, 127.8, 29.3, 75.8, 0.1, -0.4, 0, 0, 1.4, 4.1, -4.1, 0, 6.1, 6.72, 2.2, 72.9, 0.6, 1.6, 1, 257.9, 0.07, 0, 
75, eco6, 5, 62055, 106.4, 7178.4, 20442.2, 235.4, 23.5, 82, 158.3, 6.16, 375.8, 10.1, 520.5, 52.1, 9087, 908.7, 5328.2, 509.4, 90.5, 141.8, 13.1, 23.2, 1759.8, 1250.8, 1772.2, 2395.6, 14.7, 1.5, 30.8, 5.3, 18.6, 2.9, 0.5, 3.1, 0.1, 0.9, 22.9, 133.9, 33, 101.5, 0.1, -0.5, 0, -0.1, 1.6, 5.8, -5.5, 0, 5.42, 7.29, 2.65, 31.4, 0.3, 1.5, 1.3, 302, 0.11, 0, 
75, eco7, 6, 34375, 50.5, 7867.1, 20131.3, 193.8, 19.4, 78.4, 152, 6.16, 409.5, 7.2, 522, 52.2, 8926.4, 892.6, 5903.2, 539.7, 114.4, 163.5, 15.3, 27.5, 1952.9, 1312.8, 1890.3, 2711, 15.2, 1.5, 32.3, 5.1, 21.9, 3.1, 0.6, 3.6, 0.1, 1.1, 25.9, 141.9, 37, 114.1, 0.1, -0.3, 0, -0.1, 1.2, 4, -3.6, 0, 5.81, 3.38, 2.53, 19.8, 0.2, 1.3, 1.4, 330.3, 0.11, 0, 
75, eco8, 7, 8287, 50.5, 7407.8, 19675.5, 190.3, 19, 75.9, 146.7, 5.81, 384.9, 6.8, 517.3, 51.7, 8714.9, 871.5, 6186.7, 551.9, 120.6, 172.9, 16.4, 29.5, 2023.3, 1285.1, 1885.7, 2213.7, 15.2, 1.5, 31.6, 5, 23.1, 3.1, 0.6, 3.8, 0.1, 1.2, 27.5, 136.9, 36.1, 93.5, 0.1, -0.3, 0, -0.1, 1.3, 3.7, -3.5, 0, 5.7, 4.69, 2.41, 17.6, 0.2, 1.3, 1.4, 305.5, 0.1, 0, 
75, eco9, 8, 336, 15.4, 5885.5, 16788.3, 177.4, 17.7, 66.9, 126.3, 4.96, 304.7, 5.3, 445.2, 44.5, 7430.2, 743, 5338.7, 468.3, 118.4, 161.8, 14.8, 26, 1713.3, 1028.3, 1493.7, 1650.2, 12.7, 1.3, 26.1, 4.3, 19.4, 2.6, 0.6, 3.6, 0.1, 1.1, 24.6, 106.5, 27.6, 69.3, 0.1, -0.3, 0, 0, 1.1, 2.7, -2.6, 0, 5.5, 4.11, 1.84, 0, 0, 1.2, 1.1, 238.4, 0.09, 0, 
75, eco10, 9, 18, -7.8, 2788.4, 7846.7, 87.8, 8.8, 34.3, 59.5, 6.85, 148.7, 2.1, 234.4, 23.4, 3458.2, 345.8, 2674.4, 242.7, 76.6, 99.6, 9.2, 16.1, 855, 522.5, 723.6, 687.2, 6.8, 0.7, 12.1, 2, 9.7, 1.4, 0.4, 2.2, 0, 0.7, 13.6, 49.9, 13.6, 28.8, 0, -0.2, 0, 0, 0.5, 1, -0.9, 0, 4.7, 1.41, 1.18, 0, 0, 0.6, 0.6, 116.1, 0.12, 0, 
80, eco1, 0, 5609, -56.2, 4306.8, 17300.9, 208.4, 20.8, 71.3, 136.9, 10.11, 257.8, 4.2, 398.8, 39.9, 7736.3, 773.6, 2900.4, 377.3, 84.8, 107.2, 15.5, 19.6, 855.4, 1084, 1127.4, 1240, 10.1, 1, 20.7, 8.5, 8, 4.1, 0.4, 3.1, 0.1, 0.8, 13.9, 104.1, 19.8, 52.9, 0.1, -0.2, 0, 0, 0.9, 1.9, -2.2, 0, 4.63, 3.72, 0.56, 5.4, 0.1, 1.5, 0.8, 205.3, 0.17, 0, 
80, eco2, 1, 36603, -34.1, 6052.2, 24583.3, 269.7, 27, 88.1, 203, 4.71, 344.9, 6.9, 488.1, 48.8, 11074.8, 1107.5, 4178.2, 576.9, 88.6, 112, 18, 20.1, 1148.4, 1211.4, 1545.1, 2147.3, 11.5, 1.3, 28.7, 12.9, 11.1, 6.6, 0.5, 3.2, 0.1, 0.9, 15.5, 125.9, 28.4, 93.7, 0.1, -0.3, 0, 0, 1.2, 3.7, -3.7, 0, 4.95, 2.92, 1, 6.5, 0.1, 1.9, 0.9, 272.7, 0.08, 0, 
80, eco3, 2, 41420, -30.1, 7335.6, 26231, 286.8, 28.7, 91.4, 225.3, 5.6, 415.1, 7.7, 502.2, 50.2, 11837.1, 1183.7, 4745, 669.3, 90.7, 115.1, 18.7, 20.8, 1269.1, 1381.6, 1752.5, 2932.4, 11.8, 1.3, 30.9, 13.5, 12.7, 7.5, 0.5, 3.2, 0.1, 0.9, 16, 148, 35.5, 127.8, 0.1, -0.3, 0, 0, 1.2, 4.2, -3.9, 0, 5.31, 3.1, 1.56, 21.7, 0.2, 2, 1, 337.5, 0.1, 0, 
80, eco4, 3, 45644, -31.3, 6495.6, 24120.2, 274.5, 27.4, 86.3, 213.3, 5.29, 375.7, 7.3, 470.5, 47, 10874.4, 1087.4, 4815.9, 674, 90.3, 114.5, 18, 21.2, 1286.7, 1358.5, 1764.2, 2086.2, 11.1, 1.2, 29.1, 11.7, 13.3, 7.1, 0.5, 3.1, 0.1, 0.9, 15.8, 147.5, 35.5, 93.6, 0.1, -0.3, 0, 0, 1.1, 4, -3.7, 0, 5.53, 4.07, 1.76, 56.1, 0.4, 1.9, 0.9, 302.2, 0.09, 0, 
80, eco5, 4, 41067, -49.6, 5891.4, 21188.7, 270, 27, 79.1, 179.8, 3.65, 323.1, 5.9, 438.6, 43.9, 9525, 952.5, 4517.8, 578.4, 80.4, 115, 15.2, 21.7, 1306.5, 1193.7, 1672.6, 1718.7, 10.9, 1.1, 27.4, 8.1, 13.4, 4.8, 0.4, 2.7, 0.1, 0.9, 16.3, 128.1, 29.1, 76.3, 0.1, -0.3, 0, 0, 1.1, 3.1, -2.9, 0, 5.53, 4.19, 1.46, 69.3, 0.5, 1.9, 1, 257.4, 0.06, 0, 
80, eco6, 5, 62055, 1.1, 7159.4, 20369.9, 245.2, 24.5, 79.5, 158.7, 5.34, 374.1, 6.8, 506.2, 50.6, 9071.2, 907.1, 5286.6, 523.5, 107.4, 153.4, 15.1, 26.5, 1738, 1246.8, 1778.8, 2395.9, 14.3, 1.4, 30.8, 5.3, 18.4, 3, 0.5, 3.2, 0.1, 1.1, 22.3, 133.9, 32.7, 101.8, 0.1, -0.4, 0, 0, 1.3, 3.7, -3.4, 0, 4.79, 3.58, 1.6, 35.5, 0.3, 1.7, 1.3, 300.9, 0.09, 0, 
80, eco7, 6, 34375, 3.3, 7846.5, 20119.1, 233.5, 23.4, 77.5, 152.9, 5.48, 407.2, 6.7, 521.7, 52.2, 8935.6, 893.6, 5798.6, 548.2, 119.2, 164.3, 16.1, 28.8, 1937.5, 1307.6, 1890.4, 2710.9, 15.2, 1.5, 32.3, 5.2, 21.4, 3.1, 0.6, 3.5, 0.1, 1.2, 25.2, 141.9, 36.1, 114.3, 0.1, -0.4, 0, -0.1, 1.2, 3.6, -3.3, 0, 5.14, 4.85, 1.93, 18.6, 0.2, 1.6, 1.4, 328.5, 0.09, 0, 
80, eco8, 7, 8287, -51.2, 7412.9, 19624.6, 231.7, 23.2, 75.2, 147.5, 4.9, 383.1, 4.8, 517.1, 51.7, 8714.2, 871.4, 6136.2, 565.7, 134.5, 177.2, 17.8, 31.9, 2014.6, 1282.9, 1901.4, 2214, 15.1, 1.5, 31.6, 5, 22.8, 3.2, 0.7, 3.8, 0.1, 1.3, 26.8, 137.4, 35.3, 93.7, 0.1, -0.3, 0, 0, 1, 2.5, -2.3, 0, 5.02, 5.49, 1.7, 26.5, 0.2, 1.7, 1.4, 304, 0.08, 0, 
80, eco9, 8, 336, -77.2, 5901.8, 16688.4, 198.7, 19.9, 65.5, 126.4, 4.3, 304, 3.4, 438, 43.8, 7407, 740.7, 5376.3, 481.3, 132.9, 167, 15.8, 27.5, 1717.5, 1030.7, 1503.4, 1650.2, 12.4, 1.2, 26.1, 4.3, 19.4, 2.7, 0.7, 3.7, 0.1, 1.1, 24.1, 107.4, 27, 69.5, 0.1, -0.2, 0, 0, 0.7, 1.7, -1.6, 0, 4.83, 4.29, 1.33, 36.6, 0.3, 1.4, 1.1, 237.8, 0.07, 0, 
80, eco10, 9, 18, -46.4, 2817.1, 7770.6, 85.7, 8.6, 31.8, 59.1, 6.64, 149, 1.1, 217.6, 21.8, 3439, 343.9, 2738.7, 252.1, 84.3, 104.3, 9.6, 16.8, 870.5, 525.3, 734.1, 687.3, 6.4, 0.6, 12, 2, 9.9, 1.4, 0.4, 2.3, 0, 0.7, 13.6, 50.7, 13.4, 28.9, 0, -0.1, 0, 0, 0.3, 0.5, -0.5, 0, 3.97, 1.38, 0.91, 10.9, 0.1, 0.6, 0.6, 116.7, 0.11, 0, 
