Time,EcoName,NumActiveSites,AboveGroundBiomass_AbieConc,AboveGroundBiomass_AbieMagn,AboveGroundBiomass_CaloDecu,AboveGroundBiomass_FX_R_SEED,AboveGroundBiomass_NOFX_R_SEED,AboveGroundBiomass_NOFX_NOR_SEED,AboveGroundBiomass_PinuAlbi,AboveGroundBiomass_PinuCont,AboveGroundBiomass_PinuJeff,AboveGroundBiomass_PinuLamb,AboveGroundBiomass_PinuMont,AboveGroundBiomass_PopuTrem,AboveGroundBiomass_TsugMert,AboveGroundBiomass_AcerMacr,AboveGroundBiomass_AescCali,AboveGroundBiomass_AlnuRhom,AboveGroundBiomass_ArbuMenz,AboveGroundBiomass_CornNutt,AboveGroundBiomass_JuniOcci,AboveGroundBiomass_LithDens,AboveGroundBiomass_PinuAtte,AboveGroundBiomass_PinuMono,AboveGroundBiomass_PinuPond,AboveGroundBiomass_PinuSabi,AboveGroundBiomass_PinuWash,AboveGroundBiomass_PseuMenz,AboveGroundBiomass_QuerChry,AboveGroundBiomass_QuerDoug,AboveGroundBiomass_QuerGarr,AboveGroundBiomass_QuerKell,AboveGroundBiomass_QuerWisl,AboveGroundBiomass_TaxuBrev,AboveGroundBiomass_TorrCali,AboveGroundBiomass_UmbeCali,
0, eco1, 5609, 422.535746122303, 225.538598680692, 156.489748618292, 0, 0.0481369228026386, 0, 9.11160634694241, 29.4428596897843, 208.539846674987, 48.3341059012302, 14.5639151363879, 1.38384738812623, 62.9807452308789, 47.5988589766447, 4.27010162239258, 100.98056694598, 47.7320377963986, 0.562488857193796, 61.8563023711892, 74.5519700481369, 54.4080941344268, 3.1306828311642, 574.391157068996, 65.8789445533963, 0, 1802.01444107684, 801.257978249242, 28.6769477625245, 1.61454804778035, 901.488678908896, 226.168835799608, 0.044571224817258, 0.105722945266536, 1.94562310572295, 
0, eco2, 36603, 744.19894544163, 117.471655328798, 590.504002404175, 0, 0.0563888205884764, 0, 3.83495888315165, 12.6165614840314, 121.422943474579, 192.024069065377, 8.87719585826298, 0.865420867142038, 47.07917383821, 162.830287134934, 10.356391552605, 169.948610769609, 127.877605660738, 0.945796792612627, 33.3265032920799, 169.493265579324, 20.2086987405404, 2.57618228014097, 1544.25757451575, 77.0125945960714, 0, 4604.02794852881, 1530.98964565746, 30.9654673114226, 2.53498347130017, 1542.36393191815, 295.45515394913, 0.345026363959238, 0.0589569160997732, 1.54424500723984, 
0, eco3, 41420, 2027.57583293095, 129.608425881217, 1403.43206180589, 0.00258329309512313, 0.0703042008691453, 0, 4.89442298406567, 10.9632786093675, 129.467696764848, 514.482737807822, 10.7343312409464, 1.02064220183486, 69.9305408015451, 206.151134717528, 15.3223804925157, 134.396571704491, 103.51525832931, 1.99019797199421, 34.9730082085949, 113.411226460647, 6.09567841622405, 3.35473201352004, 2169.59365041043, 62.3065910188315, 0, 7710.05589087397, 1427.67503621439, 19.6715113471753, 0.659174311926605, 1683.73177209078, 209.388652824722, 0.694543698696282, 0.124215354901014, 0.733341380975374, 
0, eco4, 45644, 4552.89041275962, 302.315726053808, 1867.12816580493, 0.0229603014635001, 0.116598019454912, 0.017329769520638, 11.3053851546753, 23.2420252388047, 314.40270353168, 796.06368854614, 24.1323284549996, 4.46545000438174, 115.131934098677, 113.282950661642, 10.7963149592498, 88.1077469108755, 80.4831741302252, 10.9276794321269, 66.6058408553151, 41.7151213741127, 2.34203838401542, 5.25777758303391, 2271.12268863377, 55.998400666024, 0, 7934.88747699588, 842.957979142932, 23.8229778284112, 0.826833756901236, 1705.77241258435, 113.559197265796, 1.23446674261677, 0.377880992025239, 1.71827622469547, 
0, eco5, 41067, 9117.18657316093, 525.830301702097, 2039.0787493608, 0.0130274916599703, 0.109869238074366, 0.00258114788029318, 12.7762193488689, 25.9307473153627, 946.510677673071, 944.265395573088, 37.4334380402756, 11.12097304405, 120.825675116273, 40.4468551391628, 1.91789027686464, 37.0380597560085, 51.3970584654345, 13.5785667324129, 123.593250054789, 6.82735529744077, 0.41025641025641, 7.89626707575426, 1519.70185306937, 59.1613217425183, 0, 2887.36170160956, 225.490296344997, 20.2154284461977, 2.31102831957533, 1373.71105754012, 72.1326856113181, 0.887427861786836, 0.875423089098303, 1.84885674629264, 
0, eco6, 62055, 10507.3123519459, 5297.89987913947, 685.312077995327, 0, 0.016856014825558, 0, 29.3312706470067, 117.850052372895, 2914.38140359359, 466.315478204818, 85.6054951252921, 8.82425267907501, 183.207219402143, 9.98051728305535, 0.584948835710257, 8.88563371202965, 13.5078075900411, 10.9474014986705, 224.140053178632, 2.81253726532914, 0.0978486826202562, 7.37932479252276, 180.730819434373, 39.1510595439529, 0, 151.753863508178, 33.4829425509629, 9.1416968817984, 2.62462331802433, 260.336685198614, 53.8873579888808, 0.155861735557167, 0.541584078639916, 0.268777697204093, 
0, eco7, 34375, 6920.75118545455, 10133.2699636364, 170.575476363636, 0.0110836363636364, 0, 0, 78.7712290909091, 636.742254545455, 3188.29646545455, 266.841105454545, 288.595898181818, 4.44514909090909, 399.950690909091, 3.35904, 0.332130909090909, 5.46836363636364, 10.19584, 14.3163345454545, 402.732916363636, 0.383185454545455, 0.106967272727273, 5.44503272727273, 85.3523781818182, 31.5195054545455, 0, 35.81696, 19.3146472727273, 4.30850909090909, 2.24631272727273, 114.352116363636, 33.4556509090909, 0.0129454545454545, 0.0219054545454545, 0.0399418181818182, 
0, eco8, 8287, 3842.95885121274, 9328.16061300833, 133.310968987571, 0, 0.0131531314106432, 0, 126.710027754314, 920.102449619887, 3254.16230240135, 137.588270785568, 1165.66393145891, 2.31265838059611, 971.249788825872, 0.857366960299264, 0.240014480511645, 3.52696995293834, 4.60878484373115, 5.87510558706408, 750.264027995656, 0.395076626040787, 0.0448895860987088, 2.14540847109931, 31.497405574997, 36.3167611922288, 0, 49.5812718716061, 15.2490648002896, 1.36418486786533, 0.6312296367805, 44.7047182333776, 10.5644986122843, 0.0400627488837939, 0, 0, 
0, eco9, 336, 1538.31845238095, 5427.90773809524, 154.77380952381, 0, 0, 0, 93.5148809523809, 1368.24404761905, 2571.89880952381, 228.9375, 1745.65476190476, 1.74107142857143, 1394.19642857143, 0, 0, 0, 0.452380952380952, 0, 470.151785714286, 0, 0, 0.666666666666667, 3.94047619047619, 18.1071428571429, 0, 144.613095238095, 3.55357142857143, 0, 0, 6.65178571428571, 0.75, 0, 0, 0, 
0, eco10, 18, 871.166666666667, 1820.72222222222, 0, 0, 0, 0, 28.7777777777778, 418.722222222222, 1194.22222222222, 402.888888888889, 665.555555555556, 27, 215.055555555556, 0, 0, 0, 0, 0, 113.888888888889, 0, 0, 0, 0, 0, 0, 144.722222222222, 0, 0, 0, 14, 0, 0, 0, 0, 
0, eco0, 0, NaN, NaN, NaN, NaN, NaN, NaN, NaN, NaN, NaN, NaN, NaN, NaN, NaN, NaN, NaN, NaN, NaN, NaN, NaN, NaN, NaN, NaN, NaN, NaN, NaN, NaN, NaN, NaN, NaN, NaN, NaN, NaN, NaN, NaN, 
5, eco1, 5609, 460.379925120342, 246.591905865573, 188.467997860581, 0, 0.044927794615796, 0, 8.95204136209663, 30.0871813157426, 234.735246924585, 70.7996077732216, 15.6491353182385, 1.31716883579961, 70.1577821358531, 46.7748261722232, 3.90372615439472, 95.4130861116063, 48.2330183633446, 0.52112676056338, 66.6801568907114, 77.2900695311107, 54.2936352290961, 3.20039222677839, 775.652166161526, 69.2084150472455, 0, 2212.06846140132, 795.489570333393, 29.99269031913, 1.82510251381708, 884.628989124621, 235.623818862542, 0.0433232305223748, 0.111606346942414, 2.05651631306828, 
5, eco2, 36603, 834.898915389449, 131.709368084583, 685.754582957681, 0, 0.0550774526678141, 0, 3.84490342321668, 12.9083681665437, 140.15796519411, 277.620714149113, 9.60003278419802, 0.835040843646696, 53.358358604486, 157.803294811901, 9.39600579187498, 157.135371417643, 129.210938994072, 0.862169767505396, 35.5449826516952, 171.212933366118, 20.677294210857, 2.78971668988881, 2010.1702319482, 80.370215556102, 0, 5528.05321968145, 1493.77152145999, 33.1501516269158, 2.87735977925307, 1507.83331967325, 302.301778542742, 0.373849138048794, 0.0609239679807666, 1.57487091222031, 
5, eco3, 41420, 2199.21383389667, 146.159053597296, 1555.895098986, 0.0033558667310478, 0.0719459198454853, 0, 4.85509415741188, 11.1851762433607, 149.269869628199, 700.471125060357, 11.480516658619, 0.964365041042974, 77.6622404635442, 190.941501690005, 13.8231047802994, 122.502583293095, 100.463930468373, 1.80545630130372, 37.0376146788991, 111.16096088846, 5.99034282955094, 3.48153066151618, 2673.59456784162, 63.0487445678416, 0, 8760.35311443747, 1362.65376629648, 20.1361178174795, 0.69707870593916, 1609.61226460647, 206.152776436504, 0.716996619990343, 0.12554321583776, 0.741139546112989, 
5, eco4, 45644, 4741.61793444922, 336.909955306283, 2021.479646832, 0.0276049425992463, 0.139426868810797, 0.0220839540793971, 11.0380992025239, 23.5569187625975, 366.704561388134, 1025.44673998773, 25.7868284988169, 4.19281833318728, 124.358645166944, 103.169178862501, 9.73361230391727, 79.8750547717115, 75.8825694505302, 9.86144947857331, 69.0864078520726, 40.2599027254404, 2.26892910349663, 5.49566208044869, 2695.5233327491, 57.693935676102, 0, 8752.68589518885, 797.394071509947, 24.3818026465691, 0.844886513013759, 1602.63861624748, 109.750701077907, 1.24982473052318, 0.388616247480501, 1.73280168258698, 
5, eco5, 41067, 9367.39693671318, 607.68775415784, 2210.55801495118, 0.0150242286994424, 0.11773443397375, 0.00306815691431076, 12.419485231451, 26.273285119439, 1067.87152701683, 1178.68687754158, 40.0996663988117, 10.3737550831568, 130.712494216768, 37.005698005698, 1.73574889814206, 33.6847834027321, 49.554703289746, 12.251710619232, 124.90393746804, 7.04760513307522, 0.404022694620985, 8.06528356101006, 1808.29929140186, 61.0704702072223, 0, 3245.66722672706, 217.320792850707, 21.3727567146371, 2.20427593931867, 1288.88689215185, 70.224925122361, 0.894489492780091, 0.886965203204519, 1.83546399785716, 
5, eco6, 62055, 10635.3403110144, 5461.50962855531, 747.957440979776, 0, 0.0174200306180002, 0, 28.128547256466, 114.903118201595, 3072.51349609218, 562.42375312223, 94.9790186125211, 8.1598904197889, 192.425622431714, 9.22979614857787, 0.528724518572234, 8.08465071307711, 13.0068809926678, 9.88564982676658, 219.741326242849, 3.09567319313512, 0.0984449278865522, 7.2554346950286, 224.419772782209, 38.7449359439207, 0, 183.923293852228, 34.5300781564741, 9.24750624446056, 2.45234066553864, 249.960502779792, 52.153702360809, 0.153122230279591, 0.530335992264926, 0.26581258560954, 
5, eco7, 34375, 7050.63441454545, 10213.1882763636, 198.250327272727, 0.0102981818181818, 0, 0, 74.4877381818182, 606.3712, 3318.63188363636, 311.788741818182, 308.002763636364, 4.08453818181818, 408.420014545455, 3.12834909090909, 0.300625454545455, 4.99549090909091, 9.91441454545455, 12.9267490909091, 385.139752727273, 0.445265454545455, 0.101410909090909, 5.26769454545455, 103.727447272727, 30.6314181818182, 0, 52.6623418181818, 19.8216145454545, 4.36407272727273, 2.08936727272727, 110.722152727273, 31.9882472727273, 0.0126254545454545, 0.0245818181818182, 0.0397090909090909, 
5, eco8, 8287, 3950.25063352238, 9361.80439242187, 155.985881501146, 0, 0.0141184988536262, 0, 119.727163026427, 874.33341378062, 3322.15120067576, 160.989139616266, 1174.53240014481, 2.13141064317606, 969.528659345964, 0.805478460238928, 0.21588029443707, 3.23410160492337, 4.49016531917461, 5.31145167129239, 710.400627488838, 0.467599855194884, 0.0447689151683359, 2.13575479666948, 38.8477132858694, 35.2070713165199, 0, 68.5240738506094, 15.7054422589598, 1.52636659828647, 0.596114396041993, 44.7331965729456, 10.5063352238446, 0.0374079884155907, 0, 0, 
5, eco9, 336, 1655.46428571429, 5583.81845238095, 169.991071428571, 0, 0, 0, 89.8333333333333, 1302.01488095238, 2637.30654761905, 262.574404761905, 1735.21130952381, 1.58928571428571, 1405.20238095238, 0, 0, 0.166666666666667, 0.449404761904762, 0, 457.875, 0, 0, 0.80952380952381, 5.69047619047619, 17.6785714285714, 0, 185.166666666667, 3.63095238095238, 0, 0, 7.08333333333333, 0.788690476190476, 0, 0, 0, 
5, eco10, 18, 905.444444444444, 1888.05555555556, 0, 0, 0, 0, 30.1111111111111, 403.333333333333, 1223.55555555556, 387.833333333333, 687.388888888889, 25.0555555555556, 233.166666666667, 0, 0, 0, 0, 0, 120.277777777778, 0, 0, 0, 0, 0, 0, 150.777777777778, 0, 0, 0, 14.6111111111111, 0, 0, 0, 0, 
5, eco0, 0, NaN, NaN, NaN, NaN, NaN, NaN, NaN, NaN, NaN, NaN, NaN, NaN, NaN, NaN, NaN, NaN, NaN, NaN, NaN, NaN, NaN, NaN, NaN, NaN, NaN, NaN, NaN, NaN, NaN, NaN, NaN, NaN, NaN, NaN, 
10, eco1, 5609, 494.010518809057, 265.4391157069, 215.516313068283, 0, 0.0404706721340702, 0, 8.74184346585844, 30.3866999465145, 259.171688357996, 89.8623640577643, 16.59511499376, 1.25726510964521, 76.3239436619718, 45.8258156534142, 3.55232661793546, 89.9399179889463, 46.8254590836156, 0.48065608842931, 75.7445177393475, 80.0857550365484, 53.4159386699947, 3.51845248707434, 959.733820645391, 71.3308967730433, 0, 2576.96398645035, 791.459440185416, 31.0784453556784, 2.01693706543056, 870.963273310751, 244.557853449813, 0.0411838117311464, 0.112497771438759, 2.04831520770191, 
10, eco2, 36603, 912.643608447395, 144.637160888452, 763.996830860858, 0, 0.0507062262656066, 0, 3.81883998579351, 13.03955959894, 156.988443570199, 349.312897849903, 10.2429035871377, 0.798868945168429, 58.740649673524, 151.355517307325, 8.48471436767478, 144.450236319427, 124.764773379231, 0.778324181078054, 38.8630986531159, 172.680436029834, 20.6527060623446, 3.05726306586892, 2411.22752233423, 81.5989672977625, 0, 6331.65251482119, 1456.55588339754, 35.1209736906811, 3.1750402972434, 1473.93519656859, 306.688386197853, 0.383629757123733, 0.0605414856705734, 1.53462830915499, 
10, eco3, 41420, 2352.60366972477, 161.06537904394, 1681.37247706422, 0.00386286817962337, 0.0711009174311927, 0, 4.75552873008209, 11.2622887493964, 166.876605504587, 850.487662964751, 12.1211733462096, 0.90210043457267, 84.044881699662, 175.391936262675, 12.4322549492999, 111.186455818445, 93.8724287783679, 1.62807822308064, 39.6188797682279, 108.424963785611, 5.76274746499276, 3.59560598744568, 3088.76554804442, 62.3206904876871, 0, 9624.14599227426, 1295.77943022694, 20.6260502172863, 0.736141960405601, 1533.1160791888, 201.322525350072, 0.707339449541284, 0.122959922742636, 0.722090777402221, 
10, eco4, 45644, 4903.78290684427, 379.920274296731, 2144.5408377881, 0.0329068442730698, 0.160875471036719, 0.0265095083691175, 10.6867277188678, 23.6360748400666, 412.72905529752, 1207.93541319779, 27.3164052230304, 3.91595828586452, 132.184427306984, 93.6663088248182, 8.75622206642713, 72.1988870388222, 69.6326132678994, 8.8622820085882, 72.3076855665586, 39.1209359390062, 2.16484094294979, 5.74432565068793, 3041.78448426956, 58.2778897554991, 0, 9406.73159670493, 752.976360529314, 25.0885768118482, 0.872732451143633, 1504.05895627027, 105.884475506091, 1.23010691438086, 0.387520813250372, 1.6828498816931, 
10, eco5, 41067, 9514.99486205469, 678.166946696861, 2330.51583996883, 0.0166313585117004, 0.126110989358853, 0.00323861007621691, 11.9116078603258, 25.9915990941632, 1167.50098619329, 1365.49399761366, 42.0406652543405, 9.64450775561887, 137.719287992792, 33.7591740326783, 1.56753597779239, 30.5314486083717, 46.4367740521587, 11.017581026128, 125.593761414274, 7.34119852923272, 0.389363722697056, 8.17308301068985, 2028.947062118, 61.5379501789758, 0, 3517.3458007646, 209.819270947476, 22.6836145810505, 2.11481237976964, 1209.28015194682, 68.4605887939221, 0.880074025373171, 0.860569313560767, 1.74485596707819, 
10, eco6, 62055, 10656.49066151, 5553.45085810974, 788.507082426879, 0, 0.0172266537748771, 0, 26.81609862219, 110.346080090243, 3173.23475948755, 629.680589799372, 99.6077350737249, 7.50078156474096, 198.191942631537, 8.52318104906937, 0.47643219724438, 7.33264039964548, 12.1397469986302, 8.88229796148578, 213.731302876481, 3.30234469422287, 0.0970107163000564, 7.06805253404238, 257.286342760454, 37.6191281927323, 0, 207.562758842962, 35.4029973410684, 9.33457416807671, 2.28980742889372, 239.743292240754, 50.2393683023125, 0.147240351301265, 0.502795906856821, 0.253226976069616, 
10, eco7, 34375, 7134.55121454545, 10233.9279418182, 219.520814545455, 0.00916363636363636, 0.000290909090909091, 0, 70.3103127272727, 571.843694545455, 3404.27880727273, 348.37728, 326.00864, 3.74923636363636, 412.760116363636, 2.91368727272727, 0.271243636363636, 4.55249454545455, 9.46865454545455, 11.68288, 366.67552, 0.482472727272727, 0.0953018181818182, 5.08206545454545, 118.321163636364, 29.3176145454545, 0, 68.9220654545455, 19.7767563636364, 4.35761454545455, 1.93239272727273, 107.565789090909, 30.6795345454545, 0.0120727272727273, 0.0257163636363636, 0.03808, 
10, eco8, 8287, 4042.43272595632, 9367.82454446724, 167.440328224931, 0, 0.0184626523470496, 0, 113.122118981537, 824.920236515023, 3363.93821648365, 180.672137082177, 1181.98612284301, 1.97936527090624, 982.112706648968, 0.758054784602389, 0.193918185109207, 2.96404006274888, 4.34765295040425, 4.82840593700977, 671.129841921081, 0.51490285990105, 0.0435622058646072, 2.14673585133341, 45.0953300349946, 33.7234222275854, 0, 87.6423313623748, 15.7013394473271, 1.65234704959575, 0.55943043320864, 44.2827319898636, 10.3428261131893, 0.0347532279473875, 0, 0, 
10, eco9, 336, 1747.4375, 5682.8125, 176.005952380952, 0, 0.0148809523809524, 0, 86.4345238095238, 1230.99107142857, 2668.15476190476, 280.946428571429, 1718.22023809524, 1.43452380952381, 1410.41369047619, 0, 0, 0.232142857142857, 0.431547619047619, 0.0148809523809524, 444.747023809524, 0, 0, 1.06547619047619, 7.79464285714286, 17.0089285714286, 0, 216.363095238095, 3.5922619047619, 0, 0, 7.35714285714286, 0.824404761904762, 0, 0, 0, 
10, eco10, 18, 923.666666666667, 1901.61111111111, 0, 0, 0, 0, 32.5, 385.944444444444, 1212.55555555556, 369.333333333333, 668.833333333333, 23.0555555555556, 243.166666666667, 0, 0, 0, 0, 0, 122.888888888889, 0, 0, 0, 0, 0, 0, 153.111111111111, 0, 0, 0, 15.1111111111111, 0, 0, 0, 0, 
10, eco0, 0, NaN, NaN, NaN, NaN, NaN, NaN, NaN, NaN, NaN, NaN, NaN, NaN, NaN, NaN, NaN, NaN, NaN, NaN, NaN, NaN, NaN, NaN, NaN, NaN, NaN, NaN, NaN, NaN, NaN, NaN, NaN, NaN, NaN, NaN, 
15, eco1, 5609, 509.371724014976, 273.979853806383, 233.620431449456, 0, 0.0358352647530754, 0, 8.40506329113924, 29.9313603137814, 270.868782314138, 103.271349616687, 16.9659475842396, 1.17561062578, 79.4396505615974, 44.0468889285078, 3.22214298448921, 83.9689784275272, 44.2488857193796, 0.442146550187199, 84.9605990372615, 80.8103048671777, 51.7744696024247, 4.28935639151364, 1105.42467463006, 71.983419504368, 0, 2832.57835621323, 778.978249242289, 31.3686931716884, 2.14458905330718, 850.168835799608, 248.8047780353, 0.0383312533428419, 0.110358352647531, 1.99037261543947, 
15, eco2, 36603, 959.627653471027, 150.867988962653, 819.590142884463, 0, 0.047701008114089, 0, 3.70677266890692, 12.786219708767, 165.578285932847, 402.728218998443, 10.4957517143404, 0.744638417616042, 61.6526241018496, 142.978772231784, 7.66082015135371, 132.027675327159, 117.37554298828, 0.699204983198099, 41.7213343168593, 170.923858700107, 20.2167308690544, 3.46941507526705, 2712.35215692703, 81.471190885993, 0, 6913.98623063683, 1410.42521104827, 36.3413654618474, 3.382181788378, 1431.3856787695, 306.631450973964, 0.377865202305822, 0.0604322050105183, 1.48419528453952, 
15, eco3, 41420, 2446.16310960888, 169.663737324964, 1773.07168034766, 0.00444229840656688, 0.0704007725736359, 0, 4.57549492998551, 11.0472235634959, 178.202993722839, 968.319435055529, 12.4199420569773, 0.831265089328827, 87.8516658619025, 160.030564944471, 11.1697971994206, 100.648454852728, 86.4711733462096, 1.46552390149686, 41.7792129406084, 104.500241429261, 5.47392563978754, 3.7797440849831, 3410.9505552873, 60.835634958957, 0, 10260.7528247224, 1227.98162723322, 21.0470787059392, 0.76779333655239, 1454.93377595365, 195.540149686142, 0.679719942056977, 0.123104780299372, 0.707001448575567, 
15, eco4, 45644, 4970.24498291123, 403.161247918675, 2232.40835597231, 0.0415826833756901, 0.185763736745246, 0.030518797651389, 10.1630006134432, 22.9149066690036, 441.78113224082, 1346.15390850933, 27.8168433967225, 3.62945841731662, 135.496735605994, 84.7221759705547, 7.87172465165192, 65.1439619665235, 63.1799141179564, 7.95911839453159, 74.2202041889405, 37.3811672947156, 2.04151695732188, 6.12487950223469, 3299.73689860661, 57.8503198667952, 0, 9854.26930155113, 709.71858294628, 25.6913504513189, 0.906625186223819, 1409.60051704496, 102.06640522303, 1.18328805538515, 0.38189028130751, 1.61699237577776, 
15, eco5, 41067, 9532.49662746244, 728.036038668517, 2423.89945698493, 0.020137823556627, 0.133586578031022, 0.0031412082694134, 11.3036744831617, 25.2381717680863, 1240.57844498015, 1517.34916112694, 43.0295127474615, 8.94265468624443, 141.653493072296, 30.7405215866754, 1.41354372123603, 27.6279007475589, 43.192612072954, 9.89363722697056, 125.73285119439, 7.44023181630019, 0.373462877736382, 8.39917695473251, 2203.11089195705, 61.2280663306304, 0, 3732.75503445589, 203.115469841966, 24.0041882776926, 2.04560839603575, 1135.60204056785, 66.9502276767234, 0.858621277424696, 0.826722185696545, 1.64146394915626, 
15, eco6, 62055, 10608.5631133672, 5606.5065667553, 835.861800016115, 0, 0.0178067843042462, 0, 25.5635323503344, 105.350366610265, 3262.23158488438, 699.813117395859, 109.612005479011, 6.90187736685199, 201.380243332528, 7.88958182257675, 0.429264362259286, 6.64993956973652, 11.3470147449843, 8.01398759165257, 208.099411812102, 3.5000886310531, 0.0951252920796068, 6.95394408186286, 288.139521392313, 36.3621625976956, 0, 234.482491338329, 36.188316815728, 9.42285069696237, 2.13375231649343, 230.438691483362, 48.3981951494642, 0.141068407058255, 0.475513657239546, 0.240738054951253, 
15, eco7, 34375, 7163.27022545455, 10184.2478545455, 244.123607272727, 0.00817454545454546, 0.000552727272727273, 0, 66.3364945454545, 536.590254545455, 3472.32814545455, 383.964712727273, 341.339636363636, 3.45893818181818, 413.331956363636, 2.71790545454545, 0.24416, 4.14199272727273, 9.03165090909091, 10.5617163636364, 349.126050909091, 0.521978181818182, 0.08928, 4.95074909090909, 131.636218181818, 27.9407709090909, 0, 86.04448, 19.9088581818182, 4.36686545454545, 1.78609454545455, 104.389585454545, 29.3789090909091, 0.0114618181818182, 0.0261236363636364, 0.0361309090909091, 
15, eco8, 8287, 4051.28912754917, 9217.93966453481, 185.937371787136, 0, 0.0249788825871847, 0, 106.545311934355, 772.325811512007, 3353.19488355255, 197.097622782672, 1169.36261614577, 1.85652226378665, 959.351031736455, 0.708459032219138, 0.17388681066731, 2.71316519850368, 4.20200313744419, 4.35815132134669, 631.450102570291, 0.556534330879691, 0.0416314709786412, 2.19162543743212, 50.1583202606492, 31.9870882104501, 0, 103.367322312055, 15.7502111741282, 1.77675877881018, 0.525159888982744, 43.8597803789067, 10.1736454688066, 0.0319777965488114, 0, 0, 
15, eco9, 336, 1803.41071428571, 5688.56845238095, 187.232142857143, 0, 0.068452380952381, 0, 83.3154761904762, 1158.2380952381, 2675.45535714286, 301.699404761905, 1679.72321428571, 1.28571428571429, 1386.13988095238, 0, 0, 0.31547619047619, 0.416666666666667, 0.00892857142857143, 431.238095238095, 0, 0, 1.375, 10.8988095238095, 16.2202380952381, 0, 243.321428571429, 3.63988095238095, 0, 0, 7.625, 0.851190476190476, 0, 0, 0, 
15, eco10, 18, 954.222222222222, 1936.72222222222, 0, 0, 0, 0, 35.3333333333333, 369.5, 1240.5, 365.888888888889, 663.5, 22.2222222222222, 251.611111111111, 0, 0, 0, 0, 0, 127.777777777778, 0, 0, 0, 11.1111111111111, 0, 0, 156.388888888889, 0, 0, 0, 15.5, 0, 0, 0, 0, 
15, eco0, 0, NaN, NaN, NaN, NaN, NaN, NaN, NaN, NaN, NaN, NaN, NaN, NaN, NaN, NaN, NaN, NaN, NaN, NaN, NaN, NaN, NaN, NaN, NaN, NaN, NaN, NaN, NaN, NaN, NaN, NaN, NaN, NaN, NaN, NaN, 
20, eco1, 5609, 536.555714031022, 289.665180959173, 256.771082189339, 0, 0.0319129969691567, 0, 8.18648600463541, 30.1012658227848, 292.378320556249, 119.358352647531, 17.7685862007488, 1.12854341237297, 84.6591192725976, 42.9921554644322, 2.93189516847923, 78.8662863255482, 42.5927972900695, 0.408985558923159, 101.725262970226, 82.6967373863434, 50.4449991085755, 5.79568550543769, 1283.19932251738, 73.7074344802995, 0, 3131.2203601355, 773.941879122838, 32.0260295952933, 2.27206275628454, 838.272597610982, 255.422891781066, 0.0361918345516135, 0.10857550365484, 1.94615796042075, 
20, eco2, 36603, 1016.52708794361, 160.854820643117, 884.115864819824, 0, 0.0456793159030681, 0, 3.64942764254296, 12.8090866868836, 179.194628855558, 461.356063710625, 10.9903833019151, 0.708767040952927, 65.8447121820616, 135.05972188072, 6.91243887113078, 120.743764172336, 111.192170040707, 0.629483922082889, 47.1632653061224, 170.274950140699, 19.788104800153, 4.16034204846597, 3039.92746496189, 81.8967570964129, 0, 7546.0848017922, 1368.42204190913, 37.560473185258, 3.57394202660984, 1393.90216648909, 306.857334098298, 0.37223724831298, 0.0611971696309046, 1.43974537606207, 
20, eco3, 41420, 2550.01366489619, 181.179671656205, 1874.27211492033, 0.00516658619024626, 0.071825205214872, 0, 4.43978754225012, 11.0260985031386, 192.475881216803, 1093.06214389184, 12.9090777402221, 0.7702559150169, 92.7944471269918, 146.001110574602, 10.0428295509416, 91.1429261226461, 80.4113713182038, 1.32085948816997, 45.3393529695799, 100.962819893771, 5.20217286335104, 4.09751327860937, 3754.93476581362, 59.7020762916465, 0, 10946.8237083535, 1164.17621921777, 21.6284645098986, 0.810526315789474, 1381.53998068566, 190.178995654273, 0.651086431675519, 0.126846933848382, 0.698575567358764, 
20, eco4, 45644, 5070.91527911664, 433.032928752958, 2336.40305407063, 0.049557444571028, 0.211418806414863, 0.0348348085180966, 9.74338357725002, 22.6480807992288, 478.257010779073, 1497.38151783367, 28.8806853036544, 3.39170537200946, 141.115393041802, 76.9168565419332, 7.08636403470336, 58.8085180965735, 58.3559942161073, 7.15401805275611, 78.4862851634388, 36.0159714310753, 1.93212689510122, 6.7117693453685, 3586.67748225397, 58.0226097625099, 0, 10365.6546314959, 670.84396634826, 26.66841205854, 0.959578476908246, 1324.39917623346, 99.0320743142582, 1.14109192884059, 0.384124967136973, 1.57411708001052, 
20, eco5, 41067, 9632.3800374997, 790.364136654735, 2542.05430150729, 0.0252270679621107, 0.14598095794677, 0.00282465239730197, 10.7764385029342, 24.7240606813256, 1329.90284169771, 1684.25563104196, 44.6184040713955, 8.34738354396474, 147.509484500938, 28.1623201110381, 1.2796405873329, 25.0229137750505, 40.9589451384323, 8.89078822412156, 127.567876884116, 7.8613728784669, 0.358803905812453, 8.79545620571262, 2404.12847298317, 61.6067158545791, 0, 3970.95190785789, 198.410889522001, 25.9259746268293, 2.02308422821243, 1070.38790269559, 66.1596659118027, 0.83850780431977, 0.802420434899067, 1.55721138627122, 
20, eco6, 62055, 10631.2739182983, 5695.5058254774, 882.346853597615, 0, 0.0197888969462574, 0, 24.5901538957377, 101.176923696721, 3365.36659415035, 770.797244379986, 115.879171702522, 6.37732656514382, 206.860059624527, 7.35571670292483, 0.386834259930707, 6.03519458544839, 10.7455483039239, 7.22409153170574, 204.182193215696, 3.72345499959713, 0.0937716541777456, 6.97584400934655, 320.076077673032, 35.207718958988, 0, 261.07283861091, 37.1416968817984, 9.54287325759407, 1.99255499153976, 223.170816211425, 46.9423253565386, 0.136056723873983, 0.451696076061558, 0.230118443316413, 
20, eco7, 34375, 7234.50068363636, 10194.6675781818, 265.806836363636, 0.00721454545454545, 0.000610909090909091, 0, 62.9072581818182, 504.896669090909, 3556.31831272727, 420.17728, 354.695738181818, 3.21794909090909, 417.435752727273, 2.55342545454545, 0.219898181818182, 3.77568, 8.76410181818182, 9.5312, 333.969803636364, 0.568116363636364, 0.0840727272727273, 4.88581818181818, 145.35488, 26.6537018181818, 0, 103.197876363636, 20.1027490909091, 4.38624, 1.65355636363636, 102.066705454545, 28.3056290909091, 0.0107927272727273, 0.0260654545454545, 0.0344436363636364, 
20, eco8, 8287, 4125.69735730663, 9204.50380113431, 200.084831664052, 0, 0.034270544225896, 0, 101.298660552673, 728.234463617714, 3397.19560757813, 216.266441414263, 1169.11451671292, 1.78182695788585, 965.481235670327, 0.674309158923615, 0.156148183902498, 2.50078436104742, 4.19464221069144, 3.9319415952697, 599.515023530831, 0.613853022806806, 0.0395800651623024, 2.3389646434174, 56.2525642572704, 30.6389525763244, 0, 121.623144684446, 16.1028116326777, 1.92687341619404, 0.494871485459153, 44.0857970314951, 10.1409436466755, 0.0296850488717268, 0, 0, 
20, eco9, 336, 1889.98214285714, 5793.23511904762, 195.91369047619, 0, 0.119047619047619, 0, 81.4642857142857, 1097.70535714286, 2725.63392857143, 323.139880952381, 1657.13392857143, 1.15178571428571, 1383.79166666667, 0, 0, 0.422619047619048, 0.404761904761905, 0.0238095238095238, 425.005952380952, 0, 0, 1.94940476190476, 12.172619047619, 15.5178571428571, 0, 271.91369047619, 3.70238095238095, 0, 0, 8.03571428571429, 0.901785714285714, 0, 0, 0, 
20, eco10, 18, 975.166666666667, 1968.44444444444, 0, 0, 0, 0, 39.5555555555556, 358.611111111111, 1244.55555555556, 355.166666666667, 654.111111111111, 21.7777777777778, 265.222222222222, 0, 0, 0, 0, 0, 135.555555555556, 0, 0, 0, 22.9444444444444, 0, 0, 159.611111111111, 0, 0, 0, 16.3888888888889, 0, 0, 0, 0, 
20, eco0, 0, NaN, NaN, NaN, NaN, NaN, NaN, NaN, NaN, NaN, NaN, NaN, NaN, NaN, NaN, NaN, NaN, NaN, NaN, NaN, NaN, NaN, NaN, NaN, NaN, NaN, NaN, NaN, NaN, NaN, NaN, NaN, NaN, NaN, NaN, 
25, eco1, 5609, 554.91941522553, 300.595828133357, 274.142806204314, 0, 0.028169014084507, 0, 7.91620609734356, 29.9037261543947, 308.313781422713, 131.676591192726, 18.3168122660011, 1.06756997682296, 88.4273489035479, 41.4729898377607, 2.70529506150829, 73.5771082189339, 40.1943305402032, 0.375467997860581, 119.53414155821, 83.1167766090212, 48.6767694776252, 7.46140131930825, 1441.25512569085, 74.9852023533607, 0, 3371.5845961847, 764.795507220538, 32.4171866642895, 2.39383134248529, 823.834908183277, 259.463719022999, 0.0338741308611161, 0.107149224460688, 1.9067569976823, 
25, eco2, 36603, 1059.78706663388, 168.220856213972, 937.231702319482, 0, 0.0416086113160124, 0, 3.55995410212278, 12.6748080758408, 189.748545201213, 507.847389558233, 11.3362565909898, 0.662295440264459, 68.9251427478622, 126.576646722946, 6.28279102805781, 110.083135262137, 103.829412889654, 0.565172253640412, 52.6513400540939, 167.624211130235, 19.1373111493593, 4.85648717318253, 3308.27139851925, 81.6108515695435, 0, 8051.74127803732, 1322.95839138868, 38.6426522416195, 3.80624538972215, 1352.90916045133, 305.08881785646, 0.36122722181242, 0.0640111466273256, 1.40075950058738, 
25, eco3, 41420, 2646.93814582327, 196.74570255915, 1965.89152583293, 0.00545630130371801, 0.0716079188797682, 0, 4.2759053597296, 10.8918396909705, 204.285659101883, 1192.1409464027, 13.2636407532593, 0.70985031385804, 96.5046595847417, 132.935948816997, 9.06574118783197, 82.3987204249155, 74.1312650893288, 1.18891839690971, 49.0104056011589, 97.2525108643168, 4.90779816513761, 4.43010622887494, 4031.32670207629, 58.2288266537904, 0, 11477.2492032834, 1102.52831965234, 22.2696281989377, 0.869169483341381, 1309.62003862868, 184.649782713665, 0.615499758570739, 0.131506518590053, 0.692370835345244, 
25, eco4, 45644, 5138.40767680308, 466.585400052581, 2416.80014897906, 0.0521645780387346, 0.223118043992639, 0.0380115677854702, 9.27791166418368, 22.1316492857769, 509.85419770397, 1617.33542196127, 29.5759355008325, 3.1837043203926, 144.991170800105, 69.8078170186662, 6.38495749715187, 53.0408158794146, 53.5944921566909, 6.42071247042328, 82.5682674612216, 35.2822714924196, 1.81607659276137, 7.27692577337657, 3807.81206730348, 57.6024450092016, 0, 10726.6730128823, 634.465800543335, 27.6774384365963, 1.02355183594777, 1244.45462711419, 96.2516650600298, 1.08535623521164, 0.390544211725528, 1.5246910875471, 
25, eco5, 41067, 9650.08561618818, 849.844619767697, 2627.47902208586, 0.0290744393308496, 0.150899749190347, 0.00253244697689142, 10.270923125624, 24.0364769766479, 1395.92709474761, 1815.19309908199, 48.6615287213578, 7.78897898556018, 151.103538120632, 25.7740521586675, 1.16275841916868, 22.6298000827915, 38.5087052864831, 8.09209340833272, 128.387659191078, 8.0552998758127, 0.340687169746999, 9.15085104828695, 2550.15491757372, 61.1182457934595, 0, 4140.78454720335, 194.602308422821, 27.8615920325322, 2.04054350208196, 1009.56773078141, 65.5503445588916, 0.810188228991648, 0.782842671731561, 1.47792631553315, 
25, eco6, 62055, 10541.4368221739, 5716.36719039562, 917.054145516074, 0, 0.0205624043187495, 0, 23.5421158649585, 96.383466279913, 3412.01087744743, 826.74388848602, 124.844057690758, 5.88423172991701, 211.695931028926, 6.84017403915881, 0.348046088147611, 5.46586092982032, 10.0368705180888, 6.47952622673435, 198.817822899041, 3.86413665296914, 0.0912255257432922, 6.95033438079123, 343.160792845057, 33.6750463298687, 0, 285.660301345581, 37.6046732737088, 9.54027878494884, 1.85556361292402, 215.152058657642, 45.1664652324551, 0.129933123841753, 0.424397711707356, 0.217274997985658, 
25, eco7, 34375, 7211.96436363636, 10085.2177745455, 274.650501818182, 0.00625454545454545, 0.00104727272727273, 0, 59.3733236363636, 472.246981818182, 3579.52858181818, 448.492072727273, 364.180945454545, 2.98734545454545, 426.000785454545, 2.38583272727273, 0.197730909090909, 3.42740363636364, 8.3664, 8.53666909090909, 317.75136, 0.597730909090909, 0.0786036363636364, 4.78449454545455, 154.758254545455, 25.1880145454545, 0, 119.947578181818, 20.0287709090909, 4.34498909090909, 1.52573090909091, 99.0981818181818, 27.0560581818182, 0.0100072727272727, 0.0253381818181818, 0.0322618181818182, 
25, eco8, 8287, 4139.19596959093, 9082.32955231085, 204.932906962713, 0, 0.04283818028237, 0, 95.8497646916858, 682.666827561241, 3387.54036442621, 226.65053698564, 1157.15361409436, 1.70676963919392, 961.70870037408, 0.636177144925787, 0.140219621093279, 2.29323036080608, 4.10148425244359, 3.52817666224207, 566.655243151925, 0.651623024013515, 0.0370459756244721, 2.46711717147339, 60.5560516471582, 29.0851936768433, 0, 138.321467358513, 16.1783516350911, 2.02570290816942, 0.464341740074816, 43.7961867986002, 9.98141667672258, 0.0273923011946422, 0, 0, 
25, eco9, 336, 1937.69047619048, 5794.93452380952, 199.526785714286, 0, 0.154761904761905, 0, 78.6577380952381, 1033.70238095238, 2720.97321428571, 331.279761904762, 1619.8869047619, 1.0327380952381, 1368.75, 0, 0, 0.473214285714286, 0.386904761904762, 0.0178571428571429, 413.842261904762, 0, 0, 2.38988095238095, 14.7529761904762, 14.7083333333333, 0, 296.470238095238, 3.72916666666667, 0, 0, 8.25892857142857, 0.928571428571429, 0, 0, 0, 
25, eco10, 18, 963.611111111111, 1951.94444444444, 0, 0, 0, 0, 41.4444444444444, 342.722222222222, 1224.22222222222, 341.166666666667, 635.5, 20.9444444444444, 268.055555555556, 0, 0, 0, 0, 0, 137.111111111111, 0, 0, 0, 23.2777777777778, 0, 0, 158.944444444444, 0, 0, 0, 16.6111111111111, 0, 0, 0, 0, 
25, eco0, 0, NaN, NaN, NaN, NaN, NaN, NaN, NaN, NaN, NaN, NaN, NaN, NaN, NaN, NaN, NaN, NaN, NaN, NaN, NaN, NaN, NaN, NaN, NaN, NaN, NaN, NaN, NaN, NaN, NaN, NaN, NaN, NaN, NaN, NaN, 
30, eco1, 5609, 570.844357282938, 309.34622927438, 291.032091281868, 0, 0.0285255838830451, 0, 7.63522909609556, 29.5544660367267, 322.350151542164, 143.517917632377, 18.7286503833125, 1.00320912818684, 91.5751470850419, 39.9557853449813, 2.48404350151542, 68.5061508290248, 37.9377785701551, 0.340345872704582, 141.5853093243, 83.6384382242824, 46.9129969691567, 9.48832233909788, 1608.22909609556, 77.7008379390266, 0, 3607.90586557319, 756.764842217864, 32.8789445533963, 2.52344446425388, 811.779461579604, 263.665537528971, 0.0313781422713496, 0.109288643251917, 1.92993403458727, 
30, eco2, 36603, 1100.50774526678, 175.014069884982, 985.318197961916, 0, 0.0409256071906674, 0, 3.46490724803978, 12.5138103434145, 200.322432587493, 551.630494768188, 11.6473239898369, 0.614048028850094, 71.8939977597465, 118.274294456739, 5.68406961178045, 100.141545774936, 97.3795590525367, 0.505942135890501, 59.4964347184657, 164.813895035926, 18.4373958418709, 5.70384941125044, 3566.30713329508, 82.0027866568314, 0, 8533.18891894107, 1276.80160096167, 39.8579897822583, 4.10829713411469, 1312.22211294156, 302.57345026364, 0.349233669371363, 0.072698959101713, 1.41499330655957, 
30, eco3, 41420, 2736.99314340898, 208.574529212941, 2049.80205214872, 0.00593915982617093, 0.070738773539353, 0, 4.10224529212941, 10.6896185417673, 214.53698696282, 1283.71074360212, 13.5531627233221, 0.653090294543699, 99.9206422018349, 120.970569773056, 8.15924674070497, 74.4243360695316, 68.8892322549493, 1.07020762916465, 52.9847175277644, 93.3447126991791, 4.61545147271849, 4.81552390149686, 4288.31950748431, 56.9000241429261, 0, 11966.880733945, 1042.81564461613, 22.9595364558184, 0.940463544181555, 1240.46738290681, 179.026557218735, 0.579768227909223, 0.14343312409464, 0.706832448092709, 
30, eco4, 45644, 5209.95364122338, 498.818420822014, 2496.16657172903, 0.0549469809832618, 0.24200333012006, 0.0444965384278328, 8.81730347909911, 21.5235737446324, 536.128735430725, 1726.61688283235, 30.2222636052931, 3.05045570063973, 148.711265445623, 63.5641048111471, 5.75672596617299, 47.8717684690211, 49.7772763123302, 5.77116378932609, 87.0356016124792, 34.9988607484007, 1.70462711418806, 7.99158706511261, 4018.61151520463, 57.2435369380422, 0, 11071.3258040487, 601.621089299798, 28.8805319428622, 1.10956533169748, 1171.65717290334, 94.1201253176759, 1.02747349049163, 0.409801945491193, 1.4948952764876, 
30, eco5, 41067, 9683.40392529281, 910.080186037451, 2711.9012832688, 0.0321912971485621, 0.150631894221638, 0.00226459200818175, 9.86904327075267, 23.4750286117807, 1458.141670928, 1940.84459541725, 49.4496797915601, 7.33367423965715, 154.799547081598, 23.6789392943239, 1.05666350110795, 20.4859376141427, 36.6258066087126, 7.3462877736382, 129.80916551002, 8.71412569703168, 0.327464874473421, 9.64599313317262, 2688.25594759783, 60.6003603866852, 0, 4305.88255777145, 192.210582706309, 30.0107385492001, 2.09026712445516, 954.786519589938, 65.4690140502106, 0.788272822460857, 0.779725813913848, 1.4266199137994, 
30, eco6, 62055, 10515.5463701555, 5777.87325759407, 959.921859640641, 0, 0.0208202401095802, 0, 22.8001772621062, 92.3987430505197, 3470.54321166707, 890.784932720973, 139.503698332125, 5.48494077834179, 214.897123519459, 6.43448553702361, 0.313560551124003, 4.96883409878334, 9.53201192490533, 5.98793006204174, 195.026508742245, 4.01012005479011, 0.0890016920473773, 7.02006284747401, 367.553718475546, 32.2682620256224, 0, 317.144033518653, 38.0827652888567, 9.53671742808799, 1.73239867859157, 208.226089759085, 43.5930706631214, 0.125259850132947, 0.400902425267907, 0.206349206349206, 
30, eco7, 34375, 7232.67712, 10030.5328290909, 289.978094545455, 0.00509090909090909, 0.00174545454545455, 0, 56.3848436363636, 442.854603636364, 3612.44113454545, 482.767970909091, 386.569250909091, 2.80523636363636, 442.95328, 2.27482181818182, 0.177832727272727, 3.13649454545455, 8.13725090909091, 7.99159272727273, 303.551709090909, 0.629905454545455, 0.0737454545454545, 4.71450181818182, 164.553047272727, 23.8352581818182, 0, 142.716596363636, 20.0452654545455, 4.31912727272727, 1.41221818181818, 96.6564363636364, 25.9727418181818, 0.00925090909090909, 0.0247563636363636, 0.0303709090909091, 
30, eco8, 8287, 4206.01291178955, 9052.30336671896, 212.779534210209, 0, 0.0497164233136237, 0, 91.6319536623627, 643.0421141547, 3402.95161095692, 244.196814287438, 1168.28055991312, 1.67817062869555, 986.553758899481, 0.626040786774466, 0.125859780378907, 2.13901291178955, 4.16556051647158, 3.31772655967178, 538.739471461325, 0.695305900808495, 0.034270544225896, 2.62773017979969, 65.9456980813322, 27.7164233136237, 0, 160.726439000845, 16.4212622179317, 2.13322070713165, 0.437070109810547, 43.8549535416918, 9.8878967056836, 0.0253408953783034, 0, 0, 
30, eco9, 336, 2006.78571428571, 5844.44642857143, 204.470238095238, 0, 0.181547619047619, 0, 76.9523809523809, 976.71130952381, 2726.09821428571, 342.443452380952, 1611.19047619048, 0.955357142857143, 1386.98214285714, 0, 0, 0.544642857142857, 0.37202380952381, 0.0535714285714286, 405.52380952381, 0, 0, 2.82440476190476, 16.9821428571429, 13.9345238095238, 0, 324.505952380952, 3.76488095238095, 0, 0, 8.53273809523809, 0.961309523809524, 0, 0, 0, 
30, eco10, 18, 962.944444444444, 1952.77777777778, 0, 0, 0, 0, 44.8333333333333, 330.055555555556, 1215.11111111111, 331.555555555556, 632.444444444444, 20.4444444444444, 281.555555555556, 0, 0, 0, 0, 0, 140.5, 0, 0, 0, 25.5, 0, 0, 159.166666666667, 0, 0, 0, 17.0555555555556, 0, 0, 0, 0, 
30, eco0, 0, NaN, NaN, NaN, NaN, NaN, NaN, NaN, NaN, NaN, NaN, NaN, NaN, NaN, NaN, NaN, NaN, NaN, NaN, NaN, NaN, NaN, NaN, NaN, NaN, NaN, NaN, NaN, NaN, NaN, NaN, NaN, NaN, NaN, NaN, 
35, eco1, 5609, 577.551613478338, 313.137279372437, 303.402567302549, 0, 0.0253164556962025, 0, 7.31716883579961, 28.8989124621145, 329.203601354965, 152.419860937779, 18.8844713852737, 0.928507755393118, 93.3218042431806, 38.1078623640578, 2.27562845426992, 63.7026207880193, 35.6084863612052, 0.306650026742735, 160.950258513104, 83.0814761989659, 44.988054911749, 11.2988054911749, 1743.21608129791, 79.625601711535, 0, 3790.49545373507, 744.433232305224, 32.9869852023534, 2.61864860046354, 795.589588161883, 265.365484043502, 0.0290604385808522, 0.111249777143876, 1.92048493492601, 
35, eco2, 36603, 1129.66270524274, 178.826708193318, 1025.47843072972, 0.000136600825068983, 0.0391771166297844, 0, 3.34453460098899, 12.2082069775701, 206.304455918914, 588.338305603366, 11.7967379722974, 0.563423763079529, 73.8717591454252, 110.340928339207, 5.17271808321722, 91.2549791000738, 91.0623992568915, 0.456028194410294, 65.3586044859711, 160.906155233178, 17.6745348741906, 6.48241947381362, 3786.89050077862, 82.2622735841324, 0, 8941.49214545256, 1230.80504330246, 40.7451575007513, 4.38264623118324, 1271.12444335164, 299.874819003907, 0.335054503729203, 0.0775892686391826, 1.41054011966232, 
35, eco3, 41420, 2796.54828585225, 214.245050700145, 2115.55439401255, 0.00514244326412361, 0.0669966199903428, 0, 3.90963302752294, 10.3727667793337, 221.066296475133, 1360.64531627233, 13.6819410912603, 0.598261709319169, 102.220618058909, 110.041936262675, 7.36554804442298, 67.2535972959923, 64.0788025108643, 0.964365041042974, 56.2348865282472, 89.1124336069532, 4.32955094157412, 5.15811202317721, 4505.40113471753, 55.4776677933366, 0, 12368.7737083535, 986.32322549493, 23.5969821342347, 1.02093191694833, 1174.12303235152, 173.62129406084, 0.543843553838725, 0.158401738290681, 0.719290197971994, 
35, eco4, 45644, 5240.66786434143, 519.578783629831, 2559.47149680133, 0.0586714573656998, 0.261786872316186, 0.049557444571028, 8.31557269301551, 20.6565813688546, 553.249912365262, 1813.36436333363, 30.4061431951626, 2.9055954780475, 150.348873893611, 57.6870563491368, 5.17647445447375, 43.1241346069582, 46.0518578564543, 5.1742835860135, 90.175138024713, 34.1927964245027, 1.59151257558496, 8.68322232933135, 4186.28634650776, 56.5089606520025, 0, 11325.2810007887, 568.736000350539, 29.6811410042941, 1.18203926036281, 1100.69623608799, 91.5214924195951, 0.965406187012532, 0.420800105161686, 1.44078082551924, 
35, eco5, 41067, 9660.03389582877, 959.271385784206, 2783.27508705286, 0.0322886989553656, 0.147417634597122, 0.00226459200818175, 9.42710692283342, 22.7999123383739, 1508.83531789515, 2047.68424769279, 50.0088148635157, 6.89780115421141, 157.096719994156, 21.7258869652032, 0.953612389509825, 18.5212701195607, 34.8595222441376, 6.58482479850001, 130.906810821341, 9.3739985876738, 0.316482820756325, 10.1360216232011, 2804.13339177442, 59.8245549954952, 0, 4440.51608347335, 190.018774198261, 32.0343828378016, 2.14770984001753, 903.328682397059, 65.389534175859, 0.765480799668834, 0.77120315581854, 1.36864148829961, 
35, eco6, 62055, 10474.4132140843, 5822.33641124809, 1002.60041898316, 0, 0.0210297316896302, 0, 22.1667875271936, 88.6291354443639, 3528.18688260414, 949.457803561357, 148.325759406978, 5.14216420916929, 217.861703327693, 6.05359761501894, 0.28218515832729, 4.51502699218435, 9.12869228909838, 5.36649746192893, 192.054870679236, 4.29402948996858, 0.0872290709854162, 7.14058496495045, 390.823704778019, 30.9301587301587, 0, 345.260833131899, 39.6475707034083, 9.66342760454436, 1.64441221497059, 202.861381032955, 42.4531947465958, 0.12226250906454, 0.379550398839739, 0.196196922085247, 
35, eco7, 34375, 7239.40654545455, 9963.19706181818, 313.039098181818, 0.00392727272727273, 0.00200727272727273, 0, 53.6556218181818, 415.427549090909, 3652.17085090909, 515.428509090909, 397.1104, 2.65079272727273, 442.625425454545, 2.16247272727273, 0.16, 2.86600727272727, 7.96599272727273, 7.15290181818182, 291.045003636364, 0.660247272727273, 0.0692363636363636, 4.67560727272727, 174.297105454545, 22.60288, 0, 162.4784, 21.0052654545455, 4.38955636363636, 1.32692363636364, 95.2980654545455, 25.2532363636364, 0.00855272727272727, 0.0240872727272727, 0.0286545454545455, 
35, eco8, 8287, 4261.64377941354, 9014.55194883553, 231.124773742006, 0, 0.0576807047182334, 0, 87.7477977555207, 605.600096536744, 3428.09074453964, 264.164595149029, 1168.25739109449, 1.67286110775914, 979.701218776397, 0.607940147218535, 0.112947990829009, 1.99300108603837, 4.24158320260649, 2.96560878484373, 513.840593700977, 0.737178713647882, 0.0318571256184385, 2.81078798117533, 71.1872812839387, 26.4545673947146, 0, 181.506697236636, 17.564739954145, 2.29081694219862, 0.418486786533124, 44.7406781706287, 9.97634849764692, 0.0234101604923374, 0, 0, 
35, eco9, 336, 2070.31845238095, 5892.39583333333, 214.208333333333, 0, 0.202380952380952, 0, 75.7380952380952, 924.202380952381, 2751.6875, 365.169642857143, 1594.29166666667, 0.913690476190476, 1383.66071428571, 0, 0, 0.613095238095238, 0.360119047619048, 0.0863095238095238, 400.482142857143, 0, 0, 3.25, 19.4107142857143, 13.1815476190476, 0, 348.0625, 3.81547619047619, 0, 0, 9.22619047619048, 1.04464285714286, 0, 0, 0, 
35, eco10, 18, 968.833333333333, 1967.11111111111, 0, 0, 0, 0, 48.6666666666667, 319.555555555556, 1227.11111111111, 327.222222222222, 623.055555555556, 20.1111111111111, 288, 0, 0, 0, 0, 0, 149.833333333333, 0, 0, 0, 28, 0, 0, 161.388888888889, 0, 0, 0, 17.4444444444444, 0, 0, 0, 0, 
35, eco0, 0, NaN, NaN, NaN, NaN, NaN, NaN, NaN, NaN, NaN, NaN, NaN, NaN, NaN, NaN, NaN, NaN, NaN, NaN, NaN, NaN, NaN, NaN, NaN, NaN, NaN, NaN, NaN, NaN, NaN, NaN, NaN, NaN, NaN, NaN, 
40, eco1, 5609, 589.764485648066, 320.268140488501, 318.063825993938, 0, 0.0208593332144767, 0, 7.06400427883758, 28.5414512390801, 340.155642717062, 162.472098413264, 19.2449634515956, 0.868069174540916, 96.0964521305045, 36.5637368514887, 2.07701907648422, 59.2884649670173, 33.7780353004101, 0.275271884471385, 187.015154216438, 82.9862720627563, 43.2203601354965, 13.6605455517918, 1905.15742556605, 82.6091995008023, 0, 4007.08111962917, 735.76822963095, 33.1959351042967, 2.6937065430558, 784.471385273667, 267.993225173828, 0.0270993046888929, 0.112854341237297, 1.87840969869852, 
40, eco2, 36603, 1162.90686555747, 183.872141627735, 1068.15646258503, 0.00032784198016556, 0.0393137174548534, 0, 3.24601808594924, 11.9872961232686, 213.834439800016, 626.04005136191, 12.0384941125044, 0.516323798595744, 76.3281425019807, 102.740212550884, 4.67773133349725, 83.0030871786466, 85.481135426058, 0.409556593721826, 72.924678305057, 157.19900008196, 16.9357976122176, 7.41922793213671, 4017.45482610715, 83.1414911346065, 0, 9374.13750239051, 1186.43460918504, 41.5721662158839, 4.65013796683332, 1232.18646012622, 296.948446848619, 0.322924350463077, 0.0822610168565418, 1.40089610141245, 
40, eco3, 41420, 2869.52658136166, 221.387252535007, 2186.73860453887, 0.00376629647513279, 0.0628440366972477, 0, 3.74220183486239, 10.1238049251569, 228.668638338967, 1436.0533317238, 13.910622887494, 0.547199420569773, 105.031361661033, 100.136479961371, 6.62083534524384, 60.7207387735394, 60.2427571221632, 0.868831482375664, 60.3751569290198, 85.0539111540319, 4.06574118783197, 5.5826170931917, 4724.0563737325, 54.437397392564, 0, 12780.6899806857, 933.122863351038, 24.3235634958957, 1.10724287783679, 1111.95726702076, 168.454152583293, 0.511443746982134, 0.17563978754225, 0.735707387735394, 
40, eco4, 45644, 5285.92892822715, 545.128056261502, 2622.15454386119, 0.0624616598019455, 0.276334238892297, 0.0548374375602489, 7.86927087897643, 19.9348216633073, 571.148256068706, 1895.83086495487, 30.7399220050828, 2.82376654105687, 152.643677153624, 52.5911620366313, 4.66457803873455, 38.9196389448777, 43.2628603978617, 4.65322934011042, 94.2014065375515, 34.0524932083078, 1.48856366663746, 9.4761633511524, 4348.62774953992, 56.0752344229252, 0, 11573.1849750241, 540.064280080624, 30.7318157917799, 1.27394619227062, 1037.06710630094, 89.7366357023924, 0.909122776268513, 0.442117255279993, 1.41444658662694, 
40, eco5, 41067, 9645.51262570921, 1008.90534979424, 2847.04424477074, 0.0289770375240461, 0.140526456765773, 0.00241069471838703, 8.97299534906372, 22.0875398738647, 1554.51235785424, 2143.19714125697, 50.6362529524923, 6.50877833783817, 159.365987289064, 19.9551708184187, 0.863880974992086, 16.7384274478292, 33.346628679962, 5.92202985365379, 131.956753597779, 10.1459566074951, 0.305841673363041, 10.6129008693111, 2906.99230525726, 58.8511700392042, 0, 4558.21832614995, 188.252489833686, 33.9460637494826, 2.21153237392554, 855.545206613583, 65.3756787688412, 0.741081647064553, 0.751698444006136, 1.30092288211946, 
40, eco6, 62055, 10374.3364918218, 5820.95698976714, 1030.04623318024, 0, 0.0196922085246958, 0, 21.4006284747401, 84.6484731286762, 3559.19561679156, 990.31908790589, 151.173265651438, 4.81269841269841, 219.274901297236, 5.6841672709693, 0.253823221335912, 4.10002417210539, 8.64921440657481, 4.8096366126823, 188.391459189429, 4.43416324228507, 0.0847957457094513, 7.20979776005157, 408.480525340424, 29.5226170332769, 0, 365.042913544436, 40.7800982998953, 9.73939247441785, 1.55410522923213, 197.094480702603, 41.2291515591008, 0.118942873257594, 0.35773104504069, 0.185255015711869, 
40, eco7, 34375, 7195.24349090909, 9833.50871272727, 329.547810909091, 0.00238545454545455, 0.00221090909090909, 0, 50.8818618181818, 388.571141818182, 3653.98304, 539.21376, 403.45824, 2.50050909090909, 440.240989090909, 2.04930909090909, 0.143912727272727, 2.61678545454545, 7.68817454545455, 6.39735272727273, 277.975214545455, 0.677236363636364, 0.0648436363636364, 4.6048, 181.219810909091, 21.3172654545455, 0, 178.955665454545, 21.1069963636364, 4.36965818181818, 1.23560727272727, 93.8870690909091, 24.5965381818182, 0.00791272727272727, 0.0231563636363636, 0.0267927272727273, 
40, eco8, 8287, 4264.69192711476, 8884.74369494389, 238.083383612888, 0, 0.0586460721612164, 0, 83.5270906238687, 567.547604682032, 3411.6265234705, 278.715699288041, 1156.78653312417, 1.65922529262701, 978.850488717268, 0.585495354169181, 0.101604923373959, 1.85181609750211, 4.21286352117775, 2.65560516471582, 488.111982623386, 0.758175455532762, 0.0293230360806082, 2.95824785809099, 74.9361650778328, 25.0454929407506, 0, 198.129962592012, 17.8404730300471, 2.39024978882587, 0.394593942319295, 44.6828767949801, 9.88705200917099, 0.0214794256063714, 0, 0, 
40, eco9, 336, 2106.73214285714, 5892.94047619048, 216.991071428571, 0, 0.199404761904762, 0, 74.2857142857143, 872.026785714286, 2753.05952380952, 378.107142857143, 1566.16369047619, 0.875, 1375.79166666667, 0, 0, 0.642857142857143, 0.348214285714286, 0.113095238095238, 393.797619047619, 0, 0, 3.5297619047619, 23.3214285714286, 12.4017857142857, 0, 375.369047619048, 3.81845238095238, 0, 0, 9.50297619047619, 1.10714285714286, 0, 0, 0, 
40, eco10, 18, 966.5, 1963.05555555556, 0, 0, 0, 0, 51.1111111111111, 310.444444444444, 1217.83333333333, 320, 610.444444444444, 19.4444444444444, 290.388888888889, 0, 0, 0, 0, 0, 156.722222222222, 0, 0, 0, 29.4444444444444, 0, 0, 161.444444444444, 0, 0, 0, 17.6111111111111, 0, 0, 0, 0, 
40, eco0, 0, NaN, NaN, NaN, NaN, NaN, NaN, NaN, NaN, NaN, NaN, NaN, NaN, NaN, NaN, NaN, NaN, NaN, NaN, NaN, NaN, NaN, NaN, NaN, NaN, NaN, NaN, NaN, NaN, NaN, NaN, NaN, NaN, NaN, NaN, 
45, eco1, 5609, 603.296844357283, 328.091460153325, 331.405598145837, 0, 0.01658049563202, 0, 6.83312533428419, 28.2100196113389, 353.090925298627, 171.485648065609, 19.6473524692459, 0.805312889998217, 98.9383134248529, 35.0483152077019, 1.90782670707791, 55.0691745409164, 32.0260295952933, 0.247281155286147, 217.766446781958, 82.3030843287574, 41.4268140488501, 16.6537707256195, 2072.3417721519, 86.6617935460866, 0, 4203.69923337493, 726.035478694955, 33.4020324478517, 2.75182742021751, 773.871456587627, 269.830807630594, 0.0254947405954716, 0.114280620431449, 1.83811731146372, 
45, eco2, 36603, 1192.38709941808, 189.938201786739, 1105.44542797039, 0.00032784198016556, 0.0407616862005847, 0, 3.16230910034697, 11.8323361473103, 223.133431685927, 658.664508373631, 12.3396716116165, 0.470589842362648, 78.851487582985, 95.4044477228642, 4.23621014670929, 75.4181078053712, 80.1005655274158, 0.367319618610496, 82.2547332185886, 152.629483922083, 16.1634565472775, 8.51897385460208, 4224.38428544108, 84.3062590498047, 0, 9752.86599459061, 1141.82064311668, 42.4041745212141, 4.91948747370434, 1193.10649400322, 293.359506051417, 0.311258640002186, 0.0904843865256946, 1.40988443570199, 
45, eco3, 41420, 2942.84017382907, 233.603404152583, 2256.23814582327, 0.00265572187349107, 0.0643167551907291, 0, 3.59193626267504, 9.94937228392081, 238.418759053597, 1503.59290197972, 14.2069048768711, 0.497706422018349, 107.929043940126, 91.1030420086915, 5.9571463061323, 54.7924191211975, 56.8146064703042, 0.781627233220666, 65.6914534041526, 80.8951231289232, 3.81236117817479, 6.10154514727185, 4925.61436504104, 53.6107436021246, 0, 13155.0107436021, 882.619435055529, 25.0581603090295, 1.19007725736359, 1053.25560115886, 163.4118300338, 0.480420086914534, 0.190656687590536, 0.745750845002414, 
45, eco4, 45644, 5349.97408202611, 579.318442730698, 2691.14494785733, 0.0684646393830514, 0.284155639295417, 0.0603803347647007, 7.47774077644378, 19.3945754096924, 594.978704758566, 1978.79703794584, 31.3964595565682, 2.79283147839804, 156.033936552449, 47.9546052055035, 4.19974147752169, 35.0915344842696, 41.0617386732101, 4.17511611602839, 100.203641223381, 34.4330470598545, 1.39273508018579, 10.4059021996319, 4519.24564017176, 55.9778284111822, 0, 11843.9542327579, 513.578323547454, 31.8568486548068, 1.37240382087459, 978.5929147314, 88.2015160809745, 0.858119358513715, 0.462097975637543, 1.39312943650863, 
45, eco5, 41067, 9661.13197944822, 1066.34592251686, 2921.50164365549, 0.0259819319648379, 0.132856064479996, 0.00238634426668615, 8.5511481237977, 21.4562787639711, 1607.59717047751, 2245.63880974992, 51.51481724986, 6.19263642340565, 162.191467601724, 18.3743151435459, 0.779311856234933, 15.1197555214649, 32.2195680229868, 5.37823556626975, 133.939391725717, 11.2848759344486, 0.299778410889522, 11.1802663939416, 3018.84447366499, 58.0249592129934, 0, 4692.87203837631, 187.857306353033, 36.0805999951299, 2.30038717218204, 812.865171548932, 65.7212847298317, 0.720602917184114, 0.739523218155697, 1.24805805147685, 
45, eco6, 62055, 10317.4482797518, 5849.68000966884, 1068.90798485215, 0, 0.0197083232616228, 0, 20.8021754894851, 81.1548787366046, 3602.0379663202, 1041.42061074853, 160.375328337765, 4.52048988800258, 221.40660704214, 5.3612118282169, 0.228200789622109, 3.72285875433084, 8.27375715091451, 4.31671903956168, 185.748690677625, 4.61738780114415, 0.0850052372895013, 7.32069937958263, 427.787382160986, 28.2641366529691, 0, 392.376698090404, 43.0259608411893, 9.98101683990009, 1.49187011522037, 193.192442188381, 40.4836999435984, 0.115945532189187, 0.338602852308436, 0.175795665135767, 
45, eco7, 34375, 7221.37457454545, 9795.48349090909, 350.550603636364, 0.00116363636363636, 0.00258909090909091, 0, 48.7109236363636, 365.44512, 3695.31202909091, 570.726196363636, 414.219723636364, 2.37419636363636, 443.132130909091, 1.95810909090909, 0.128989090909091, 2.39333818181818, 7.57236363636364, 5.74725818181818, 267.985658181818, 0.704087272727273, 0.06112, 4.60206545454545, 190.239941818182, 20.2431127272727, 0, 199.968116363636, 22.5609890909091, 4.48005818181818, 1.17041454545455, 93.7943563636364, 24.26464, 0.00736, 0.0224, 0.0253381818181818, 
45, eco8, 8287, 4325.92168456619, 8863.7715699288, 251.243272595632, 0, 0.060938819838301, 0, 80.5231084831664, 535.911306866176, 3439.7310244962, 299.004464824424, 1159.98829491975, 1.68010136358151, 992.960781947629, 0.575721008808978, 0.0909858815011464, 1.73681670085676, 4.33305176782913, 2.3999034632557, 468.534330879691, 0.795100760226861, 0.0271509593338965, 3.19403885603958, 80.1334620489924, 23.9209605406058, 0, 220.960540605768, 18.6833594787016, 2.52479787619163, 0.375648606250754, 46.0796428140461, 10.1331000362013, 0.0199107035115241, 0, 0, 
45, eco9, 336, 2176.74107142857, 5950.13095238095, 222.794642857143, 0, 0.1875, 0, 73.6934523809524, 827.125, 2780.0505952381, 398.595238095238, 1556.96130952381, 0.839285714285714, 1381.63392857143, 0, 0, 0.702380952380952, 0.336309523809524, 0.142857142857143, 392.395833333333, 0, 0, 4.03273809523809, 27.8125, 11.7232142857143, 0, 407.3125, 3.85714285714286, 0, 0, 10.0565476190476, 1.20833333333333, 0, 0, 0, 
45, eco10, 18, 988.722222222222, 1971.27777777778, 0, 0, 0, 0, 55, 304.5, 1217.77777777778, 315.611111111111, 602.555555555556, 19.0555555555556, 296.111111111111, 0, 0, 0, 0, 0, 168.5, 0, 0, 0, 42.4444444444444, 0, 0, 162.555555555556, 0, 0, 0, 17.8333333333333, 0, 0, 0, 0, 
45, eco0, 0, NaN, NaN, NaN, NaN, NaN, NaN, NaN, NaN, NaN, NaN, NaN, NaN, NaN, NaN, NaN, NaN, NaN, NaN, NaN, NaN, NaN, NaN, NaN, NaN, NaN, NaN, NaN, NaN, NaN, NaN, NaN, NaN, NaN, NaN, 
50, eco1, 5609, 620.38045997504, 336.852914958103, 357.039222677839, 0, 0.0151542164378677, 0, 6.59761098234979, 27.7725084685327, 362.076484221786, 179.00231770369, 19.9827063647709, 0.737564628275985, 101.37564628276, 33.7746478873239, 1.80798716348725, 51.0281690140845, 31.1203423070066, 0.221251559992869, 247.713852736673, 81.4867177750045, 39.5908361561776, 20.0270993046889, 2229.42128721697, 92.0080228204671, 0, 4387.58263505081, 716.632554822606, 34.149759315386, 2.90319129969692, 764.438580852202, 271.87074344803, 0.0238901765020503, 0.122303440898556, 1.87591371010875, 
50, eco2, 36603, 1240.32188618419, 199.520367183018, 1157.62554981832, 0.000464442805234544, 0.0458432368931508, 0, 3.05898423626479, 11.5589705761823, 228.745539983061, 685.849739092424, 12.5464306204409, 0.436576236920471, 80.8076933584679, 88.6576236920471, 3.90202988826052, 68.397945523591, 75.3332786930033, 0.328688905280988, 90.2227139851925, 148.750457612764, 15.3549982241893, 9.59200065568396, 4403.93399448133, 85.4162773543152, 0, 10084.8119553042, 1098.40084146108, 43.6233095647898, 5.2639674343633, 1154.96213425129, 289.467366062891, 0.298008359970494, 0.102696500286862, 1.44537333005491, 
50, eco3, 41420, 3016.26166103332, 250.79365041043, 2312.48051665862, 0.00217286335103815, 0.0712940608401738, 0, 3.41718976339932, 9.62655721873491, 245.12484307098, 1559.2242153549, 14.3540077257364, 0.467672621921777, 109.862216320618, 82.8239497827137, 5.3841139546113, 49.3642926122646, 53.4239256397875, 0.701134717527764, 69.5339932399807, 78.6976822790922, 3.55951231289232, 6.50359729599227, 5080.46723804925, 52.4683969097055, 0, 13429.5131096089, 833.438580395944, 25.5937469821342, 1.27035248672139, 995.929816513761, 157.84838242395, 0.448430709802028, 0.207098020280058, 0.750531144374698, 
50, eco4, 45644, 5378.57405135396, 607.422508982561, 2732.37192182981, 0.0750153360792218, 0.28299447901148, 0.062746472701779, 7.08036105512225, 18.6312330207694, 611.370738760845, 2036.8791955131, 31.5774910174393, 2.76943300324249, 157.372885811936, 43.6583121549382, 3.7840241871878, 31.6149986854789, 38.5354263430024, 3.80137586539304, 103.588993076856, 34.9746297432302, 1.29887827534835, 11.175138024713, 4627.0391289107, 55.1385286127421, 0, 11981.103365174, 487.624594689335, 32.5766584874244, 1.46211988432215, 922.179432126895, 86.2905091578302, 0.804552624660415, 0.471168171063009, 1.34326527035317, 
50, eco5, 41067, 9574.48350256897, 1112.53161906153, 2944.90695692405, 0.0235955876981518, 0.118197092556067, 0.00245939562178878, 8.15370005113595, 20.6319672729929, 1625.09620863467, 2294.43857598558, 58.0202108749117, 5.8531180753403, 162.310322156476, 16.9175006696374, 0.713809141159569, 13.6456278763971, 30.4912947135169, 5.00759734093067, 133.133075218545, 11.7831835780554, 0.290086931112572, 11.5021306645238, 3060.99099033287, 56.1358998709426, 0, 4734.06328682397, 186.159885065868, 37.4333162880171, 2.36683955487374, 769.74746146541, 65.3717583461173, 0.686609686609687, 0.73019699515426, 1.18211702827087, 
50, eco6, 62055, 10195.1505438724, 5837.26848763194, 1087.64410603497, 0, 0.0189509306260575, 0, 20.1794537104182, 77.4075416968818, 3599.33260817017, 1076.83110144227, 172.02763677383, 4.23511401176376, 230.240125694948, 5.02887760857304, 0.204818306341149, 3.37231488195955, 7.82544516960761, 3.99278059785674, 181.579630972524, 4.70004028684232, 0.0841995004431553, 7.35470147449843, 439.286374989928, 26.8208041253727, 0, 417.221674321167, 43.9431310933849, 10.0137297558617, 1.41163484006124, 187.733268874386, 39.236596567561, 0.112094110063653, 0.316944645878656, 0.164628152445411, 
50, eco7, 34375, 7114.21364363636, 9591.86353454545, 350.65408, 0.000669090909090909, 0.00226909090909091, 0, 46.0425890909091, 340.290763636364, 3645.83194181818, 580.205090909091, 419.696494545455, 2.23194181818182, 455.608843636364, 1.84933818181818, 0.115723636363636, 2.17989818181818, 7.24858181818182, 5.31022545454545, 254.775069090909, 0.708916363636364, 0.05696, 4.49053090909091, 192.756450909091, 18.9437672727273, 0, 216.015272727273, 22.8169309090909, 4.45431272727273, 1.09076363636364, 92.1445236363636, 23.5137163636364, 0.00674909090909091, 0.0210618181818182, 0.0233890909090909, 
50, eco8, 8287, 4293.25509834681, 8684.18836732231, 251.181609750211, 0, 0.0608181489079281, 0, 76.5898395076626, 500.902015204537, 3383.73947146133, 300.305900808495, 1143.49173404127, 1.66115602751297, 992.943043320864, 0.553517557620369, 0.081814890792808, 1.61518040304091, 4.30216000965367, 2.21382888862073, 444.364305538796, 0.803065041631471, 0.0248582116568119, 3.30891758175456, 81.9937251116206, 22.4859418366116, 0, 235.215276939785, 19.0034994569808, 2.57753107276457, 0.354169180644383, 46.1269458187523, 10.0886931338241, 0.0183419814166767, 0, 0, 
50, eco9, 336, 2182.14285714286, 5871.84226190476, 221.827380952381, 0, 0.166666666666667, 0, 71.6904761904762, 777.142857142857, 2736.36011904762, 397.339285714286, 1516.4375, 0.797619047619048, 1360.0744047619, 0, 0, 0.726190476190476, 0.318452380952381, 0.163690476190476, 382.997023809524, 0, 0, 4.40476190476191, 28.4107142857143, 10.9404761904762, 0, 422.482142857143, 3.82738095238095, 0, 0, 10.297619047619, 1.25892857142857, 0, 0, 0, 
50, eco10, 18, 973.222222222222, 1941.11111111111, 0, 0, 0, 0, 56.5, 293.888888888889, 1195.83333333333, 304.055555555556, 586.388888888889, 18.5555555555556, 295.833333333333, 0, 0, 0, 0, 0, 173.833333333333, 0, 0, 0, 42.8888888888889, 0, 0, 159.277777777778, 0, 0, 0, 17.8888888888889, 0, 0, 0, 0, 
50, eco0, 0, NaN, NaN, NaN, NaN, NaN, NaN, NaN, NaN, NaN, NaN, NaN, NaN, NaN, NaN, NaN, NaN, NaN, NaN, NaN, NaN, NaN, NaN, NaN, NaN, NaN, NaN, NaN, NaN, NaN, NaN, NaN, NaN, NaN, NaN, 
55, eco1, 5609, 625.34872526297, 339.707077910501, 364.226065252273, 0, 0.0153325013371367, 0, 6.33517561062578, 27.1178463184168, 366.930647174184, 183.834016758781, 20.1012658227848, 0.679443751114281, 102.604029238723, 32.4876091995008, 1.69424139775361, 47.306828311642, 30.7407737564628, 0.199144232483509, 275.540559814584, 80.1859511499376, 37.6510964521305, 23.6601889819932, 2356.52326617935, 97.8349081832769, 0, 4508.18969513282, 705.880192547691, 34.9456231057229, 3.04332323052237, 754.447138527367, 273.389374220004, 0.02210732750936, 0.139418791228383, 1.95935104296666, 
55, eco2, 36603, 1258.94131628555, 202.363166953528, 1180.85512116493, 0.00073764445537251, 0.0535748435920553, 0, 2.94066060159003, 11.2163483867443, 232.395568669235, 706.339999453597, 12.635603639046, 0.41764336256591, 82.0451602327678, 82.3171324754802, 3.55104772832828, 62.1095811818703, 71.5277436275715, 0.295658825779308, 97.9444581045269, 144.363904597984, 14.5353659536104, 10.6987132202278, 4542.53337158156, 86.6326257410595, 0, 10327.5733136628, 1056.42838018742, 44.8500396142393, 5.61432123050023, 1117.91036253859, 285.480151900117, 0.283856514493348, 0.121001010846106, 1.50670710051089, 
55, eco3, 41420, 3059.86185417673, 260.402438435538, 2351.18746982134, 0.00200386286817962, 0.0792853693867697, 0, 3.24833413809754, 9.31574118783197, 249.859101883148, 1597.34710284887, 14.4539835828102, 0.459053597295992, 111.232061805891, 75.4822066634476, 4.85688073394495, 44.6042250120715, 50.7720907774022, 0.631675519072912, 73.4906325446644, 75.5608401738291, 3.3202559150169, 6.92542250120715, 5195.81001931434, 51.4289956542733, 0, 13607.5704973443, 788.767262192178, 26.2024142926123, 1.34787542250121, 943.480444229841, 153.090608401738, 0.418469338483824, 0.228850796716562, 0.768131337518107, 
55, eco4, 45644, 5379.05328192095, 633.205941635264, 2759.88931732539, 0.0851152396810095, 0.287485759355008, 0.06590132328455, 6.72353430900009, 17.9522390675664, 622.417382350364, 2075.1660459206, 31.6983612303917, 2.78422136534922, 158.153075979318, 39.8311716764525, 3.41124791867496, 28.5194330032425, 36.655069669617, 3.40607746910875, 107.290049075454, 35.7266015248444, 1.21415739199018, 11.9658443607046, 4705.27166768907, 54.3837744281833, 0, 12050.1511699238, 463.89113574621, 33.2511392515993, 1.54903163614057, 870.149220050828, 84.6014591183945, 0.756682148803786, 0.490688809043905, 1.31743493120673, 
55, eco5, 41067, 9542.59281174666, 1161.29800082792, 2991.47339713152, 0.0226215696301166, 0.114154917573721, 0.00304380646260988, 7.91830423454355, 20.1000803564906, 1657.91552828305, 2365.18399201305, 58.3592178634914, 5.59729222977086, 163.73185282587, 15.6319429225412, 0.644799961039277, 12.3392748435483, 29.7132977816739, 4.54486570725887, 134.165510020211, 12.9858523875618, 0.287213577811868, 12.0149998782477, 3132.43075949059, 54.9095624223829, 0, 4816.87422991697, 186.302237806511, 39.1463218642706, 2.46083229843914, 732.501180996907, 65.6156524703533, 0.662673192587723, 0.760318503908248, 1.17335086565856, 
55, eco6, 62055, 10130.518346628, 5857.08681008783, 1122.85145435501, 0, 0.0183063411489807, 0, 19.8449117718153, 74.4298767222625, 3626.43393763597, 1121.20372250423, 182.028313592781, 4.00825074530658, 231.257868020305, 4.74184191443075, 0.184352590443961, 3.06067198452985, 7.56983321247281, 3.61856417693981, 179.487164612038, 4.80396422528402, 0.086068809926678, 7.51594553218919, 454.74367899444, 25.6688582708887, 0, 444.792941745226, 46.8752880509226, 10.283361534123, 1.37589235355733, 184.667117879301, 38.7813552493756, 0.109612440576908, 0.302521956329063, 0.158166142937717, 
55, eco7, 34375, 7123.71522909091, 9537.21573818182, 367.437003636364, 0.000581818181818182, 0.00235636363636364, 0, 44.3623854545455, 320.413207272727, 3665.50507636364, 607.77248, 430.481861818182, 2.12733090909091, 471.423563636364, 1.76686545454545, 0.104174545454545, 1.99426909090909, 7.16404363636364, 4.74760727272727, 246.010123636364, 0.726196363636364, 0.0536436363636364, 4.49227636363636, 199.695563636364, 17.9941818181818, 0, 237.142312727273, 25.0038981818182, 4.62702545454545, 1.04459636363636, 92.6969890909091, 23.4183854545455, 0.00625454545454545, 0.0206545454545455, 0.0224, 
55, eco8, 8287, 4337.95366236274, 8640.5844093158, 260.25232291541, 0, 0.0635935803065042, 0, 74.2262579944491, 473.206709303729, 3392.70628695547, 318.662362736817, 1145.2240859177, 1.68854832870761, 1009.66369011705, 0.541329793652709, 0.073247254736334, 1.52105707735007, 4.41365994931821, 1.99927597441776, 427.4076264028, 0.827319898636419, 0.0231688186315917, 3.5689634367081, 86.6005792204658, 21.4274164353807, 0, 256.808736575359, 19.6439000844697, 2.67249909496802, 0.337516592252926, 47.6435380716785, 10.4292264993363, 0.0168939302522022, 0, 0, 
55, eco9, 336, 2250.44642857143, 5919.7380952381, 225.931547619048, 0, 0.151785714285714, 0, 71.7083333333333, 738.342261904762, 2752.4880952381, 413.425595238095, 1513.51785714286, 0.818452380952381, 1375.36607142857, 0, 0, 0.770833333333333, 0.30952380952381, 0.229166666666667, 381.925595238095, 0, 0, 5.05654761904762, 30.797619047619, 10.3184523809524, 0, 454.744047619048, 3.8452380952381, 0, 0, 10.7261904761905, 1.33630952380952, 0, 0, 0, 
55, eco10, 18, 983.111111111111, 1949.94444444444, 0, 0, 0, 0, 59.6666666666667, 288.111111111111, 1191.83333333333, 299.944444444444, 578.166666666667, 18.1111111111111, 299.277777777778, 0, 0, 0, 0, 0, 188.333333333333, 0, 0, 0, 55.5555555555556, 0, 0, 169, 0, 0, 0, 18, 0, 0, 0, 0, 
55, eco0, 0, NaN, NaN, NaN, NaN, NaN, NaN, NaN, NaN, NaN, NaN, NaN, NaN, NaN, NaN, NaN, NaN, NaN, NaN, NaN, NaN, NaN, NaN, NaN, NaN, NaN, NaN, NaN, NaN, NaN, NaN, NaN, NaN, NaN, NaN, 
60, eco1, 5609, 634.488857193796, 344.421287216973, 377.483508646818, 0, 0.0203244785166696, 0, 6.11089320734534, 26.5806739169192, 373.265287930112, 191.047602068105, 20.3251916562667, 0.613656623284008, 104.516134783384, 31.2845426992334, 1.5630237118916, 43.862185772865, 30.7438045997504, 0.17864146906757, 306.891067926547, 79.4278837582457, 36.051702620788, 28.0898555892316, 2513.30112319487, 104.650026742735, 0, 4690.38473881262, 696.72936352291, 35.7106436084864, 3.19076484221786, 746.327152790159, 274.840969869852, 0.0206810483152077, 0.152255303975753, 2.02549474059547, 
60, eco2, 36603, 1288.03169139142, 206.381034341447, 1216.64166871568, 0.000956205775482884, 0.062344616561484, 0, 2.83588776876212, 10.918777149414, 237.183209026583, 733.105455836953, 12.7896620495588, 0.396606835505286, 83.8085402835833, 76.4797147774773, 3.22629292680928, 56.3538234570937, 68.7241482938557, 0.264978280468814, 106.708903641778, 140.548370352157, 13.8208343578395, 12.0149168100975, 4725.25716471327, 88.5408026664481, 0, 10671.820205994, 1015.48944075622, 45.8784799060186, 5.94481326667213, 1082.59809305248, 280.853236073546, 0.273119689642925, 0.134142010217742, 1.55121164931836, 
60, eco3, 41420, 3122.94111540319, 268.422066634476, 2409.63957025591, 0.00197971994205698, 0.08676967648479, 0, 3.09478512795751, 9.00062771607919, 255.865475615645, 1654.03614196041, 14.6334379526799, 0.448575567358764, 113.462747464993, 68.7851038145823, 4.3866731047803, 40.2672380492516, 48.9180830516659, 0.568372766779334, 77.9188073394495, 73.230516658619, 3.11431675519073, 7.44348140994689, 5370.7763399324, 50.8563254466441, 0, 13943.8829550942, 746.730927088363, 26.5772815065186, 1.41731047802994, 894.563930468373, 148.297295992274, 0.394447126991791, 0.251834862385321, 0.793384838242395, 
60, eco4, 45644, 5437.17577337657, 653.903010253264, 2821.23621943738, 0.0973621943738498, 0.295964420296205, 0.0699325212514241, 6.40257207957234, 17.3179607396372, 640.334085531505, 2143.8595653317, 32.0828805538515, 2.81327228113224, 160.554727894137, 36.3815616510385, 3.0825081062133, 25.7364823416002, 35.4286215055648, 3.05479362019104, 112.248006309701, 36.3855490316361, 1.14168346332486, 13.0760669529401, 4851.90349224433, 54.2598589080712, 0, 12292.2600999036, 443.092147927438, 33.988476031899, 1.65910086758391, 823.414862851634, 83.3765883796337, 0.718867759179739, 0.537441941985803, 1.34904916308825, 
60, eco5, 41067, 9592.95249226873, 1227.83982272871, 3066.51128643436, 0.0217693038205859, 0.10719068838727, 0.00399347407894416, 7.69320865902063, 19.6598728906421, 1704.39476952297, 2448.88009837582, 59.2541213139504, 5.3877322424331, 166.395767891494, 14.5012540482626, 0.592689994399396, 11.1676772104123, 29.1290086931113, 4.06423649158692, 136.374875203935, 14.5762534395013, 0.286215209292132, 12.6758224365062, 3231.84595904254, 53.8241897387197, 0, 4944.7572990479, 187.967516497431, 41.0033847127864, 2.58304721552585, 699.650035308155, 66.2220030681569, 0.641950958190274, 0.798207806754815, 1.17688168115519, 
60, eco6, 62055, 10156.3106437837, 5931.51132060269, 1169.04115703811, 0, 0.0173394569333656, 0, 19.729224075417, 72.0076222705664, 3689.16258158086, 1177.02965111595, 192.111610667956, 3.82462331802433, 235.116138909032, 4.48777697204093, 0.166578035613569, 2.77992103778906, 7.38548062202885, 3.29744581419708, 179.076867295141, 5.09285311417291, 0.089662396261381, 7.78462654097172, 475.041592136008, 24.6920312625896, 0, 478.328643944888, 50.3806945451616, 10.6413987591653, 1.34786882604141, 182.806333091612, 38.6180646200951, 0.107839819514946, 0.291048263637096, 0.153718475545887, 
60, eco7, 34375, 7177.91246545455, 9539.87435636364, 389.930123636364, 0.000756363636363636, 0.00238545454545455, 0, 42.9663418181818, 302.213294545455, 3704.57408, 639.09504, 444.536290909091, 2.03778909090909, 475.079592727273, 1.69818181818182, 0.0939927272727273, 1.82824727272727, 7.08186181818182, 4.42903272727273, 238.511941818182, 0.804974545454545, 0.0505309090909091, 4.52232727272727, 207.702778181818, 17.1164218181818, 0, 261.241338181818, 27.5976145454545, 4.83380363636364, 1.00878545454545, 93.61248, 23.4548945454545, 0.00584727272727273, 0.0205963636363636, 0.0221090909090909, 
60, eco8, 8287, 4365.45010257029, 8567.93616507783, 272.597321105346, 0, 0.0594907686738265, 0, 71.8802944370701, 445.960178592977, 3381.78870520092, 335.77362133462, 1145.07517798962, 1.70821769035839, 1000.63207433329, 0.536140943646676, 0.0682997465910462, 1.43803547725353, 4.51429950524919, 1.94075057318692, 410.146856522264, 0.895740316157838, 0.0213587546759986, 3.80982261373235, 90.1521660432002, 20.3390853143478, 0, 278.402437552794, 21.4306745505008, 2.83443948352842, 0.327621575962351, 49.1876432967298, 10.8513334137806, 0.0155665500181006, 0, 0.000603354651864366, 
60, eco9, 336, 2305.38095238095, 5930.58035714286, 234.508928571429, 0, 0.136904761904762, 0, 71.4761904761905, 700.080357142857, 2756.93154761905, 434.235119047619, 1503.3244047619, 0.880952380952381, 1390.47321428571, 0, 0, 0.866071428571429, 0.300595238095238, 0.261904761904762, 379.145833333333, 0, 0, 5.69940476190476, 36.1994047619048, 9.76190476190476, 0, 484.217261904762, 4.61904761904762, 0, 0, 11.5267857142857, 1.49107142857143, 0, 0, 0, 
60, eco10, 18, 1017.66666666667, 1981.55555555556, 0, 0, 0, 0, 64.5555555555556, 291.833333333333, 1196.88888888889, 296.833333333333, 592.277777777778, 18.7777777777778, 313.444444444444, 0, 0, 0, 0, 0, 206.055555555556, 0, 0, 0, 58.4444444444444, 0, 0, 178.555555555556, 0, 0, 0, 18.3888888888889, 0, 0, 0, 0, 
60, eco0, 0, NaN, NaN, NaN, NaN, NaN, NaN, NaN, NaN, NaN, NaN, NaN, NaN, NaN, NaN, NaN, NaN, NaN, NaN, NaN, NaN, NaN, NaN, NaN, NaN, NaN, NaN, NaN, NaN, NaN, NaN, NaN, NaN, NaN, NaN, 
65, eco1, 5609, 637.30254947406, 345.732929220895, 386.270279907292, 0, 0.022463897307898, 0, 5.8618292030665, 25.8557675164914, 375.1707969335, 195.569085398467, 20.3617400606169, 0.559458013906222, 105.342128721697, 29.9092529862721, 1.44642538776966, 40.5024068461401, 30.0089142449635, 0.159030130147976, 334.182563736851, 78.006596541273, 34.3059368871457, 32.3034408985559, 2643.12622570868, 109.480834373329, 0, 4827.66018898199, 684.511677660902, 36.0347655553575, 3.2791941522553, 735.516491353182, 274.277767873061, 0.0192547691210554, 0.15100730968087, 1.95043679800321, 
65, eco2, 36603, 1308.02111848756, 208.754419036691, 1242.9703303008, 0.00090156544545529, 0.064366308772505, 0, 2.7204054312488, 10.5601180231129, 239.897904543343, 752.442450072398, 12.8471436767478, 0.375652268939704, 84.8841898205065, 70.8569516159878, 2.95451192525203, 51.0401333224053, 64.9989345135645, 0.2370297516597, 114.625303936836, 136.079747561675, 13.0542578477174, 13.3044832390788, 4866.71483211759, 89.459306614212, 0, 10936.5215965904, 975.142092178237, 46.6616943966342, 6.25301204819277, 1047.20664972816, 275.37652651422, 0.260962216211786, 0.139032319755211, 1.5203945031828, 
65, eco3, 41420, 3174.50236600676, 273.960985031386, 2454.6117334621, 0.00197971994205698, 0.0889183969097055, 0, 2.92373249637856, 8.60292129406084, 258.409319169483, 1693.21586190246, 14.646257846451, 0.431627233220666, 114.556011588605, 62.6075084500241, 3.97279092225978, 36.2989135683245, 46.3142443264124, 0.509246740704973, 81.0629164654756, 70.5235393529696, 2.89949299855142, 7.87363592467407, 5495.64075325929, 49.8106470304201, 0, 14171.5670690488, 706.080033800097, 26.7402704007726, 1.48247223563496, 846.992370835345, 143.12827136649, 0.36851762433607, 0.26523418638339, 0.796233703524867, 
65, eco4, 45644, 5465.97173779686, 676.936530540706, 2860.72743405486, 0.103277539216545, 0.297322758741565, 0.0733283673648234, 6.02852510735255, 16.4692621155026, 648.240163000613, 2183.45940320743, 32.0497108053632, 2.78890982385418, 161.009880816756, 33.1497677679432, 2.78113224082026, 23.1892472175971, 33.51185259837, 2.72699588116729, 114.967816142319, 37.0818946630444, 1.06281219875559, 14.0821137498905, 4941.9200333012, 53.4702260976251, 0, 12414.01215932, 422.157304355447, 34.3701910437297, 1.76130488125493, 777.88451932346, 81.6940233108404, 0.674195951275085, 0.563622820085882, 1.3324861975287, 
65, eco5, 41067, 9538.4079674678, 1273.18698711861, 3096.48335646626, 0.0196508145226094, 0.0977670635790294, 0.00637981834563031, 7.29317943847858, 18.841015900845, 1723.35500523535, 2494.59135071956, 59.3711495848248, 5.13137068692624, 166.467601724012, 13.320500645287, 0.538558940268342, 10.0643825942971, 27.7481919789612, 3.63941851121338, 135.772810285631, 16.0175566756763, 0.280176297270314, 13.0747071858183, 3275.29994886405, 51.8303991039034, 0, 4996.20819636204, 187.198577933621, 41.9124114252319, 2.66048165193464, 665.349112426036, 65.7369907711788, 0.609394404266199, 0.802736990771179, 1.13624077726642, 
65, eco6, 62055, 10076.1373459028, 5935.93094835227, 1197.18312787044, 0, 0.0155829506083313, 0, 19.2296833454194, 68.7503182660543, 3698.11381838691, 1211.26284747401, 201.628635887519, 3.63231004753847, 235.612279429538, 4.21218274111675, 0.149625332366449, 2.51412456691645, 7.02832970751752, 2.982579969382, 176.009846104262, 5.4730319877528, 0.0921601804850536, 7.87459511723471, 486.114591894287, 23.4446539360245, 0, 504.373668519861, 54.1080976553058, 10.9524937555394, 1.32266537748771, 180.59879139473, 38.3722826524857, 0.103972282652486, 0.275014100394811, 0.146337926033358, 
65, eco7, 34375, 7105.97434181818, 9389.70283636364, 402.662283636364, 0.000901818181818182, 0.00186181818181818, 0, 40.73568, 281.416349090909, 3676.51706181818, 653.706996363636, 447.830778181818, 1.93399272727273, 470.550109090909, 1.60736, 0.0843054545454545, 1.66385454545455, 6.76808727272727, 3.99557818181818, 228.169861818182, 0.817861818181818, 0.0469527272727273, 4.44802909090909, 210.655243636364, 16.04992, 0, 277.047621818182, 30.2636509090909, 5.01058909090909, 0.975912727272727, 93.83424, 23.3320727272727, 0.00541090909090909, 0.0201018181818182, 0.0207709090909091, 
65, eco8, 8287, 4383.25558103053, 8483.1156027513, 281.58573669603, 0, 0.0563533244841318, 0, 69.5251598889827, 419.367080970194, 3372.63074695306, 351.501870399421, 1140.57680704718, 1.74007481597683, 1010.65777724146, 0.523953179679015, 0.0623868710027754, 1.35561723180886, 4.61518040304091, 1.81525280559913, 394.352117774828, 0.920960540605768, 0.0196693616507783, 4.07686738264752, 93.5174369494389, 19.2785085073006, 0, 299.253529624713, 23.7076143357065, 3.05743936285749, 0.32508748642452, 51.2185350549053, 11.4379148063232, 0.0144805116447448, 0, 0.00241341860745746, 
65, eco9, 336, 2359.34821428571, 5952.88392857143, 237.46130952381, 0, 0.12202380952381, 0, 71.4136904761905, 663.690476190476, 2762.26785714286, 454.348214285714, 1501.11904761905, 0.970238095238095, 1403.42857142857, 0, 0, 0.883928571428571, 0.291666666666667, 0.297619047619048, 376.625, 0, 0, 6.30654761904762, 39.8095238095238, 9.22321428571429, 0, 511.39880952381, 5.48214285714286, 0, 0, 12.7946428571429, 1.68154761904762, 0, 0, 0, 
65, eco10, 18, 1045.77777777778, 1991.94444444444, 0, 0, 0, 0, 68.0555555555556, 295.555555555556, 1195.11111111111, 292.111111111111, 592.777777777778, 19.4444444444444, 332.055555555556, 0, 0, 0, 0, 0, 225.055555555556, 0, 0, 0, 61.1111111111111, 0, 0, 197.444444444444, 0, 0, 0, 18.6111111111111, 0, 0, 0, 0, 
65, eco0, 0, NaN, NaN, NaN, NaN, NaN, NaN, NaN, NaN, NaN, NaN, NaN, NaN, NaN, NaN, NaN, NaN, NaN, NaN, NaN, NaN, NaN, NaN, NaN, NaN, NaN, NaN, NaN, NaN, NaN, NaN, NaN, NaN, NaN, NaN, 
70, eco1, 5609, 635.745052594045, 345.032626136566, 389.79265466215, 0, 0.0229987520057051, 0, 5.6102692101979, 25.0830807630594, 374.58281333571, 197.173471206989, 20.2911392405063, 0.510607951506507, 105.448921376359, 28.5236227491531, 1.34908183276876, 37.3282224995543, 29.0012479942949, 0.142271349616687, 359.616152611874, 76.0244250311999, 32.4061330005349, 36.536102692102, 2735.78712783027, 113.127117133179, 0, 4897.39507933678, 669.217329292209, 35.9944731681227, 3.31556427170619, 721.898377607417, 271.955250490283, 0.0178284899269032, 0.15100730968087, 1.84221786414691, 
70, eco2, 36603, 1317.82897576701, 210.015763735213, 1256.45116520504, 0.000819604950413901, 0.0650766330628637, 0, 2.60467721225036, 10.1991640029506, 240.712427943065, 762.644892495151, 12.8530448323908, 0.357812201185695, 85.4352102286698, 65.4700980793924, 2.69696472966697, 46.1597136846707, 61.1142529300877, 0.210966314236538, 121.79179302243, 131.087943611179, 12.2557713848592, 14.5022539136136, 4952.58877687621, 89.7927219080403, 0, 11082.1973881922, 933.964237903997, 47.0651039532279, 6.49725432341611, 1010.36338551485, 268.833019151436, 0.247274813539874, 0.146080922328771, 1.49031500150261, 
70, eco3, 41420, 3201.72996137132, 279.412433606953, 2473.89323998069, 0.00200386286817962, 0.0899565427329792, 0, 2.76402704007726, 8.25439401255432, 260.141887976823, 1709.83874939643, 14.6368903911154, 0.41979719942057, 115.037131820377, 56.9453404152583, 3.60067600193143, 32.7156687590536, 43.8033075808788, 0.455770159343312, 84.1782713664896, 67.6103573153066, 2.68809753742154, 8.29905842588122, 5555.68338966683, 48.6348865282472, 0, 14240.671245775, 667.691332689522, 26.9048768710768, 1.54326412361178, 801.899179140512, 138.124625784645, 0.341380975374215, 0.28969097054563, 0.817624336069532, 
70, eco4, 45644, 5438.6492638682, 696.306151958636, 2860.98299886075, 0.103211813162738, 0.294145999474192, 0.0752344229252476, 5.65684427306984, 15.6604153886601, 648.799382175094, 2185.20760669529, 31.7971474892647, 2.76757076505127, 160.028481289983, 30.2197441065638, 2.51485408816055, 20.8944439575848, 31.5981728157041, 2.43515029357637, 116.775238804662, 37.6419682762247, 0.982122513364298, 14.9168346332486, 4955.72116817106, 52.2544036456051, 0, 12353.8852861274, 402.03470335641, 34.5976470072737, 1.85836035404434, 734.254798001928, 79.9315134519323, 0.626215931995443, 0.584085531504688, 1.29261239155201, 
70, eco5, 41067, 9476.5640538632, 1320.14973092751, 3113.7767063579, 0.0175566756763338, 0.0962573355735749, 0.00866876080551294, 6.94287384030974, 18.124065551416, 1735.04268634183, 2525.81554532837, 59.5579906007256, 4.92380743662795, 166.44337302457, 12.3063043319454, 0.497333625538754, 9.09009667129325, 26.7411546984197, 3.41602746730952, 134.975016436555, 17.8681910049431, 0.276572430418584, 13.4144690384007, 3302.080916551, 49.873328950252, 0, 5021.42002094139, 187.389680278569, 42.8304234543551, 2.74979910877347, 633.805512942265, 65.4574719361044, 0.576667397180218, 0.831470523778216, 1.11831884481457, 
70, eco6, 62055, 10007.4474579002, 5946.67622270566, 1222.74919023447, 0, 0.0149383611312545, 0, 18.9118846184836, 65.9026831036983, 3702.09125775522, 1243.34205140601, 212.041817742325, 3.44299411812102, 236.413181854806, 3.94404963338974, 0.135476593344614, 2.27340262670212, 6.76714205140601, 2.8245427443397, 173.054773990815, 5.67211344774797, 0.094077834179357, 7.95500765450004, 495.853581500282, 22.2903392152123, 0, 529.830763032793, 58.0139553621787, 11.2656514382403, 1.2984126984127, 178.370026589316, 38.1298203206833, 0.100008057368463, 0.267552977197647, 0.142389815486262, 
70, eco7, 34375, 7089.84125090909, 9309.58068363636, 413.316741818182, 0.000930909090909091, 0.00197818181818182, 0, 39.2687127272727, 264.289861818182, 3668.60421818182, 672.717090909091, 456.030487272727, 1.84098909090909, 487.398574545455, 1.53297454545455, 0.0760145454545455, 1.52029090909091, 6.66109090909091, 3.73582545454545, 219.944261818182, 0.854225454545455, 0.0440727272727273, 4.41922909090909, 214.588567272727, 15.1733236363636, 0, 295.898734545455, 33.7040872727273, 5.25230545454545, 0.952581818181818, 94.77856, 23.3657309090909, 0.00500363636363636, 0.0217890909090909, 0.0216145454545455, 
70, eco8, 8287, 4423.18812598045, 8448.01001568722, 287.607457463497, 0, 0.0539399058766743, 0, 67.8893447568481, 396.58247858091, 3378.45794618077, 364.874381561482, 1138.50995535176, 1.78303366718957, 1019.54639797273, 0.517919633160372, 0.0573186919271148, 1.298057198021, 4.7562447206468, 1.61807650536986, 381.447085797031, 0.96512610112224, 0.0182213104863038, 4.39218052371184, 97.0717992035719, 18.3291902980572, 0, 317.87691565102, 25.4065403644262, 3.25871847471944, 0.321829371304453, 53.6370218414384, 12.1010015687221, 0.0133944732713889, 0, 0.00349945698081332, 
70, eco9, 336, 2396.59226190476, 5951.55952380952, 239.041666666667, 0, 0.107142857142857, 0, 71.3630952380952, 629.583333333333, 2757.70535714286, 463.282738095238, 1477.51785714286, 1.07738095238095, 1395.91964285714, 0, 0, 1.03571428571429, 0.279761904761905, 0.345238095238095, 374.830357142857, 0, 0, 7.08035714285714, 42.6994047619048, 8.73809523809524, 0, 532, 6.18452380952381, 0, 0, 13.6488095238095, 1.84821428571429, 0, 0, 0, 
70, eco10, 18, 1072, 2006.44444444444, 0, 0, 0, 0, 71.3888888888889, 299.166666666667, 1190.11111111111, 286.5, 610.611111111111, 20.9444444444444, 333.222222222222, 0, 0, 0, 0, 0, 244.555555555556, 0, 0, 0, 85.6666666666667, 0, 0, 196, 0, 0, 0, 18.6666666666667, 0, 0, 0, 0, 
70, eco0, 0, NaN, NaN, NaN, NaN, NaN, NaN, NaN, NaN, NaN, NaN, NaN, NaN, NaN, NaN, NaN, NaN, NaN, NaN, NaN, NaN, NaN, NaN, NaN, NaN, NaN, NaN, NaN, NaN, NaN, NaN, NaN, NaN, NaN, NaN, 
75, eco1, 5609, 642.529506150829, 348.577821358531, 400.823676234623, 0, 0.0235336067035122, 0, 5.42253521126761, 24.5899447316812, 380.172579782492, 202.752005705117, 20.4626493136031, 0.463897307898021, 106.922624353717, 27.4523087894455, 1.25690853984668, 34.5961847031556, 28.9935817436263, 0.126938848279551, 398.206275628454, 75.1820288821537, 30.9946514530219, 42.7835621322874, 2887.31984310929, 120.238723480121, 0, 5068.20698876805, 662.076305936887, 36.3123551435193, 3.39400962738456, 717.239614904618, 273.531110714922, 0.016758780531289, 0.160991264039936, 1.89374220003566, 
75, eco2, 36603, 1340.71335682868, 213.05046034478, 1285.71204546075, 0.00090156544545529, 0.0676447285741606, 0, 2.50886539354698, 9.91284867360599, 244.608993798323, 783.008059448679, 12.9581181870339, 0.342212386962817, 86.7738436740158, 60.8939431194164, 2.46263967434363, 41.9394585143294, 58.8619785263503, 0.188618419255252, 131.964210583832, 127.39521350709, 11.6135016255498, 16.1873616916646, 5104.0655957162, 91.9242411824167, 0, 11373.7404584324, 901.819577630249, 48.0282490506243, 6.82782832008305, 982.752315383985, 265.418572248176, 0.238587001065486, 0.165888041963773, 1.5879299510969, 
75, eco3, 41420, 3265.64012554322, 286.229381941091, 2525.55845002414, 0.00224529212940608, 0.0957508450024143, 0.00012071463061323, 2.62988894253984, 7.95260743602125, 264.354273297924, 1751.50654273298, 14.7450024142926, 0.410043457267021, 116.659415741188, 52.0332206663448, 3.25972959922743, 29.5713423466924, 42.643505552873, 0.409077740222115, 88.4052873008209, 65.4955335586673, 2.52006277160792, 8.88643167551907, 5691.86762433607, 48.2764606470304, 0, 14501.0882906808, 634.987711250604, 27.3636648961854, 1.62786093674553, 763.38505552873, 134.331023660068, 0.322090777402221, 0.32363592467407, 0.881047802993723, 
75, eco4, 45644, 5504.94053982999, 728.438809043905, 2915.56614231882, 0.11530540706336, 0.333625449128034, 0.0933748137761809, 5.38427832792919, 15.1190517921304, 663.565857505915, 2235.77309175357, 32.1388572430111, 2.82532205766366, 162.124813776181, 27.7479405836474, 2.2729603014635, 18.9039961440715, 31.12623784068, 2.18398913329244, 122.09786609412, 39.1641617737271, 0.924984663920778, 16.3307773201297, 5070.86740864079, 52.3222329331347, 0, 12536.0729559197, 387.233524669179, 35.4620760669529, 2.00913592147927, 699.055582332837, 79.5051047235124, 0.594755060906143, 0.65765489440014, 1.36824117080011, 
75, eco5, 41067, 9521.94177806998, 1378.58716244186, 3171.65393138043, 0.016704409866803, 0.102807607081111, 0.0117369177198237, 6.6843207441498, 17.5992646163586, 1773.18852119707, 2593.39201792193, 60.5891835293545, 4.79944967979156, 168.639053254438, 11.4314169527845, 0.45318625660506, 8.24172693403463, 26.2868970219398, 3.07120072077337, 136.172133343074, 19.8173959626951, 0.278617868361458, 14.001631480264, 3378.38322740887, 48.4899310882217, 0, 5118.1180753403, 189.846202547057, 44.1803637957484, 2.88689215184942, 608.438673387391, 65.9249275574062, 0.553583168967784, 0.877760732461587, 1.13037231840651, 
75, eco6, 62055, 9993.20038675369, 5984.28241076464, 1252.52701635646, 0, 0.0147449842881315, 0, 18.7355088228185, 63.5680767061478, 3727.78125856095, 1278.86771412457, 215.886939005721, 3.31839497220208, 239.036274272823, 3.73479977439368, 0.122584803803078, 2.06868100878253, 6.61569575376682, 2.5433083554911, 171.342051406011, 6.02164209169285, 0.0964467005076142, 8.09059705100314, 508.402658931593, 21.3107888163726, 0, 554.712948191121, 61.9050680847635, 11.6497139634195, 1.28450568044477, 177.780678430425, 38.2153251148175, 0.0971879784062525, 0.261010394005318, 0.138715655466924, 
75, eco7, 34375, 7099.88235636364, 9266.20922181818, 428.220189090909, 0.000930909090909091, 0.00206545454545455, 0, 37.9782981818182, 248.812538181818, 3681.59732363636, 692.506356363636, 461.547083636364, 1.77777454545455, 489.382109090909, 1.47764363636364, 0.0685672727272727, 1.39851636363636, 6.58007272727273, 3.41303272727273, 213.227461818182, 0.89792, 0.0413381818181818, 4.42301090909091, 219.714676363636, 14.4018909090909, 0, 313.369658181818, 36.9802472727273, 5.53024, 0.938909090909091, 96.6252218181818, 23.6529745454545, 0.00465454545454545, 0.0230981818181818, 0.0217018181818182, 
75, eco8, 8287, 4440.66682756124, 8377.47423675636, 297.989742970918, 0, 0.0518885000603355, 0, 65.8332327742247, 373.633522384458, 3368.49438880174, 377.634849764692, 1133.40436828768, 1.81959695909255, 1016.43284662725, 0.511282731989864, 0.0534572221551828, 1.23723904911307, 4.83697357306625, 1.52129841921081, 367.911065524315, 1.00096536744298, 0.0170146011825751, 4.66356944612043, 100.042838180282, 17.355013877157, 0, 335.915168335948, 27.4714613249668, 3.47423675636539, 0.324363460842283, 55.8551948835525, 12.7586581392543, 0.0123084348980331, 0, 0.00410281163267769, 
75, eco9, 336, 2446.96726190476, 5972.62202380952, 242.738095238095, 0, 0.0922619047619048, 0, 71.5654761904762, 597.791666666667, 2763.70238095238, 485.416666666667, 1468.91369047619, 1.20833333333333, 1413.68154761905, 0, 0, 1.07738095238095, 0.267857142857143, 0.386904761904762, 372.675595238095, 0, 0, 7.65773809523809, 45.9464285714286, 8.26488095238095, 0, 561.270833333333, 7.07142857142857, 0, 0, 14.7529761904762, 2.02380952380952, 0, 0, 0, 
75, eco10, 18, 1060.83333333333, 2004.27777777778, 0, 0, 0, 0, 73.2777777777778, 301.222222222222, 1177.33333333333, 280.444444444444, 613.833333333333, 21.7777777777778, 347.611111111111, 0, 0, 0, 0, 0, 259.5, 0, 0, 0, 85.3888888888889, 0, 0, 204.388888888889, 0, 0, 0, 18.6666666666667, 0, 0, 0, 0, 
75, eco0, 0, NaN, NaN, NaN, NaN, NaN, NaN, NaN, NaN, NaN, NaN, NaN, NaN, NaN, NaN, NaN, NaN, NaN, NaN, NaN, NaN, NaN, NaN, NaN, NaN, NaN, NaN, NaN, NaN, NaN, NaN, NaN, NaN, NaN, NaN, 
80, eco1, 5609, 649.799786058121, 352.491888037083, 409.091638438224, 0, 0.0251381707969335, 0, 5.2435371724015, 24.0870030308433, 385.99019433054, 206.724549830629, 20.6518095917276, 0.426635763950793, 108.341237297201, 26.4405419860938, 1.23658406133001, 32.0174719201284, 28.6901408450704, 0.112854341237297, 438.532536994117, 73.8923159208415, 29.4678195756819, 49.6168657514708, 3035.5615974327, 127.19753966839, 0, 5211.84239614905, 653.794794080941, 36.7764307363166, 3.48582635050811, 712.720270993047, 274.804599750401, 0.0158673560349438, 0.173649491888037, 1.93011231948654, 
80, eco2, 36603, 1360.77679425184, 216.490369641833, 1307.97879955195, 0.000846925115427697, 0.06584159768325, 0, 2.41969237494194, 9.64464661366555, 249.070677266891, 796.260743654892, 13.0911947108161, 0.330273474851788, 87.9839084228069, 56.4171242794306, 2.29582274676939, 37.982241892741, 56.2295986667759, 0.167581892194629, 143.066715842964, 122.9316722673, 10.9320820697757, 17.9889899734994, 5219.79507144223, 93.7333005491353, 0, 11588.8801191159, 868.472939376554, 48.8888342485589, 7.14023440701582, 953.808403682758, 260.892467830506, 0.22897030298063, 0.186651367374259, 1.66005518673333, 
80, eco3, 41420, 3326.42262192178, 299.782834379527, 2565.09253983583, 0.00231772090777402, 0.0966924191211975, 0.000241429261226461, 2.50108643167552, 7.66330275229358, 268.671849348141, 1777.66045388701, 14.8424674070497, 0.401062288749396, 117.889111540319, 47.4315065185901, 2.96368903911154, 26.6480202800579, 41.089763399324, 0.363278609367455, 92.7217769193626, 63.382882665379, 2.3450989859971, 9.47798165137615, 5787.56057460164, 47.6874456784162, 0, 14668.1657894737, 602.695050700145, 27.6928295509416, 1.70697730564944, 725.453911154032, 130.088507967166, 0.302197006277161, 0.345171414775471, 0.910960888459681, 
80, eco4, 45644, 5563.50438173692, 765.912036631321, 2958.59582858645, 0.119007974761195, 0.346398212251336, 0.103584260800982, 5.10470160371571, 14.5280650249759, 678.365086320217, 2273.75808430462, 32.4571904302866, 2.8605074051354, 163.841994566646, 25.3418192971694, 2.05196739987731, 17.0410568749452, 30.2472395057401, 1.92868723161861, 126.979164840943, 41.1175181842082, 0.865152046271142, 17.6623871702743, 5159.96948120235, 51.9782665848742, 0, 12665.6661773727, 371.90546402594, 35.9790772062045, 2.14505740075366, 664.386381561651, 78.543883095259, 0.561804399263868, 0.692336342126019, 1.38370870212952, 
80, eco5, 41067, 9540.44393308496, 1439.19582633258, 3212.80505028368, 0.0148294250858353, 0.103221564760026, 0.0143424160518178, 6.42325955146468, 17.0117125672681, 1799.84773662551, 2642.53008498308, 62.8882557771447, 4.61560376944992, 169.927606107093, 10.5234373097621, 0.415759612340809, 7.43317018530694, 25.442447707405, 2.90610465824141, 136.0866145567, 21.410207709353, 0.276304575449875, 14.4136167725911, 3430.10441473689, 46.7019748216329, 0, 5185.74035113351, 190.735895000852, 44.8143278057808, 2.98076314315631, 582.067767307083, 65.4678208780773, 0.526188910804295, 0.898653420020941, 1.11430102028393, 
80, eco6, 62055, 9944.18667311256, 6001.02907098542, 1275.37081621143, 0, 0.0133107727016356, 0, 18.3542502618645, 60.9708806703731, 3732.94896462815, 1307.97822899041, 224.800741277899, 3.15555555555556, 245.079300620417, 3.49897671420514, 0.110031423737007, 1.86731125614374, 6.38133913463863, 2.23073080331964, 168.607896221094, 6.27401498670534, 0.0973652405124486, 8.14282491338329, 517.10319877528, 20.2364998791395, 0, 579.22559020224, 64.788977519942, 11.7976472484087, 1.24674885182499, 175.853210861333, 37.6451373781323, 0.0934654741761341, 0.246893884457336, 0.131045040689711, 
80, eco7, 34375, 7116.71089454545, 9232.44881454545, 436.351156363636, 0.000872727272727273, 0.00212363636363636, 0, 36.7319854545455, 234.108450909091, 3690.88500363636, 711.773614545455, 469.712901818182, 1.69425454545455, 512.856290909091, 1.41381818181818, 0.06144, 1.27682909090909, 6.48520727272727, 3.03054545454545, 206.555287272727, 0.939287272727273, 0.0388072727272727, 4.40898909090909, 224.102545454545, 13.6219054545455, 0, 331.914327272727, 39.9590690909091, 5.71328, 0.909934545454545, 97.84576, 23.5490618181818, 0.00433454545454545, 0.0230690909090909, 0.0210909090909091, 
80, eco8, 8287, 4460.44660311331, 8314.58754675999, 300.288886207313, 0, 0.0495957523832509, 0, 63.9897429709183, 352.162302401351, 3356.51261011222, 384.956679135996, 1129.69868468686, 1.83999034632557, 1036.9225292627, 0.500060335465186, 0.0488717268010136, 1.17642090020514, 4.89646434174007, 1.39157716905997, 355.337878605044, 1.02739230119464, 0.0156872209484735, 4.92240859177024, 102.693495836853, 16.4101604923374, 0, 353.389405092313, 29.0610594907687, 3.6227826716544, 0.321950042234826, 57.6130083262942, 13.2023651502353, 0.011463738385423, 0, 0.00446482442379631, 
80, eco9, 336, 2485.35119047619, 5981.29761904762, 244.181547619048, 0, 0.0714285714285714, 0, 71.4821428571429, 567.3125, 2759.75297619048, 489.720238095238, 1458.41369047619, 1.31845238095238, 1422.66071428571, 0, 0, 1.17857142857143, 0.258928571428571, 0.386904761904762, 370.925595238095, 0, 0, 8.39285714285714, 49.4851190476191, 7.81845238095238, 0, 585.479166666667, 7.80357142857143, 0, 0, 15.6517857142857, 2.17261904761905, 0, 0, 0, 
80, eco10, 18, 1058.22222222222, 1993.22222222222, 0, 0, 0, 0, 75.7222222222222, 306.444444444444, 1170.38888888889, 273.722222222222, 601.055555555556, 23.1111111111111, 349.166666666667, 0, 0, 0, 0, 0, 278.611111111111, 0, 0, 0, 90.0555555555556, 0, 0, 203.333333333333, 0, 0, 0, 18.8888888888889, 0, 0, 0, 0, 
80, eco0, 0, NaN, NaN, NaN, NaN, NaN, NaN, NaN, NaN, NaN, NaN, NaN, NaN, NaN, NaN, NaN, NaN, NaN, NaN, NaN, NaN, NaN, NaN, NaN, NaN, NaN, NaN, NaN, NaN, NaN, NaN, NaN, NaN, NaN, NaN, 
