Time,ManagementArea,Prescription,HarvestedSites,TotalCohortsCompleteHarvest,TotalCohortsPartialHarvest,TotalBiomassHarvested,CohortsHarvested_AbieConc,CohortsHarvested_AbieMagn,CohortsHarvested_CaloDecu,CohortsHarvested_FX_R_SEED,CohortsHarvested_NOFX_R_SEED,CohortsHarvested_NOFX_NOR_SEED,CohortsHarvested_PinuAlbi,CohortsHarvested_PinuCont,CohortsHarvested_PinuJeff,CohortsHarvested_PinuLamb,CohortsHarvested_PinuMont,CohortsHarvested_PopuTrem,CohortsHarvested_TsugMert,CohortsHarvested_AcerMacr,CohortsHarvested_AescCali,CohortsHarvested_AlnuRhom,CohortsHarvested_ArbuMenz,CohortsHarvested_CornNutt,CohortsHarvested_JuniOcci,CohortsHarvested_LithDens,CohortsHarvested_PinuAtte,CohortsHarvested_PinuMono,CohortsHarvested_PinuPond,CohortsHarvested_PinuSabi,CohortsHarvested_PinuWash,CohortsHarvested_PseuMenz,CohortsHarvested_QuerChry,CohortsHarvested_QuerDoug,CohortsHarvested_QuerGarr,CohortsHarvested_QuerKell,CohortsHarvested_QuerWisl,CohortsHarvested_TaxuBrev,CohortsHarvested_TorrCali,CohortsHarvested_UmbeCali,BiomassHarvestedMg_AbieConc,BiomassHarvestedMg_AbieMagn,BiomassHarvestedMg_CaloDecu,BiomassHarvestedMg_FX_R_SEED,BiomassHarvestedMg_NOFX_R_SEED,BiomassHarvestedMg_NOFX_NOR_SEED,BiomassHarvestedMg_PinuAlbi,BiomassHarvestedMg_PinuCont,BiomassHarvestedMg_PinuJeff,BiomassHarvestedMg_PinuLamb,BiomassHarvestedMg_PinuMont,BiomassHarvestedMg_PopuTrem,BiomassHarvestedMg_TsugMert,BiomassHarvestedMg_AcerMacr,BiomassHarvestedMg_AescCali,BiomassHarvestedMg_AlnuRhom,BiomassHarvestedMg_ArbuMenz,BiomassHarvestedMg_CornNutt,BiomassHarvestedMg_JuniOcci,BiomassHarvestedMg_LithDens,BiomassHarvestedMg_PinuAtte,BiomassHarvestedMg_PinuMono,BiomassHarvestedMg_PinuPond,BiomassHarvestedMg_PinuSabi,BiomassHarvestedMg_PinuWash,BiomassHarvestedMg_PseuMenz,BiomassHarvestedMg_QuerChry,BiomassHarvestedMg_QuerDoug,BiomassHarvestedMg_QuerGarr,BiomassHarvestedMg_QuerKell,BiomassHarvestedMg_QuerWisl,BiomassHarvestedMg_TaxuBrev,BiomassHarvestedMg_TorrCali,BiomassHarvestedMg_UmbeCali,
1, 28, PIF_CC_28, 65, 3270, 0, 56680.5277668357, 1196, 1078, 162, 0, 0, 0, 14, 7, 226, 232, 8, 2, 9, 8, 0, 5, 1, 3, 15, 3, 0, 6, 100, 32, 0, 32, 9, 0, 3, 82, 37, 0, 0, 0, 28257.076883173, 20551.5468604922, 1124.6364033103, 0, 0, 0, 139.579200410843, 44.8740001320839, 2117.37240623236, 1423.2672041893, 52.1964001536369, 10.3032000303268, 57.5424001693726, 43.9344001293182, 0, 42.4764001250267, 9.65520002841949, 11.3076000332832, 233.571600687504, 11.9232000350952, 0, 35.1216001033783, 588.546001732349, 298.404000878334, 0, 154.677600455284, 47.8548001408577, 0, 16.4268000483513, 1157.74920340776, 250.484400737286, 0, 0, 0, 
1, 34, PIF_CC_34, 27, 1551, 0, 15601.2804459214, 68, 1, 119, 0, 0, 0, 0, 0, 3, 51, 0, 0, 3, 15, 1, 43, 66, 0, 1, 47, 0, 0, 343, 4, 0, 488, 136, 1, 0, 117, 44, 0, 0, 0, 592.077601742744, 3.66120001077652, 846.385202491283, 0, 0, 0, 0, 0, 12.4416000366211, 238.140000700951, 0, 0, 13.0896000385284, 101.671200299263, 3.85560001134872, 484.153201425076, 503.625601482391, 0, 4.1796000123024, 385.171201133728, 0, 0, 2661.98400783539, 19.0836000561714, 0, 5229.32761539221, 2487.25080732107, 3.88800001144409, 0, 1687.87800496817, 323.416800951958, 0, 0, 0, 
1, 36, PIF_CC_36, 9, 425, 0, 5455.41481605768, 9, 15, 18, 0, 0, 0, 0, 0, 8, 4, 4, 0, 3, 2, 0, 6, 0, 0, 4, 5, 0, 0, 98, 1, 0, 150, 44, 0, 0, 35, 19, 0, 0, 0, 70.6968002080917, 132.710400390625, 120.171600353718, 0, 0, 0, 0, 0, 40.6296001195908, 19.5048000574112, 32.3028000950813, 0, 22.1616000652313, 9.26640002727508, 0, 24.7860000729561, 0, 0, 84.6936002492905, 27.507600080967, 0, 0, 858.956402528286, 6.80400002002716, 0, 1575.90360463858, 958.910402822495, 0, 0, 1334.49120392799, 135.918000400066, 0, 0, 0, 
1, 31, PIF_PCT_31, 21, 327, 85, 3895.54921146631, 54, 18, 76, 0, 0, 0, 0, 0, 4, 2, 0, 0, 1, 0, 0, 0, 0, 0, 0, 0, 0, 0, 75, 4, 0, 178, 0, 0, 0, 0, 0, 0, 0, 0, 481.561201417446, 85.795200252533, 549.504001617432, 0, 0, 0, 0, 0, 16.0056000471115, 6.64200001955032, 0, 0, 4.50360001325607, 0, 0, 0, 0, 0, 0, 0, 0, 0, 880.761602592468, 23.1984000682831, 0, 1847.57760543823, 0, 0, 0, 0, 0, 0, 0, 0, 
1, 33, PIF_PCT_33, 25, 678, 100, 7351.88402163982, 101, 2, 121, 0, 0, 0, 0, 1, 6, 10, 1, 0, 3, 0, 0, 0, 0, 0, 2, 0, 0, 0, 82, 0, 0, 449, 0, 0, 0, 0, 0, 0, 0, 0, 873.601202571392, 7.77600002288818, 899.229602646828, 0, 0, 0, 0, 3.04560000896454, 38.0376001119614, 33.3720000982285, 3.66120001077652, 0, 28.9656000852585, 0, 0, 0, 0, 0, 10.2384000301361, 0, 0, 0, 718.956002116203, 0, 0, 4735.00081393719, 0, 0, 0, 0, 0, 0, 0, 0, 
1, 12, FED_SGH_12, 19, 249, 249, 6280.70761848688, 170, 50, 1, 0, 0, 0, 2, 0, 224, 0, 11, 0, 8, 0, 0, 0, 0, 0, 19, 0, 0, 0, 11, 1, 0, 1, 0, 0, 0, 0, 0, 0, 0, 0, 1816.21440534592, 302.90760089159, 6.48000001907349, 0, 0, 0, 16.4592000484467, 0, 3696.64561088085, 0, 73.7424002170563, 0, 48.4056001424789, 0, 0, 0, 0, 0, 279.903600823879, 0, 0, 0, 32.4000000953674, 3.72600001096725, 0, 3.82320001125336, 0, 0, 0, 0, 0, 0, 0, 0, 
1, 14, PNIF_SG_14, 20, 716, 117, 14453.8020425439, 367, 298, 33, 0, 0, 0, 0, 0, 88, 5, 8, 0, 7, 0, 0, 0, 0, 0, 6, 0, 0, 0, 16, 0, 0, 5, 0, 0, 0, 0, 0, 0, 0, 0, 8459.80202490091, 4754.08441399336, 252.396000742912, 0, 0, 0, 0, 0, 766.68120225668, 9.16920002698898, 40.6944001197815, 0, 48.5352001428604, 0, 0, 0, 0, 0, 47.4012001395226, 0, 0, 0, 52.4556001543999, 0, 0, 22.5828000664711, 0, 0, 0, 0, 0, 0, 0, 0, 
1, 39, PNIF_PCT_39, 44, 1842, 117, 39680.1505167961, 855, 843, 105, 0, 0, 0, 2, 7, 81, 9, 10, 0, 10, 0, 0, 0, 0, 0, 23, 0, 0, 0, 3, 5, 0, 6, 0, 0, 0, 0, 0, 0, 0, 0, 20965.5540617108, 16535.9880486727, 753.073202216625, 0, 0, 0, 16.8480000495911, 31.395600092411, 767.880002260208, 56.8620001673698, 55.0152001619339, 0, 80.0604002356529, 0, 0, 0, 0, 0, 278.64000082016, 0, 0, 0, 17.6580000519753, 36.7416001081467, 0, 84.4344002485275, 0, 0, 0, 0, 0, 0, 0, 0, 
1, 41, PNIF_PCT_41, 20, 776, 71, 16272.0576478958, 375, 324, 72, 0, 0, 0, 0, 9, 57, 3, 1, 0, 0, 0, 0, 0, 0, 0, 5, 0, 0, 0, 0, 1, 0, 0, 0, 0, 0, 0, 0, 0, 0, 0, 9051.03722664118, 5585.07961643934, 642.589201891422, 0, 0, 0, 0, 89.0352002620697, 805.204802370071, 10.497600030899, 3.88800001144409, 0, 0, 0, 0, 0, 0, 0, 80.6112002372742, 0, 0, 0, 0, 4.11480001211166, 0, 0, 0, 0, 0, 0, 0, 0, 0, 0, 
1, 11, PNIF_PCT_11, 67, 1880, 370, 25029.0000736713, 515, 15, 751, 0, 0, 0, 0, 0, 11, 38, 0, 0, 1, 0, 0, 0, 0, 0, 10, 0, 0, 0, 318, 3, 0, 588, 0, 0, 0, 0, 0, 0, 0, 0, 6049.047617805, 87.7068002581596, 7563.261622262, 0, 0, 0, 0, 0, 59.3244001746178, 156.52440046072, 0, 0, 6.12360001802444, 0, 0, 0, 0, 0, 74.5848002195358, 0, 0, 0, 5317.71481565237, 23.1660000681877, 0, 5691.54601675272, 0, 0, 0, 0, 0, 0, 0, 0, 
1, 13, PNIF_PCT_13, 22, 576, 135, 10633.2264312983, 378, 44, 124, 0, 0, 0, 2, 0, 103, 7, 1, 0, 16, 0, 0, 0, 0, 0, 8, 0, 0, 0, 18, 4, 0, 6, 0, 0, 0, 0, 0, 0, 0, 0, 7010.97122063637, 398.908801174164, 1023.35400301218, 0, 0, 0, 8.74800002574921, 0, 1716.06600505114, 43.1568001270294, 3.62880001068115, 0, 117.741600346565, 0, 0, 0, 0, 0, 159.829200470448, 0, 0, 0, 100.407600295544, 26.7300000786781, 0, 23.6844000697136, 0, 0, 0, 0, 0, 0, 0, 0, 
1, 17, PNIF_PCT_17, 21, 707, 88, 15547.5936457634, 468, 113, 109, 0, 0, 0, 0, 0, 70, 4, 8, 0, 8, 0, 0, 0, 0, 0, 3, 0, 0, 0, 6, 0, 0, 6, 0, 0, 0, 0, 0, 0, 0, 0, 11724.6528345108, 1242.18360365629, 1191.93120350838, 0, 0, 0, 0, 0, 1099.4616032362, 16.4268000483513, 41.7636001229286, 0, 83.8512002468109, 0, 0, 0, 0, 0, 85.4712002515793, 0, 0, 0, 29.2896000862122, 0, 0, 32.5620000958443, 0, 0, 0, 0, 0, 0, 0, 0, 
1, 40, PNIF_SG_40, 94, 1916, 591, 23309.5968686104, 126, 140, 221, 0, 0, 0, 10, 0, 102, 24, 41, 0, 121, 0, 0, 0, 0, 0, 30, 0, 0, 0, 394, 20, 0, 1278, 0, 0, 0, 0, 0, 0, 0, 0, 1295.64360381365, 1094.21280322075, 1548.10440455675, 0, 0, 0, 79.9308002352715, 0, 565.704001665115, 54.5616001605988, 289.720800852776, 0, 1238.58720364571, 0, 0, 0, 0, 0, 421.394401240349, 0, 0, 0, 2226.13920655251, 102.546000301838, 0, 14393.0520423651, 0, 0, 0, 0, 0, 0, 0, 0, 
1, 42, PNIF_SG_42, 48, 1617, 249, 21701.811663878, 183, 6, 210, 0, 0, 0, 1, 0, 8, 32, 1, 0, 14, 0, 0, 0, 0, 0, 0, 0, 0, 0, 196, 11, 0, 1204, 0, 0, 0, 0, 0, 0, 0, 0, 1915.55280563831, 28.0584000825882, 1880.56080553532, 0, 0, 0, 3.66120001077652, 0, 51.4836001515389, 64.6056001901627, 9.29880002737045, 0, 100.731600296497, 0, 0, 0, 0, 0, 0, 0, 0, 0, 982.141202890873, 46.1052001357079, 0, 16619.6124489188, 0, 0, 0, 0, 0, 0, 0, 0, 
1, 18, PNIF_SG_18, 20, 802, 184, 17914.6404527307, 348, 410, 34, 0, 0, 0, 2, 0, 128, 15, 12, 0, 3, 0, 0, 0, 0, 0, 4, 0, 0, 0, 26, 1, 0, 3, 0, 0, 0, 0, 0, 0, 0, 0, 6689.82241969109, 9465.23882786036, 246.920400726795, 0, 0, 0, 11.7936000347137, 0, 1238.55480364561, 31.0068000912666, 73.3212002158165, 0, 13.8024000406265, 0, 0, 0, 0, 0, 41.4720001220703, 0, 0, 0, 81.0000002384186, 5.89680001735687, 0, 15.8112000465393, 0, 0, 0, 0, 0, 0, 0, 0, 
1, 22, PNIF_PCT_22, 65, 2618, 224, 34578.1549017787, 419, 6, 478, 0, 0, 0, 0, 0, 9, 21, 1, 0, 28, 0, 0, 0, 0, 0, 0, 0, 0, 0, 186, 7, 0, 1687, 0, 0, 0, 0, 0, 0, 0, 0, 4955.67721458673, 39.0096001148224, 3938.41441159248, 0, 0, 0, 0, 0, 88.7760002613068, 75.3624002218246, 4.66560001373291, 0, 226.832400667667, 0, 0, 0, 0, 0, 0, 0, 0, 0, 1366.98840402365, 76.3020002245903, 0, 23806.1268700719, 0, 0, 0, 0, 0, 0, 0, 0, 
1, 22, PNIF_SG_22, 24, 452, 158, 5257.96921547651, 0, 1, 65, 0, 0, 0, 0, 0, 5, 15, 1, 0, 0, 0, 0, 0, 0, 0, 0, 0, 0, 0, 130, 7, 0, 386, 0, 0, 0, 0, 0, 0, 0, 0, 0, 3.88800001144409, 480.168001413345, 0, 0, 0, 0, 0, 24.3972000718117, 35.8668001055717, 5.08680001497269, 0, 0, 0, 0, 0, 0, 0, 0, 0, 0, 0, 712.800002098083, 34.3440001010895, 0, 3961.41841166019, 0, 0, 0, 0, 0, 0, 0, 0, 
1, 24, PNIF_PCT_24, 70, 2503, 268, 30128.4036886811, 377, 9, 517, 0, 0, 0, 0, 0, 1, 20, 0, 0, 10, 0, 0, 0, 0, 0, 0, 0, 0, 0, 243, 4, 0, 1590, 0, 0, 0, 0, 0, 0, 0, 0, 3231.70560951233, 40.9860001206398, 4733.93161393404, 0, 0, 0, 0, 0, 9.10440002679825, 71.2800002098083, 0, 0, 95.1588002800941, 0, 0, 0, 0, 0, 0, 0, 0, 0, 1972.67400580645, 17.9820000529289, 0, 19955.581258738, 0, 0, 0, 0, 0, 0, 0, 0, 
1, 24, PNIF_SG_24, 23, 697, 232, 8441.56082484722, 89, 0, 136, 0, 0, 0, 0, 0, 6, 19, 0, 0, 1, 0, 0, 0, 0, 0, 4, 0, 0, 0, 206, 1, 0, 467, 0, 0, 0, 0, 0, 0, 0, 0, 735.804002165794, 0, 1075.03200316429, 0, 0, 0, 0, 0, 36.8388001084328, 40.3056001186371, 0, 0, 3.66120001077652, 0, 0, 0, 0, 0, 39.8844001173973, 0, 0, 0, 1217.81880358458, 3.27240000963211, 0, 5288.94361556768, 0, 0, 0, 0, 0, 0, 0, 0, 
1, 26, PNIF_PCT_26, 20, 663, 87, 14331.0060421824, 340, 271, 6, 0, 0, 0, 0, 9, 58, 0, 6, 0, 29, 0, 0, 0, 0, 0, 13, 0, 0, 0, 6, 8, 0, 4, 0, 0, 0, 0, 0, 0, 0, 0, 8527.45322510004, 4427.8812130332, 26.8272000789642, 0, 0, 0, 0, 56.1816001653671, 643.950001895428, 0, 43.6428001284599, 0, 305.661600899696, 0, 0, 0, 0, 0, 199.486800587177, 0, 0, 0, 23.5224000692368, 50.965200150013, 0, 25.4340000748634, 0, 0, 0, 0, 0, 0, 0, 0, 
1, 21, HAND_21, 70, 0, 1038, 7209.16202121973, 199, 13, 305, 0, 0, 0, 1, 0, 48, 25, 0, 0, 29, 0, 0, 0, 0, 0, 0, 0, 0, 0, 248, 21, 0, 149, 0, 0, 0, 0, 0, 0, 0, 0, 1626.7716047883, 47.8872001409531, 1985.73120584488, 0, 0, 0, 3.62880001068115, 0, 260.59320076704, 73.4832002162933, 0, 0, 170.942400503159, 0, 0, 0, 0, 0, 0, 0, 0, 0, 1510.81200444698, 96.8436002850533, 0, 1432.46880421638, 0, 0, 0, 0, 0, 0, 0, 0, 
1, 25, HAND_25, 93, 7, 716, 4440.22561306954, 54, 33, 189, 0, 0, 0, 0, 2, 5, 6, 15, 0, 22, 0, 0, 0, 0, 0, 7, 0, 0, 0, 196, 16, 0, 178, 0, 0, 0, 0, 0, 0, 0, 0, 323.384400951862, 167.767200493813, 907.653602671623, 0, 0, 0, 0, 4.66560001373291, 24.073200070858, 14.3532000422478, 81.2916002392769, 0, 94.6080002784729, 0, 0, 0, 0, 0, 85.6008002519608, 0, 0, 0, 944.136002779007, 79.542000234127, 0, 1713.15000504255, 0, 0, 0, 0, 0, 0, 0, 0, 
1, 27, HAND_27, 140, 58, 2713, 36683.7337079763, 896, 631, 221, 0, 0, 0, 2, 176, 656, 15, 69, 0, 21, 0, 0, 0, 0, 0, 58, 0, 0, 0, 21, 4, 0, 1, 0, 0, 0, 0, 0, 0, 0, 0, 17144.4924504638, 8677.95122554302, 1177.61040346622, 0, 0, 0, 9.68760002851486, 959.461202824116, 7134.41522099972, 47.3364001393318, 303.458400893211, 0, 151.988400447369, 0, 0, 0, 0, 0, 977.443202877045, 0, 0, 0, 68.7204002022743, 27.7344000816345, 0, 3.43440001010895, 0, 0, 0, 0, 0, 0, 0, 0, 
2, 28, PIF_CC_28, 71, 3528, 0, 65497.4101927876, 1139, 1400, 62, 0, 0, 0, 30, 55, 352, 121, 64, 0, 54, 0, 0, 1, 6, 5, 33, 0, 0, 1, 66, 27, 0, 7, 12, 1, 0, 66, 26, 0, 0, 0, 22470.5988661408, 32782.0284964919, 427.453201258183, 0, 0, 0, 551.739601624012, 405.939601194859, 3963.62161166668, 1071.5004031539, 467.013601374626, 0, 659.534401941299, 0, 0, 9.97920002937317, 51.2892001509666, 23.1336000680923, 738.266402173042, 0, 0, 4.3740000128746, 400.820401179791, 322.898400950432, 0, 37.7136001110077, 69.5952002048492, 4.40640001296997, 0, 870.231602561474, 165.272400486469, 0, 0, 0, 
2, 34, PIF_CC_34, 26, 1000, 0, 10220.3856300831, 2, 0, 40, 0, 0, 0, 0, 0, 0, 21, 0, 0, 5, 0, 0, 23, 18, 0, 0, 19, 6, 1, 175, 21, 0, 395, 121, 10, 0, 109, 33, 0, 0, 1, 10.0116000294685, 0, 225.050400662422, 0, 0, 0, 0, 0, 0, 91.9512002706528, 0, 0, 27.0864000797272, 0, 0, 148.813200438023, 119.718000352383, 0, 0, 110.937600326538, 44.6472001314163, 8.84520002603531, 1291.8204038024, 171.622800505161, 0, 3894.38281146288, 1851.3360054493, 72.6084002137184, 0, 1956.96000576019, 190.965600562096, 0, 0, 3.62880001068115, 
2, 39, PNIF_PCT_39, 40, 1607, 151, 28310.3100833297, 718, 255, 341, 0, 0, 0, 3, 12, 85, 33, 9, 0, 20, 0, 0, 0, 0, 0, 23, 0, 0, 0, 9, 0, 0, 250, 0, 0, 0, 0, 0, 0, 0, 0, 14754.506443429, 3680.80201083422, 4298.67001265287, 0, 0, 0, 34.473600101471, 174.668400514126, 1260.16560370922, 193.914000570774, 48.1140001416206, 0, 323.546400952339, 0, 0, 0, 0, 0, 481.366801416874, 0, 0, 0, 41.8284001231194, 0, 0, 3018.25440888405, 0, 0, 0, 0, 0, 0, 0, 0, 
2, 40, PNIF_SG_40, 97, 3159, 557, 46259.9101361632, 868, 270, 410, 0, 0, 0, 16, 0, 112, 95, 26, 0, 102, 0, 0, 0, 0, 0, 21, 0, 0, 0, 292, 16, 0, 1488, 0, 0, 0, 0, 0, 0, 0, 0, 16741.0800492764, 3233.06640951633, 3601.71361060143, 0, 0, 0, 133.16400039196, 0, 649.328401911259, 325.296000957489, 161.449200475216, 0, 1249.34400367737, 0, 0, 0, 0, 0, 230.493600678444, 0, 0, 0, 1595.40840469599, 99.1764002919197, 0, 18240.3900536895, 0, 0, 0, 0, 0, 0, 0, 0, 
2, 42, PNIF_SG_42, 47, 1377, 337, 17720.9208521605, 75, 13, 191, 0, 0, 0, 3, 0, 24, 25, 1, 0, 27, 0, 0, 0, 0, 0, 4, 0, 0, 0, 264, 20, 0, 1067, 0, 0, 0, 0, 0, 0, 0, 0, 724.36680213213, 90.4932002663612, 1484.69760437012, 0, 0, 0, 17.107200050354, 0, 118.810800349712, 50.0580001473427, 5.70240001678467, 0, 203.277600598335, 0, 0, 0, 0, 0, 41.3100001215935, 0, 0, 0, 1520.79120447636, 108.702000319958, 0, 13355.6040393114, 0, 0, 0, 0, 0, 0, 0, 0, 
2, 22, PNIF_PCT_22, 19, 370, 37, 3715.59961093664, 5, 14, 75, 0, 0, 0, 0, 0, 0, 1, 0, 0, 0, 0, 0, 0, 0, 0, 0, 0, 0, 0, 34, 2, 0, 276, 0, 0, 0, 0, 0, 0, 0, 0, 37.6812001109123, 83.592000246048, 650.883601915836, 0, 0, 0, 0, 0, 0, 3.30480000972748, 0, 0, 0, 0, 0, 0, 0, 0, 0, 0, 0, 0, 300.477600884438, 12.700800037384, 0, 2626.9596077323, 0, 0, 0, 0, 0, 0, 0, 0, 
2, 22, PNIF_SG_22, 20, 269, 126, 3031.92720892429, 1, 0, 21, 0, 0, 0, 0, 0, 7, 3, 0, 0, 0, 0, 0, 0, 0, 0, 0, 0, 0, 0, 96, 20, 0, 247, 0, 0, 0, 0, 0, 0, 0, 0, 5.28120001554489, 0, 106.855200314522, 0, 0, 0, 0, 0, 45.6516001343727, 11.1456000328064, 0, 0, 0, 0, 0, 0, 0, 0, 0, 0, 0, 0, 414.428401219845, 166.438800489902, 0, 2282.1264067173, 0, 0, 0, 0, 0, 0, 0, 0, 
2, 24, PNIF_PCT_24, 67, 1925, 237, 28473.3792838097, 430, 330, 222, 0, 0, 0, 0, 4, 72, 11, 4, 0, 16, 0, 0, 0, 0, 0, 16, 0, 0, 0, 138, 8, 0, 911, 0, 0, 0, 0, 0, 0, 0, 0, 7882.27202320099, 6605.42041944265, 1617.57000476122, 0, 0, 0, 0, 18.3060000538826, 950.648402798176, 39.3660001158714, 21.7728000640869, 0, 94.2840002775192, 0, 0, 0, 0, 0, 189.248400557041, 0, 0, 0, 1039.16520305872, 59.51880017519, 0, 9955.80722930432, 0, 0, 0, 0, 0, 0, 0, 0, 
2, 24, PNIF_SG_24, 23, 723, 208, 9481.11482790709, 73, 2, 118, 0, 0, 0, 0, 0, 0, 28, 0, 0, 0, 0, 0, 0, 0, 0, 0, 0, 0, 0, 168, 12, 0, 530, 0, 0, 0, 0, 0, 0, 0, 0, 614.368801808357, 12.7980000376701, 932.698802745342, 0, 0, 0, 0, 0, 0, 61.0416001796722, 0, 0, 0, 0, 0, 0, 0, 0, 0, 0, 0, 0, 943.650002777576, 77.8896002292633, 0, 6838.6680201292, 0, 0, 0, 0, 0, 0, 0, 0, 
2, 21, HAND_21, 40, 0, 728, 6063.33601784706, 223, 2, 224, 0, 0, 0, 0, 0, 6, 15, 0, 0, 14, 0, 0, 0, 0, 0, 0, 0, 0, 0, 131, 1, 0, 112, 0, 0, 0, 0, 0, 0, 0, 0, 2312.55000680685, 5.44320001602173, 1785.43440525532, 0, 0, 0, 0, 0, 16.9128000497818, 38.2968001127243, 0, 0, 74.0988002181053, 0, 0, 0, 0, 0, 0, 0, 0, 0, 606.625201785564, 2.72160000801086, 0, 1221.25320359468, 0, 0, 0, 0, 0, 0, 0, 0, 
2, 25, HAND_25, 85, 0, 562, 3704.0004109025, 20, 2, 140, 0, 0, 0, 0, 0, 6, 9, 0, 0, 5, 0, 0, 0, 0, 0, 0, 0, 0, 0, 170, 29, 0, 181, 0, 0, 0, 0, 0, 0, 0, 0, 94.1220002770424, 4.3740000128746, 628.365601849556, 0, 0, 0, 0, 0, 46.3644001364708, 20.541600060463, 0, 0, 18.8568000555038, 0, 0, 0, 0, 0, 0, 0, 0, 0, 783.691202306747, 130.021200382709, 0, 1977.66360582113, 0, 0, 0, 0, 0, 0, 0, 0, 
2, 27, HAND_27, 148, 57, 2723, 35488.3681044579, 918, 610, 190, 0, 0, 0, 5, 174, 631, 33, 89, 0, 40, 0, 0, 0, 0, 0, 57, 0, 0, 0, 26, 2, 0, 5, 0, 0, 0, 0, 0, 0, 0, 0, 16426.7676483512, 7615.39322241545, 1050.63480309248, 0, 0, 0, 35.4132001042366, 924.274802720547, 7685.79842262268, 120.981600356102, 448.092001318932, 0, 225.27720066309, 0, 0, 0, 0, 0, 851.050802505016, 0, 0, 0, 80.4492002367973, 7.22520002126694, 0, 17.0100000500679, 0, 0, 0, 0, 0, 0, 0, 0, 
3, 28, PIF_CC_28, 61, 3106, 0, 55065.3229620814, 1051, 1163, 40, 0, 0, 0, 7, 6, 319, 139, 24, 2, 41, 0, 0, 0, 0, 33, 8, 0, 0, 3, 107, 15, 0, 37, 6, 1, 4, 59, 41, 0, 0, 0, 21164.8140622973, 26259.8112772942, 236.876400697231, 0, 0, 0, 62.6292001843452, 34.0848001003265, 3286.04040967226, 885.78360260725, 173.404800510406, 12.6684000372887, 779.414402294159, 0, 0, 0, 0, 215.978400635719, 70.8588002085686, 0, 0, 16.7832000494003, 607.273201787472, 98.1396002888679, 0, 239.533200705051, 27.9936000823975, 4.63320001363754, 18.9216000556946, 594.410401749611, 275.270400810242, 0, 0, 0, 
3, 34, PIF_CC_34, 10, 436, 0, 4209.05161238909, 5, 0, 17, 0, 0, 0, 0, 0, 1, 7, 0, 0, 5, 0, 0, 4, 3, 0, 0, 21, 3, 0, 88, 4, 0, 187, 41, 2, 0, 43, 5, 0, 0, 0, 23.1660000681877, 0, 89.6508002638817, 0, 0, 0, 0, 0, 4.89240001440048, 29.1276000857353, 0, 0, 46.5264001369476, 0, 0, 17.3664000511169, 13.1868000388145, 0, 0, 134.557200396061, 13.316400039196, 0, 546.814801609516, 30.2292000889778, 0, 2037.89520599842, 529.837201559544, 14.6772000432014, 0, 651.790801918507, 26.01720007658, 0, 0, 0, 
3, 39, PNIF_PCT_39, 43, 2290, 115, 36841.3597084403, 876, 278, 680, 0, 0, 0, 0, 1, 19, 51, 2, 0, 6, 0, 0, 0, 0, 0, 5, 0, 0, 0, 41, 1, 0, 445, 0, 0, 0, 0, 0, 0, 0, 0, 21777.8220641017, 2814.26400828362, 7695.51842265129, 0, 0, 0, 0, 3.04560000896454, 155.844000458717, 307.022400903702, 11.6316000342369, 0, 49.6692001461983, 0, 0, 0, 0, 0, 35.8344001054764, 0, 0, 0, 221.842800652981, 4.3740000128746, 0, 3764.49121108055, 0, 0, 0, 0, 0, 0, 0, 0, 
3, 40, PNIF_SG_40, 89, 2614, 502, 45651.5353343725, 681, 447, 266, 0, 0, 0, 11, 1, 73, 62, 8, 0, 49, 0, 0, 0, 0, 0, 11, 0, 0, 0, 317, 30, 0, 1160, 0, 0, 0, 0, 0, 0, 0, 0, 15987.2940470576, 9950.75282928943, 1975.39560581446, 0, 0, 0, 110.548800325394, 3.20760000944138, 554.364001631737, 174.798000514507, 49.3128001451492, 0, 522.093601536751, 0, 0, 0, 0, 0, 101.800800299644, 0, 0, 0, 1904.63400560617, 203.115600597858, 0, 14114.2176415443, 0, 0, 0, 0, 0, 0, 0, 0, 
3, 42, PNIF_SG_42, 50, 1085, 346, 15492.8376456022, 343, 68, 79, 0, 0, 0, 9, 1, 49, 15, 9, 0, 41, 0, 0, 0, 0, 0, 34, 0, 0, 0, 198, 65, 0, 520, 0, 0, 0, 0, 0, 0, 0, 0, 6473.03401905298, 848.037602496147, 705.801602077484, 0, 0, 0, 65.2212001919746, 3.49920001029968, 396.77040116787, 35.6076001048088, 48.2112001419067, 0, 286.707600843906, 0, 0, 0, 0, 0, 393.303601157665, 0, 0, 0, 1088.54280320406, 482.889601421356, 0, 4665.21121373177, 0, 0, 0, 0, 0, 0, 0, 0, 
3, 25, HAND_25, 90, 14, 700, 4291.21801263094, 46, 15, 214, 0, 0, 0, 2, 0, 9, 13, 7, 0, 14, 0, 0, 0, 0, 0, 14, 0, 0, 0, 195, 21, 0, 164, 0, 0, 0, 0, 0, 0, 0, 0, 230.493600678444, 60.3936001777649, 1073.25000315905, 0, 0, 0, 12.7980000376701, 0, 41.4720001220703, 33.9552000999451, 29.1276000857353, 0, 63.9900001883507, 0, 0, 0, 0, 0, 148.165200436115, 0, 0, 0, 928.065602731705, 151.794000446796, 0, 1517.7132044673, 0, 0, 0, 0, 0, 0, 0, 0, 
3, 27, HAND_27, 144, 75, 2923, 38163.2797123313, 897, 694, 181, 0, 0, 0, 7, 255, 649, 12, 139, 0, 68, 0, 0, 0, 0, 0, 75, 0, 0, 0, 19, 2, 0, 0, 0, 0, 0, 0, 0, 0, 0, 0, 15804.7848465204, 10058.288429606, 1121.07240329981, 0, 0, 0, 76.8528002262116, 1482.81840436459, 6668.40601962805, 31.4280000925064, 835.952402460575, 0, 402.926401185989, 0, 0, 0, 0, 0, 1614.07080475092, 0, 0, 0, 56.4408001661301, 10.2384000301361, 0, 0, 0, 0, 0, 0, 0, 0, 0, 0, 
4, 28, PIF_CC_28, 61, 3009, 0, 52522.0201545954, 990, 1158, 95, 0, 0, 0, 0, 49, 298, 126, 20, 3, 41, 0, 0, 0, 0, 9, 21, 0, 0, 1, 79, 7, 0, 12, 12, 3, 1, 55, 29, 0, 0, 0, 21108.8592621326, 24306.8364715457, 604.227601778507, 0, 0, 0, 0, 414.946801221371, 3268.38240962029, 797.16960234642, 121.305600357056, 17.5284000515938, 372.632401096821, 0, 0, 0, 0, 56.5704001665115, 148.456800436974, 0, 0, 4.1796000123024, 423.630001246929, 53.7192001581192, 0, 73.0944002151489, 64.2492001891136, 13.0572000384331, 3.95280001163483, 473.299201393127, 195.922800576687, 0, 0, 0, 
4, 39, PNIF_PCT_39, 43, 1497, 98, 35770.1833052874, 931, 431, 111, 0, 0, 0, 1, 0, 73, 11, 8, 0, 6, 0, 0, 0, 0, 0, 4, 0, 0, 0, 4, 1, 0, 14, 0, 0, 0, 0, 0, 0, 0, 0, 27257.4396802306, 6502.258819139, 882.70560259819, 0, 0, 0, 3.85560001134872, 0, 806.468402373791, 53.6868001580238, 45.0036001324654, 0, 37.8108001112938, 0, 0, 0, 0, 0, 79.0884002327919, 0, 0, 0, 21.7404000639915, 3.79080001115799, 0, 76.3344002246857, 0, 0, 0, 0, 0, 0, 0, 0, 
4, 40, PNIF_SG_40, 84, 2221, 629, 32653.0440961122, 481, 278, 322, 0, 0, 0, 14, 0, 93, 100, 37, 0, 37, 0, 0, 0, 0, 0, 23, 0, 0, 0, 338, 47, 0, 1080, 0, 0, 0, 0, 0, 0, 0, 0, 11019.8232324362, 3596.65921058655, 2647.79280779362, 0, 0, 0, 81.8748002409935, 0, 606.204001784325, 344.444401013851, 235.321200692654, 0, 302.00040088892, 0, 0, 0, 0, 0, 312.076800918579, 0, 0, 0, 1915.68240563869, 299.473200881481, 0, 11291.6916332364, 0, 0, 0, 0, 0, 0, 0, 0, 
4, 42, PNIF_SG_42, 67, 1352, 458, 15807.7980465293, 27, 51, 163, 0, 0, 0, 2, 0, 27, 30, 18, 0, 18, 0, 0, 0, 0, 0, 16, 0, 0, 0, 344, 37, 0, 1077, 0, 0, 0, 0, 0, 0, 0, 0, 141.458400416374, 406.425601196289, 1138.6332033515, 0, 0, 0, 9.10440002679825, 0, 131.479200387001, 75.2976002216339, 111.812400329113, 0, 137.376000404358, 0, 0, 0, 0, 0, 122.050800359249, 0, 0, 0, 1844.59680542946, 259.68600076437, 0, 11429.8776336432, 0, 0, 0, 0, 0, 0, 0, 0, 
4, 27, HAND_27, 95, 20, 1639, 22526.5860663056, 603, 330, 144, 0, 0, 0, 1, 50, 412, 12, 44, 0, 17, 0, 0, 0, 0, 0, 20, 0, 0, 0, 14, 11, 0, 1, 0, 0, 0, 0, 0, 0, 0, 0, 11683.1808343887, 4064.74201196432, 843.048002481461, 0, 0, 0, 2.26800000667572, 209.304000616074, 5041.11601483822, 40.3380001187325, 208.396800613403, 0, 108.086400318146, 0, 0, 0, 0, 0, 198.320400583744, 0, 0, 0, 54.3348001599312, 70.8912002086639, 0, 2.55960000753403, 0, 0, 0, 0, 0, 0, 0, 0, 
5, 28, PIF_CC_28, 61, 3288, 0, 57653.3377696991, 1040, 1284, 118, 0, 0, 0, 14, 28, 321, 150, 39, 0, 48, 4, 0, 4, 9, 1, 19, 0, 0, 1, 95, 3, 0, 7, 10, 1, 3, 49, 40, 0, 0, 0, 21360.6720628738, 28326.056483376, 769.273202264309, 0, 0, 0, 121.370400357246, 188.406000554562, 2870.15400844812, 1149.74640338421, 312.692400920391, 0, 506.833201491833, 41.4072001218796, 0, 21.3516000628471, 47.3364001393318, 3.75840001106262, 185.295600545406, 0, 0, 5.99400001764297, 611.161201798916, 11.7936000347137, 0, 32.8212000966072, 51.7752001523972, 4.40640001296997, 15.9732000470161, 719.312402117252, 295.747200870514, 0, 0, 0, 
5, 40, PNIF_SG_40, 84, 2229, 542, 32383.2492953181, 523, 266, 236, 0, 0, 0, 13, 2, 130, 58, 7, 0, 52, 0, 0, 0, 0, 0, 23, 0, 0, 0, 299, 33, 0, 1129, 0, 0, 0, 0, 0, 0, 0, 0, 10162.1628299117, 3624.81481066942, 1938.65400570631, 0, 0, 0, 129.276000380516, 9.03960002660751, 894.207602632046, 201.333600592613, 43.1568001270294, 0, 457.909201347828, 0, 0, 0, 0, 0, 334.530000984669, 0, 0, 0, 1811.77560533285, 169.808400499821, 0, 12606.5808371067, 0, 0, 0, 0, 0, 0, 0, 0, 
5, 42, PNIF_SG_42, 66, 1621, 490, 25628.8212754369, 673, 271, 128, 0, 0, 0, 9, 7, 148, 21, 27, 0, 49, 0, 0, 0, 0, 0, 21, 0, 0, 0, 255, 23, 0, 479, 0, 0, 0, 0, 0, 0, 0, 0, 12939.8472380877, 3533.54401040077, 867.996002554893, 0, 0, 0, 63.8604001879692, 43.0596001267433, 976.924802875519, 48.8268001437187, 168.253200495243, 0, 421.102801239491, 0, 0, 0, 0, 0, 327.661200964451, 0, 0, 0, 1479.80520435572, 155.552400457859, 0, 4602.38761354685, 0, 0, 0, 0, 0, 0, 0, 0, 
6, 28, PIF_CC_28, 62, 3014, 0, 54398.2069601178, 984, 1048, 79, 0, 0, 0, 19, 51, 320, 103, 55, 6, 77, 0, 0, 5, 2, 13, 38, 2, 0, 3, 86, 7, 0, 22, 13, 1, 2, 61, 17, 0, 0, 0, 21540.5244634032, 22694.5152667999, 547.398001611233, 0, 0, 0, 221.259600651264, 385.592401134968, 3608.1612106204, 978.38280287981, 502.750801479816, 41.1156001210213, 808.963202381134, 0, 0, 19.7964000582695, 8.52120002508163, 58.0932001709938, 398.746801173687, 7.74360002279282, 0, 27.7992000818253, 668.088001966476, 33.3072000980377, 0, 199.000800585747, 73.8720002174377, 12.8628000378609, 7.61400002241135, 1450.96920427084, 103.129200303555, 0, 0, 0, 
6, 32, PIF_CC_32, 10, 302, 0, 3787.36561114788, 1, 4, 6, 0, 0, 0, 0, 0, 1, 5, 3, 0, 0, 1, 0, 8, 0, 0, 4, 0, 2, 0, 46, 10, 0, 111, 47, 0, 0, 40, 13, 0, 0, 0, 4.1796000123024, 27.4104000806808, 47.4336001396179, 0, 0, 0, 0, 0, 5.92920001745224, 92.6964002728462, 26.01720007658, 0, 0, 5.41080001592636, 0, 36.9684001088142, 0, 0, 37.033200109005, 0, 9.7524000287056, 0, 529.740001559258, 63.6984001874924, 0, 1857.88080546856, 488.786401438713, 0, 0, 476.053201401234, 78.3756002306938, 0, 0, 0, 
6, 40, PNIF_SG_40, 87, 3027, 558, 56943.7777676106, 665, 138, 456, 0, 0, 0, 5, 7, 132, 76, 7, 0, 48, 0, 0, 0, 0, 0, 27, 0, 0, 0, 312, 19, 0, 1693, 0, 0, 0, 0, 0, 0, 0, 0, 10913.9724321246, 1669.474804914, 4391.26921292543, 0, 0, 0, 36.4824001073837, 63.0180001854897, 1294.02360380888, 229.327200675011, 107.179200315475, 0, 498.279601466656, 0, 0, 0, 0, 0, 666.792001962662, 0, 0, 0, 1602.01800471544, 170.100000500679, 0, 35301.8413039088, 0, 0, 0, 0, 0, 0, 0, 0, 
6, 42, PNIF_SG_42, 68, 1793, 356, 31229.4204919219, 45, 23, 173, 0, 0, 0, 0, 0, 18, 27, 7, 0, 29, 0, 0, 0, 0, 0, 2, 0, 0, 0, 287, 17, 0, 1521, 0, 0, 0, 0, 0, 0, 0, 0, 406.555201196671, 166.503600490093, 1297.91160382032, 0, 0, 0, 0, 0, 85.2120002508163, 47.174400138855, 33.9552000999451, 0, 197.575200581551, 0, 0, 0, 0, 0, 25.6932000756264, 0, 0, 0, 1564.27200460434, 79.1532002329826, 0, 27325.4148804307, 0, 0, 0, 0, 0, 0, 0, 0, 
7, 28, PIF_CC_28, 66, 3225, 0, 68284.7174009919, 1221, 1193, 90, 0, 0, 0, 9, 38, 255, 148, 36, 5, 51, 5, 0, 3, 16, 2, 23, 1, 0, 5, 40, 6, 0, 22, 9, 1, 0, 34, 12, 0, 0, 0, 31529.5092928052, 28558.6884840608, 652.860001921654, 0, 0, 0, 151.016400444508, 328.892400968075, 2976.84720876217, 1632.08520480394, 234.802800691128, 18.4032000541687, 503.139601480961, 37.4220001101494, 0, 25.9524000763893, 92.5992002725601, 7.41960002183914, 477.835201406479, 5.60520001649857, 0, 26.6004000782967, 283.53240083456, 39.4956001162529, 0, 166.114800488949, 44.7768001317978, 3.30480000972748, 0, 430.920001268387, 56.8944001674652, 0, 0, 0, 
7, 40, PNIF_SG_40, 77, 2238, 435, 37859.2057114363, 777, 255, 138, 0, 0, 0, 4, 1, 142, 37, 17, 0, 78, 0, 0, 0, 0, 0, 43, 0, 0, 0, 173, 61, 0, 947, 0, 0, 0, 0, 0, 0, 0, 0, 14865.3468437552, 3245.05440955162, 1039.84560306072, 0, 0, 0, 26.632800078392, 2.9808000087738, 1259.5824037075, 102.286800301075, 112.719600331783, 0, 973.91160286665, 0, 0, 0, 0, 0, 456.77520134449, 0, 0, 0, 919.836002707481, 475.632001399994, 0, 14378.6016423225, 0, 0, 0, 0, 0, 0, 0, 0, 
7, 42, PNIF_SG_42, 47, 1311, 163, 22049.1072649002, 84, 2, 156, 0, 0, 0, 4, 0, 1, 20, 0, 0, 20, 0, 0, 0, 0, 0, 0, 0, 0, 0, 130, 8, 0, 1049, 0, 0, 0, 0, 0, 0, 0, 0, 1018.62360299826, 14.54760004282, 1276.65720375776, 0, 0, 0, 23.2308000683784, 0, 4.1796000123024, 41.2128001213074, 0, 0, 139.676400411129, 0, 0, 0, 0, 0, 0, 0, 0, 0, 537.775201582909, 25.3692000746727, 0, 18967.8348558307, 0, 0, 0, 0, 0, 0, 0, 0, 
8, 28, PIF_CC_28, 74, 3913, 0, 74631.4562196732, 1193, 1491, 115, 0, 0, 0, 9, 29, 326, 258, 57, 1, 77, 0, 0, 1, 3, 19, 3, 0, 0, 0, 131, 16, 0, 14, 20, 5, 6, 82, 57, 0, 0, 0, 25362.9144746542, 36824.4145083904, 918.37800270319, 0, 0, 0, 120.852000355721, 195.177600574493, 3831.10561127663, 2665.4184078455, 495.363601458073, 3.85560001134872, 797.882402348518, 0, 0, 3.72600001096725, 19.9584000587463, 83.4948002457619, 82.1016002416611, 0, 0, 0, 1088.73720320463, 135.658800399303, 0, 78.3108002305031, 127.170000374317, 30.0996000885963, 39.2040001153946, 1287.12240378857, 440.510401296616, 0, 0, 0, 
8, 40, PNIF_SG_40, 94, 2320, 644, 40994.8453206658, 284, 107, 317, 0, 0, 0, 6, 0, 117, 47, 20, 0, 63, 0, 0, 0, 0, 0, 18, 0, 0, 0, 412, 42, 0, 1531, 0, 0, 0, 0, 0, 0, 0, 0, 3419.17201006413, 1233.17640362978, 2614.42080769539, 0, 0, 0, 73.3536002159119, 0, 1403.40600413084, 115.506000339985, 134.978400397301, 0, 616.410001814365, 0, 0, 0, 0, 0, 226.832400667667, 0, 0, 0, 3000.17520883083, 287.712000846863, 0, 27869.7024820328, 0, 0, 0, 0, 0, 0, 0, 0, 
8, 42, PNIF_SG_42, 43, 725, 239, 11917.0764350772, 59, 49, 51, 0, 0, 0, 8, 0, 41, 4, 13, 0, 66, 0, 0, 0, 0, 0, 31, 0, 0, 0, 143, 30, 0, 469, 0, 0, 0, 0, 0, 0, 0, 0, 532.429201567173, 477.219601404667, 397.904401171207, 0, 0, 0, 76.6584002256393, 0, 338.515200996399, 5.63760001659393, 89.7480002641678, 0, 749.509202206135, 0, 0, 0, 0, 0, 739.497602176666, 0, 0, 0, 843.728402483463, 216.788400638103, 0, 7449.44042192697, 0, 0, 0, 0, 0, 0, 0, 0, 
9, 40, PNIF_SG_40, 45, 1118, 388, 17307.6264509439, 45, 52, 236, 0, 0, 0, 1, 0, 25, 26, 17, 0, 25, 0, 0, 0, 0, 0, 14, 0, 0, 0, 312, 7, 0, 746, 0, 0, 0, 0, 0, 0, 0, 0, 328.50360096693, 420.228001236916, 2057.56200605631, 0, 0, 0, 4.05000001192093, 0, 150.206400442123, 57.5424001693726, 114.436800336838, 0, 207.392400610447, 0, 0, 0, 0, 0, 218.019600641727, 0, 0, 0, 1998.39960588217, 42.0552001237869, 0, 11709.2304344654, 0, 0, 0, 0, 0, 0, 0, 0, 
12, 39, PNIF_PCT_39, 21, 690, 60, 16811.0640494823, 403, 254, 12, 0, 0, 0, 0, 1, 46, 0, 9, 0, 4, 0, 0, 0, 0, 0, 16, 0, 0, 0, 1, 3, 0, 1, 0, 0, 0, 0, 0, 0, 0, 0, 12181.0068358541, 3629.02681068182, 96.5520002841949, 0, 0, 0, 0, 2.62440000772476, 584.301601719856, 0, 54.7884001612663, 0, 34.473600101471, 0, 0, 0, 0, 0, 192.747600567341, 0, 0, 0, 4.34160001277924, 14.1264000415802, 0, 17.0748000502586, 0, 0, 0, 0, 0, 0, 0, 0, 
13, 39, PNIF_PCT_39, 21, 790, 60, 18624.3948548198, 432, 251, 91, 0, 0, 0, 2, 0, 46, 3, 6, 0, 2, 0, 0, 0, 0, 0, 13, 0, 0, 0, 2, 1, 0, 1, 0, 0, 0, 0, 0, 0, 0, 0, 13156.2792387247, 3708.60121091604, 701.136002063751, 0, 0, 0, 12.4416000366211, 0, 572.540401685238, 10.3680000305176, 33.9876001000404, 0, 10.0764000296593, 0, 0, 0, 0, 0, 385.722001135349, 0, 0, 0, 8.74800002574921, 4.21200001239777, 0, 20.2824000597, 0, 0, 0, 0, 0, 0, 0, 0, 
14, 28, PIF_CC_28, 9, 439, 0, 9119.69282684326, 165, 157, 10, 0, 0, 0, 0, 3, 26, 15, 0, 0, 6, 0, 0, 0, 0, 0, 2, 0, 0, 0, 33, 0, 0, 2, 3, 0, 1, 9, 7, 0, 0, 0, 4342.21561278105, 3346.56360985041, 58.5792001724243, 0, 0, 0, 0, 12.4092000365257, 492.318001449108, 237.038400697708, 0, 0, 125.744400370121, 0, 0, 0, 0, 0, 24.1056000709534, 0, 0, 0, 290.887200856209, 0, 0, 33.1452000975609, 14.6772000432014, 0, 6.18840001821518, 87.9660002589226, 47.8548001408577, 0, 0, 0, 
14, 39, PNIF_PCT_39, 23, 673, 71, 15903.4428468108, 459, 160, 41, 0, 0, 0, 1, 0, 60, 1, 4, 0, 4, 0, 0, 0, 0, 0, 2, 0, 0, 0, 4, 1, 0, 7, 0, 0, 0, 0, 0, 0, 0, 0, 13145.9760386944, 1567.60920461416, 273.002400803566, 0, 0, 0, 2.94840000867844, 0, 729.453602147102, 4.66560001373291, 14.5152000427246, 0, 39.3012001156807, 0, 0, 0, 0, 0, 13.7700000405312, 0, 0, 0, 24.3972000718117, 2.91600000858307, 0, 84.8880002498627, 0, 0, 0, 0, 0, 0, 0, 0, 
16, 28, PIF_CC_28, 8, 357, 0, 7218.03962124586, 146, 115, 6, 0, 0, 0, 4, 10, 45, 3, 7, 0, 11, 0, 0, 0, 0, 0, 1, 0, 0, 1, 1, 2, 0, 0, 1, 0, 0, 2, 2, 0, 0, 0, 4075.88761199713, 2147.05080631971, 34.4412001013756, 0, 0, 0, 96.908400285244, 46.4292001366615, 592.434001743793, 54.496800160408, 34.7976001024246, 0, 80.5788002371788, 0, 0, 0, 0, 0, 3.36960000991821, 0, 0, 3.11040000915527, 22.9392000675201, 8.13240002393722, 0, 0, 2.52720000743866, 0, 0, 6.48000001907349, 8.4564000248909, 0, 0, 0, 
16, 41, PNIF_PCT_41, 21, 612, 148, 12913.9596380115, 264, 280, 27, 0, 0, 0, 0, 58, 76, 1, 9, 0, 13, 0, 0, 0, 0, 0, 25, 0, 0, 0, 3, 1, 0, 3, 0, 0, 0, 0, 0, 0, 0, 0, 5006.73961473703, 5392.59121587276, 202.564800596237, 0, 0, 0, 0, 710.467202091217, 1136.59200334549, 3.27240000963211, 46.6236001372337, 0, 69.1740002036095, 0, 0, 0, 0, 0, 285.768000841141, 0, 0, 0, 23.0040000677109, 2.94840000867844, 0, 34.214400100708, 0, 0, 0, 0, 0, 0, 0, 0, 
16, 13, PNIF_PCT_13, 45, 934, 193, 22798.7136671066, 603, 130, 196, 0, 0, 0, 0, 6, 156, 9, 5, 0, 1, 0, 0, 0, 0, 0, 2, 0, 0, 0, 15, 2, 0, 2, 0, 0, 0, 0, 0, 0, 0, 0, 16907.1948497653, 1535.20920451879, 2313.36000680923, 0, 0, 0, 0, 45.3600001335144, 1809.44280532599, 44.355600130558, 22.3884000658989, 0, 9.42840002775192, 0, 0, 0, 0, 0, 22.1940000653267, 0, 0, 0, 44.8740001320839, 4.21200001239777, 0, 40.6944001197815, 0, 0, 0, 0, 0, 0, 0, 0, 
16, 40, PNIF_SG_40, 22, 9, 186, 767.426402258873, 3, 3, 2, 0, 0, 0, 0, 0, 36, 6, 19, 0, 0, 0, 0, 0, 0, 0, 0, 0, 0, 0, 122, 3, 0, 1, 0, 0, 0, 0, 0, 0, 0, 0, 19.926000058651, 14.6772000432014, 13.2516000390053, 0, 0, 0, 0, 0, 116.542800343037, 31.3308000922203, 34.2468001008034, 0, 0, 0, 0, 0, 0, 0, 0, 0, 0, 0, 525.949201548099, 2.43000000715256, 0, 9.07200002670288, 0, 0, 0, 0, 0, 0, 0, 0, 
16, 21, HAND_21, 26, 0, 220, 383.194801127911, 21, 4, 70, 0, 0, 0, 0, 0, 10, 5, 0, 0, 8, 0, 0, 0, 0, 0, 0, 0, 0, 0, 64, 7, 0, 31, 0, 0, 0, 0, 0, 0, 0, 0, 28.7064000844955, 4.2768000125885, 139.903200411797, 0, 0, 0, 0, 0, 11.0160000324249, 5.5728000164032, 0, 0, 15.8112000465393, 0, 0, 0, 0, 0, 0, 0, 0, 0, 116.996400344372, 7.12800002098084, 0, 53.7840001583099, 0, 0, 0, 0, 0, 0, 0, 0, 
17, 41, PNIF_PCT_41, 20, 697, 161, 15915.9168468475, 306, 335, 6, 0, 0, 0, 1, 65, 84, 0, 11, 0, 26, 0, 0, 0, 0, 0, 22, 0, 0, 0, 0, 0, 0, 2, 0, 0, 0, 0, 0, 0, 0, 0, 5936.4576174736, 7460.87762196064, 163.198800480366, 0, 0, 0, 8.87760002613068, 454.11840133667, 1335.852003932, 0, 64.2168001890182, 0, 182.185200536251, 0, 0, 0, 0, 0, 272.160000801086, 0, 0, 0, 0, 0, 0, 37.9728001117706, 0, 0, 0, 0, 0, 0, 0, 0, 
17, 21, HAND_21, 44, 0, 602, 2294.95680675507, 149, 5, 187, 0, 0, 0, 0, 0, 28, 13, 1, 0, 1, 0, 0, 0, 0, 0, 0, 0, 0, 0, 158, 8, 0, 52, 0, 0, 0, 0, 0, 0, 0, 0, 682.47360200882, 9.52560002803803, 565.67160166502, 0, 0, 0, 0, 0, 91.7244002699852, 14.0292000412941, 1.78200000524521, 0, 2.10600000619888, 0, 0, 0, 0, 0, 0, 0, 0, 0, 788.259602320194, 26.8272000789642, 0, 112.557600331306, 0, 0, 0, 0, 0, 0, 0, 0, 
18, 40, PNIF_SG_40, 43, 1422, 217, 32663.7684961438, 636, 512, 95, 0, 0, 0, 4, 4, 110, 41, 19, 0, 45, 0, 0, 0, 0, 0, 31, 0, 0, 0, 38, 1, 0, 103, 0, 0, 0, 0, 0, 0, 0, 0, 16160.7312475681, 10771.9632317066, 848.685602498054, 0, 0, 0, 24.4620000720024, 12.6360000371933, 923.918402719498, 151.470000445843, 143.856000423431, 0, 526.370401549339, 0, 0, 0, 0, 0, 703.630802071094, 0, 0, 0, 166.924800491333, 4.79520001411438, 0, 2224.32480654716, 0, 0, 0, 0, 0, 0, 0, 0, 
19, 40, PNIF_SG_40, 83, 313, 583, 8245.11962426901, 11, 7, 75, 0, 0, 0, 16, 0, 71, 90, 29, 0, 0, 0, 0, 0, 0, 0, 4, 0, 0, 0, 323, 54, 0, 216, 0, 0, 0, 0, 0, 0, 0, 0, 71.5392002105713, 43.8696001291275, 668.379601967335, 0, 0, 0, 28.1232000827789, 0, 495.752401459217, 219.736800646782, 67.0680001974106, 0, 0, 0, 0, 0, 0, 0, 13.2840000391006, 0, 0, 0, 1442.22120424509, 154.029600453377, 0, 5041.11601483822, 0, 0, 0, 0, 0, 0, 0, 0, 
20, 40, PNIF_SG_40, 20, 10, 148, 681.177602005005, 4, 1, 2, 0, 0, 0, 2, 2, 13, 3, 6, 0, 0, 0, 0, 0, 0, 0, 0, 0, 0, 0, 115, 7, 0, 3, 0, 0, 0, 0, 0, 0, 0, 0, 25.4016000747681, 6.67440001964569, 16.2972000479698, 0, 0, 0, 3.72600001096725, 6.09120001792908, 54.0756001591682, 3.07800000905991, 8.00280002355576, 0, 0, 0, 0, 0, 0, 0, 0, 0, 0, 0, 518.335201525688, 15.2928000450134, 0, 24.2028000712395, 0, 0, 0, 0, 0, 0, 0, 0, 
21, 40, PNIF_SG_40, 65, 1164, 363, 26386.6572776675, 99, 4, 241, 0, 0, 0, 0, 0, 6, 55, 0, 0, 4, 0, 0, 0, 0, 0, 1, 0, 0, 0, 296, 6, 0, 815, 0, 0, 0, 0, 0, 0, 0, 0, 688.402802026272, 21.1896000623703, 2007.60120590925, 0, 0, 0, 0, 0, 35.4132001042366, 188.146800553799, 0, 0, 17.6580000519753, 0, 0, 0, 0, 0, 6.80400002002716, 0, 0, 0, 1652.6592048645, 7.87320002317429, 0, 21760.9092640519, 0, 0, 0, 0, 0, 0, 0, 0, 
22, 40, PNIF_SG_40, 46, 306, 420, 7694.87042264938, 35, 11, 39, 0, 0, 0, 14, 1, 84, 16, 4, 0, 14, 0, 0, 0, 0, 0, 15, 0, 0, 0, 227, 74, 0, 192, 0, 0, 0, 0, 0, 0, 0, 0, 213.256800627708, 114.663600337505, 289.332000851631, 0, 0, 0, 80.9676002383232, 1.78200000524521, 457.779601347446, 47.5632001399994, 18.5976000547409, 0, 82.5552002429962, 0, 0, 0, 0, 0, 154.224000453949, 0, 0, 0, 1217.72160358429, 183.44880053997, 0, 4832.97841422558, 0, 0, 0, 0, 0, 0, 0, 0, 
23, 40, PNIF_SG_40, 70, 58, 377, 2383.66800701618, 18, 5, 10, 0, 0, 0, 5, 0, 62, 30, 17, 0, 0, 0, 0, 0, 0, 0, 1, 0, 0, 0, 242, 21, 0, 24, 0, 0, 0, 0, 0, 0, 0, 0, 123.962400364876, 30.6180000901222, 83.948400247097, 0, 0, 0, 12.700800037384, 0, 465.717601370812, 123.994800364971, 25.2072000741959, 0, 0, 0, 0, 0, 0, 0, 2.36520000696182, 0, 0, 0, 1212.7320035696, 35.9640001058578, 0, 266.457600784302, 0, 0, 0, 0, 0, 0, 0, 0, 
24, 28, PIF_CC_28, 8, 412, 0, 7189.49522116184, 91, 137, 6, 0, 0, 0, 5, 20, 77, 0, 21, 0, 48, 0, 0, 0, 0, 0, 5, 0, 0, 1, 0, 0, 0, 1, 0, 0, 0, 0, 0, 0, 0, 0, 1355.87520399094, 3257.20440958738, 110.257200324535, 0, 0, 0, 68.6556002020836, 115.668000340462, 1267.74720373154, 0, 174.862800514698, 0, 797.720402348041, 0, 0, 0, 0, 0, 32.8536000967026, 0, 0, 3.30480000972748, 0, 0, 0, 5.34600001573563, 0, 0, 0, 0, 0, 0, 0, 0, 
26, 28, PIF_CC_28, 8, 396, 0, 7691.9544226408, 130, 129, 8, 0, 0, 0, 0, 1, 109, 3, 2, 1, 0, 0, 0, 0, 0, 0, 5, 0, 0, 0, 3, 0, 0, 0, 0, 0, 0, 5, 0, 0, 0, 0, 2675.07360787392, 2738.96640806198, 43.7076001286507, 0, 0, 0, 0, 2.36520000696182, 2031.70680598021, 108.961200320721, 6.48000001907349, 2.65680000782013, 0, 0, 0, 0, 0, 0, 47.6280001401901, 0, 0, 0, 15.0336000442505, 0, 0, 0, 0, 0, 0, 19.3752000570297, 0, 0, 0, 0, 
26, 39, PNIF_PCT_39, 16, 4, 21, 103.291200304031, 2, 1, 1, 0, 0, 0, 0, 0, 2, 10, 2, 0, 0, 0, 0, 0, 0, 0, 0, 0, 0, 0, 7, 0, 0, 0, 0, 0, 0, 0, 0, 0, 0, 0, 11.3400000333786, 4.60080001354217, 6.12360001802444, 0, 0, 0, 0, 0, 3.59640001058578, 60.2964001774788, 5.50800001621246, 0, 0, 0, 0, 0, 0, 0, 0, 0, 0, 0, 11.8260000348091, 0, 0, 0, 0, 0, 0, 0, 0, 0, 0, 0, 
31, 32, PIF_CC_32, 8, 478, 0, 8505.90722503662, 45, 0, 34, 0, 0, 0, 2, 0, 0, 6, 0, 0, 13, 14, 2, 12, 4, 0, 0, 0, 0, 0, 56, 0, 0, 182, 45, 0, 0, 46, 17, 0, 0, 0, 433.350001275539, 0, 230.040000677109, 0, 0, 0, 15.2928000450134, 0, 0, 62.5968001842499, 0, 0, 105.624000310898, 45.327600133419, 4.2768000125885, 54.2376001596451, 9.72000002861023, 0, 0, 0, 0, 0, 524.815201544762, 0, 0, 5865.1452172637, 499.381201469898, 0, 0, 578.016001701355, 78.0840002298355, 0, 0, 0, 
31, 31, PIF_PCT_31, 21, 765, 26, 15988.6224470615, 212, 0, 153, 0, 0, 0, 2, 0, 3, 2, 0, 0, 7, 0, 0, 0, 0, 0, 0, 0, 0, 0, 19, 0, 0, 393, 0, 0, 0, 0, 0, 0, 0, 0, 2365.3296069622, 0, 1340.7444039464, 0, 0, 0, 8.10000002384186, 0, 9.13680002689362, 4.2768000125885, 0, 0, 61.6248001813889, 0, 0, 0, 0, 0, 0, 0, 0, 0, 60.0372001767158, 0, 0, 12139.3728357315, 0, 0, 0, 0, 0, 0, 0, 0, 
31, 33, PIF_PCT_33, 18, 7, 28, 200.653200590611, 4, 0, 2, 0, 0, 0, 0, 0, 1, 9, 1, 0, 0, 0, 0, 0, 0, 0, 0, 0, 0, 0, 17, 0, 0, 1, 0, 0, 0, 0, 0, 0, 0, 0, 19.4724000573158, 0, 14.6772000432014, 0, 0, 0, 0, 0, 2.33280000686646, 21.9996000647545, 5.31360001564026, 0, 0, 0, 0, 0, 0, 0, 0, 0, 0, 0, 116.996400344372, 0, 0, 19.8612000584602, 0, 0, 0, 0, 0, 0, 0, 0, 
31, 11, PNIF_PCT_11, 19, 3, 40, 63.5364001870155, 1, 1, 0, 0, 0, 0, 0, 0, 2, 3, 0, 0, 0, 0, 0, 0, 0, 0, 0, 0, 0, 0, 35, 0, 0, 1, 0, 0, 0, 0, 0, 0, 0, 0, 5.28120001554489, 3.01320000886917, 0, 0, 0, 0, 0, 0, 2.20320000648499, 2.81880000829697, 0, 0, 0, 0, 0, 0, 0, 0, 0, 0, 0, 0, 44.5176001310348, 0, 0, 5.70240001678467, 0, 0, 0, 0, 0, 0, 0, 0, 
31, 13, PNIF_PCT_13, 45, 807, 88, 19586.6424576521, 562, 64, 158, 0, 0, 0, 1, 0, 78, 5, 4, 0, 6, 0, 0, 0, 0, 0, 6, 0, 0, 0, 0, 0, 0, 11, 0, 0, 0, 0, 0, 0, 0, 0, 15938.0136469126, 586.37520172596, 2241.69120659828, 0, 0, 0, 2.39760000705719, 0, 438.048001289368, 31.9464000940323, 10.6920000314713, 0, 62.9532001852989, 0, 0, 0, 0, 0, 43.4484001278877, 0, 0, 0, 0, 0, 0, 231.07680068016, 0, 0, 0, 0, 0, 0, 0, 0, 
31, 40, PNIF_SG_40, 64, 593, 319, 17416.2960512638, 65, 15, 23, 0, 0, 0, 4, 0, 78, 12, 21, 0, 0, 0, 0, 0, 0, 0, 1, 0, 0, 0, 172, 32, 0, 489, 0, 0, 0, 0, 0, 0, 0, 0, 448.38360131979, 100.116000294685, 133.034400391579, 0, 0, 0, 6.31800001859665, 0, 504.144001483917, 112.363200330734, 18.1116000533104, 0, 0, 0, 0, 0, 0, 0, 6.09120001792908, 0, 0, 0, 779.997602295875, 103.129200303555, 0, 15204.6072447538, 0, 0, 0, 0, 0, 0, 0, 0, 
31, 42, PNIF_SG_42, 45, 36, 176, 1966.16160578728, 12, 1, 10, 0, 0, 0, 1, 0, 10, 11, 1, 0, 0, 0, 0, 0, 0, 0, 0, 0, 0, 0, 135, 18, 0, 13, 0, 0, 0, 0, 0, 0, 0, 0, 82.9116002440452, 7.12800002098084, 165.985200488567, 0, 0, 0, 1.71720000505447, 0, 198.644400584698, 56.8296001672745, 0.518400001525879, 0, 0, 0, 0, 0, 0, 0, 0, 0, 0, 0, 1036.02240304947, 59.0976001739502, 0, 357.307201051712, 0, 0, 0, 0, 0, 0, 0, 0, 
31, 22, PNIF_PCT_22, 44, 19, 63, 908.884802675247, 5, 0, 2, 0, 0, 0, 0, 0, 2, 17, 1, 0, 0, 0, 0, 0, 0, 0, 0, 0, 0, 0, 42, 1, 0, 12, 0, 0, 0, 0, 0, 0, 0, 0, 36.3528001070023, 0, 17.1396000504494, 0, 0, 0, 0, 0, 4.53600001335144, 88.4844002604485, 1.06920000314713, 0, 0, 0, 0, 0, 0, 0, 0, 0, 0, 0, 498.830401468277, 4.60080001354217, 0, 257.871600759029, 0, 0, 0, 0, 0, 0, 0, 0, 
31, 22, PNIF_SG_22, 20, 537, 41, 13738.2156404376, 8, 0, 81, 0, 0, 0, 0, 0, 5, 2, 0, 0, 0, 0, 0, 0, 0, 0, 0, 0, 0, 0, 34, 0, 0, 448, 0, 0, 0, 0, 0, 0, 0, 0, 30.0348000884056, 0, 533.368801569939, 0, 0, 0, 0, 0, 10.9512000322342, 5.24880001544952, 0, 0, 0, 0, 0, 0, 0, 0, 0, 0, 0, 0, 150.984000444412, 0, 0, 13007.6280382872, 0, 0, 0, 0, 0, 0, 0, 0, 
31, 21, HAND_21, 24, 0, 195, 279.223200821877, 51, 2, 70, 0, 0, 0, 0, 0, 7, 7, 0, 0, 1, 0, 0, 0, 0, 0, 0, 0, 0, 0, 50, 3, 0, 4, 0, 0, 0, 0, 0, 0, 0, 0, 104.133600306511, 4.05000001192093, 56.1492001652718, 0, 0, 0, 0, 0, 5.92920001745224, 4.14720001220703, 0, 0, 1.2960000038147, 0, 0, 0, 0, 0, 0, 0, 0, 0, 78.2460002303124, 1.587600004673, 0, 23.6844000697136, 0, 0, 0, 0, 0, 0, 0, 0, 
32, 41, PNIF_PCT_41, 20, 11, 99, 250.614000737667, 2, 5, 1, 0, 0, 0, 3, 40, 44, 1, 11, 0, 2, 0, 0, 0, 0, 0, 0, 0, 0, 0, 0, 0, 0, 1, 0, 0, 0, 0, 0, 0, 0, 0, 11.5020000338554, 30.3588000893593, 11.4372000336647, 0, 0, 0, 4.89240001440048, 48.502800142765, 94.0248002767563, 8.3592000246048, 20.5092000603676, 0, 8.32680002450943, 0, 0, 0, 0, 0, 0, 0, 0, 0, 0, 0, 0, 12.700800037384, 0, 0, 0, 0, 0, 0, 0, 0, 
32, 42, PNIF_SG_42, 47, 107, 236, 3373.52040992975, 16, 4, 20, 0, 0, 0, 3, 0, 21, 11, 1, 0, 0, 0, 0, 0, 0, 0, 0, 0, 0, 0, 177, 23, 0, 67, 0, 0, 0, 0, 0, 0, 0, 0, 93.6684002757072, 31.7196000933647, 150.465600442886, 0, 0, 0, 12.7980000376701, 0, 60.2640001773834, 98.5284002900124, 1.13400000333786, 0, 0, 0, 0, 0, 0, 0, 0, 0, 0, 0, 942.840002775192, 28.4148000836372, 0, 1953.68760575056, 0, 0, 0, 0, 0, 0, 0, 0, 
32, 22, PNIF_SG_22, 22, 161, 96, 5550.76801633835, 0, 0, 13, 0, 0, 0, 0, 0, 3, 3, 0, 0, 0, 0, 0, 0, 0, 0, 0, 0, 0, 0, 72, 18, 0, 148, 0, 0, 0, 0, 0, 0, 0, 0, 0, 0, 124.027200365067, 0, 0, 0, 0, 0, 36.9036001086235, 9.91440002918243, 0, 0, 0, 0, 0, 0, 0, 0, 0, 0, 0, 0, 506.800801491737, 28.3824000835419, 0, 4844.7396142602, 0, 0, 0, 0, 0, 0, 0, 0, 
32, 21, HAND_21, 60, 0, 449, 603.417601776123, 178, 1, 139, 0, 0, 0, 0, 0, 2, 17, 0, 0, 15, 0, 0, 0, 0, 0, 0, 0, 0, 0, 89, 1, 0, 7, 0, 0, 0, 0, 0, 0, 0, 0, 338.677200996876, 2.8836000084877, 139.287600409985, 0, 0, 0, 0, 0, 1.84680000543594, 11.9232000350952, 0, 0, 21.0600000619888, 0, 0, 0, 0, 0, 0, 0, 0, 0, 81.745200240612, 1.74960000514984, 0, 4.24440001249313, 0, 0, 0, 0, 0, 0, 0, 0, 
33, 40, PNIF_SG_40, 19, 4, 86, 544.06080160141, 0, 0, 1, 0, 0, 0, 0, 0, 10, 2, 0, 0, 0, 0, 0, 0, 0, 0, 0, 0, 0, 0, 68, 6, 0, 3, 0, 0, 0, 0, 0, 0, 0, 0, 0, 0, 6.60960001945496, 0, 0, 0, 0, 0, 20.5416000604629, 6.15600001811981, 0, 0, 0, 0, 0, 0, 0, 0, 0, 0, 0, 0, 454.896001338959, 1.55520000457764, 0, 54.3024001598358, 0, 0, 0, 0, 0, 0, 0, 0, 
33, 42, PNIF_SG_42, 45, 378, 250, 13016.9268383145, 121, 21, 15, 0, 0, 0, 7, 0, 38, 6, 11, 0, 50, 0, 0, 0, 0, 0, 0, 0, 0, 0, 129, 59, 0, 171, 0, 0, 0, 0, 0, 0, 0, 0, 3479.56561024189, 569.851201677322, 335.242800986767, 0, 0, 0, 11.5020000338554, 0, 287.128800845146, 53.524800157547, 23.3928000688553, 0, 1190.08440350294, 0, 0, 0, 0, 0, 0, 0, 0, 0, 673.336801981926, 109.220400321484, 0, 6284.0772184968, 0, 0, 0, 0, 0, 0, 0, 0, 
33, 21, HAND_21, 19, 9, 88, 388.281601142883, 26, 1, 18, 0, 0, 0, 0, 0, 0, 3, 0, 0, 6, 0, 0, 0, 0, 0, 9, 0, 0, 0, 30, 0, 0, 4, 0, 0, 0, 0, 0, 0, 0, 0, 91.3032002687454, 5.31360001564026, 44.4204001307487, 0, 0, 0, 0, 0, 0, 4.98960001468658, 0, 0, 57.1860001683235, 0, 0, 0, 0, 0, 59.1948001742363, 0, 0, 0, 92.145600271225, 0, 0, 33.7284000992775, 0, 0, 0, 0, 0, 0, 0, 0, 
34, 40, PNIF_SG_40, 63, 666, 351, 15391.6200453043, 330, 235, 34, 0, 0, 0, 4, 0, 111, 63, 35, 0, 6, 0, 0, 0, 0, 0, 10, 0, 0, 0, 111, 27, 0, 51, 0, 0, 0, 0, 0, 0, 0, 0, 8752.63322576284, 4177.59121229649, 243.745200717449, 0, 0, 0, 3.79080001115799, 0, 733.406402158737, 86.2488002538681, 51.1596001505852, 0, 37.6164001107216, 0, 0, 0, 0, 0, 96.7140002846718, 0, 0, 0, 238.755600702763, 38.9124001145363, 0, 931.046402740478, 0, 0, 0, 0, 0, 0, 0, 0, 
34, 42, PNIF_SG_42, 63, 510, 327, 15817.0644465566, 330, 62, 52, 0, 0, 0, 3, 3, 68, 16, 17, 0, 11, 0, 0, 0, 0, 0, 9, 0, 0, 0, 175, 45, 0, 46, 0, 0, 0, 0, 0, 0, 0, 0, 10545.5196310401, 736.452002167702, 665.301601958275, 0, 0, 0, 5.15160001516342, 9.65520002841949, 530.128801560402, 22.4208000659943, 57.1536001682281, 0, 101.898000299931, 0, 0, 0, 0, 0, 75.8484002232552, 0, 0, 0, 1517.45400446653, 79.2828002333641, 0, 1470.7980043292, 0, 0, 0, 0, 0, 0, 0, 0, 
35, 40, PNIF_SG_40, 62, 145, 316, 5582.584816432, 40, 18, 14, 0, 0, 0, 16, 2, 51, 13, 10, 0, 11, 0, 0, 0, 0, 0, 0, 0, 0, 0, 183, 41, 0, 62, 0, 0, 0, 0, 0, 0, 0, 0, 594.507601749897, 187.920000553131, 171.49320050478, 0, 0, 0, 60.7176001787186, 3.49920001029968, 766.26000225544, 335.664000988007, 22.3560000658035, 0, 115.344000339508, 0, 0, 0, 0, 0, 0, 0, 0, 0, 1169.31600344181, 78.5376002311706, 0, 2076.96960611343, 0, 0, 0, 0, 0, 0, 0, 0, 
36, 40, PNIF_SG_40, 65, 459, 395, 12194.5176358938, 17, 34, 90, 0, 0, 0, 6, 8, 123, 17, 14, 0, 8, 0, 0, 0, 0, 0, 9, 0, 0, 0, 202, 25, 0, 301, 0, 0, 0, 0, 0, 0, 0, 0, 159.60240046978, 514.576801514626, 884.131202602386, 0, 0, 0, 14.8392000436783, 8.29440002441406, 924.53400272131, 209.239200615883, 65.869200193882, 0, 40.7916001200676, 0, 0, 0, 0, 0, 44.7444001317024, 0, 0, 0, 1123.30800330639, 118.908000349998, 0, 8085.67922379971, 0, 0, 0, 0, 0, 0, 0, 0, 
36, 42, PNIF_SG_42, 23, 17, 120, 742.834802186489, 2, 0, 4, 0, 0, 0, 0, 0, 10, 5, 7, 0, 0, 0, 0, 0, 0, 0, 1, 0, 0, 0, 84, 14, 0, 10, 0, 0, 0, 0, 0, 0, 0, 0, 27.7344000816345, 0, 63.7308001875877, 0, 0, 0, 0, 0, 20.2824000597, 2.52720000743866, 13.0896000385284, 0, 0, 0, 0, 0, 0, 0, 5.41080001592636, 0, 0, 0, 370.526401090622, 26.3736000776291, 0, 213.159600627422, 0, 0, 0, 0, 0, 0, 0, 0, 
37, 42, PNIF_SG_42, 23, 33, 60, 1922.42160565853, 4, 0, 9, 0, 0, 0, 4, 0, 1, 6, 0, 0, 0, 0, 0, 0, 0, 0, 2, 0, 0, 0, 35, 14, 0, 18, 0, 0, 0, 0, 0, 0, 0, 0, 56.4408001661301, 0, 194.076000571251, 0, 0, 0, 12.4740000367165, 0, 5.99400001764297, 47.2392001390457, 0, 0, 0, 0, 0, 0, 0, 0, 12.9924000382423, 0, 0, 0, 1057.92480311394, 61.7868001818657, 0, 473.4936013937, 0, 0, 0, 0, 0, 0, 0, 0, 
38, 42, PNIF_SG_42, 27, 995, 144, 20561.5908605218, 71, 8, 192, 0, 0, 0, 0, 0, 2, 17, 4, 0, 11, 0, 0, 0, 0, 0, 1, 0, 0, 0, 121, 0, 0, 712, 0, 0, 0, 0, 0, 0, 0, 0, 372.826801097393, 35.8344001054764, 1078.92000317574, 0, 0, 0, 0, 0, 2.59200000762939, 28.5120000839233, 18.3060000538826, 0, 57.9636001706123, 0, 0, 0, 0, 0, 4.63320001363754, 0, 0, 0, 302.778000891209, 0, 0, 18659.2248549223, 0, 0, 0, 0, 0, 0, 0, 0, 
41, 34, PIF_CC_34, 16, 828, 0, 14794.9092435479, 1, 0, 82, 0, 1, 0, 0, 0, 0, 25, 0, 0, 0, 11, 1, 24, 12, 0, 0, 14, 0, 0, 106, 3, 0, 359, 91, 0, 0, 71, 27, 0, 0, 0, 1.91160000562668, 0, 464.162401366234, 0, 0.583200001716614, 0, 0, 0, 0, 517.266001522541, 0, 0, 0, 28.1556000828743, 1.42560000419617, 97.0380002856255, 26.4708000779152, 0, 0, 43.383600127697, 0, 0, 1463.08680430651, 7.45200002193451, 0, 10533.4992310047, 945.756002783775, 0, 0, 518.724001526833, 145.994400429726, 0, 0, 0, 
41, 11, PNIF_PCT_11, 19, 2, 20, 24.073200070858, 1, 0, 0, 0, 0, 0, 0, 0, 0, 3, 0, 0, 0, 0, 0, 0, 0, 0, 0, 0, 0, 0, 17, 0, 0, 1, 0, 0, 0, 0, 0, 0, 0, 0, 3.33720000982285, 0, 0, 0, 0, 0, 0, 0, 0, 0.550800001621246, 0, 0, 0, 0, 0, 0, 0, 0, 0, 0, 0, 0, 8.2620000243187, 0, 0, 11.9232000350952, 0, 0, 0, 0, 0, 0, 0, 0, 
41, 17, PNIF_PCT_17, 18, 20, 30, 402.958801186085, 8, 5, 6, 0, 0, 0, 0, 0, 16, 6, 6, 0, 0, 0, 0, 0, 0, 0, 0, 0, 0, 0, 2, 0, 0, 1, 0, 0, 0, 0, 0, 0, 0, 0, 55.7604001641273, 29.3220000863075, 51.7104001522064, 0, 0, 0, 0, 0, 109.868400323391, 78.6348002314568, 22.0320000648499, 0, 0, 0, 0, 0, 0, 0, 0, 0, 0, 0, 42.2820001244545, 0, 0, 13.3488000392914, 0, 0, 0, 0, 0, 0, 0, 0, 
41, 24, PNIF_PCT_24, 20, 663, 11, 14227.4556418777, 103, 0, 118, 0, 0, 0, 0, 0, 0, 3, 0, 0, 12, 0, 0, 0, 0, 0, 0, 0, 0, 0, 8, 0, 0, 430, 0, 0, 0, 0, 0, 0, 0, 0, 646.153201901913, 0, 721.71000212431, 0, 0, 0, 0, 0, 0, 6.02640001773834, 0, 0, 50.4468001484871, 0, 0, 0, 0, 0, 0, 0, 0, 0, 17.107200050354, 0, 0, 12786.0120376348, 0, 0, 0, 0, 0, 0, 0, 0, 
41, 25, HAND_25, 5, 0, 6, 54.3996001601219, 1, 0, 1, 0, 0, 0, 0, 0, 0, 0, 0, 0, 0, 0, 0, 0, 0, 0, 0, 0, 0, 0, 2, 0, 0, 2, 0, 0, 0, 0, 0, 0, 0, 0, 2.91600000858307, 0, 0.583200001716614, 0, 0, 0, 0, 0, 0, 0, 0, 0, 0, 0, 0, 0, 0, 0, 0, 0, 0, 0, 3.72600001096725, 0, 0, 47.174400138855, 0, 0, 0, 0, 0, 0, 0, 0, 
