Time,Month,ClimateRegionName,ClimateRegionIndex,NumSites,Precipitation,AirTemp,AvgTotalNPP_C,AvgHeteroRespiration,AvgSoilRespiration,avgNEE,Ndep,StreamN,SoilWaterContent,
5, 7, eco1, 0, 925, 0, 26, 29.36, 3.03, 5.65, -26.33, 0.04, 0, 0.73, 
5, 7, eco2, 1, 8080, 0, 25.5, 58.12, 7.9, 13.05, -50.22, 0.04, 0, 1.65, 
5, 7, eco3, 2, 7090, 0.1, 24.4, 70.92, 10.9, 17.11, -60.01, 0.04, 0, 1.77, 
5, 7, eco4, 3, 7250, 0.3, 23.3, 55.29, 12.61, 17.05, -42.68, 0.04, 0, 1.63, 
5, 7, eco5, 4, 6494, 0.8, 21.3, 10.99, 2.79, 3.61, -8.2, 0.04, 0, -0.97, 
5, 7, eco6, 5, 12796, 1.5, 18.3, 70.68, 16.32, 21.9, -54.36, 0.05, 0, 2.23, 
5, 7, eco7, 6, 7385, 1.8, 17.1, 69.27, 25.55, 29.97, -43.72, 0.05, 0, 2.65, 
5, 7, eco8, 7, 1197, 2.1, 16.3, 64.88, 29.8, 32.98, -35.08, 0.05, 0, 2.76, 
5, 7, eco9, 8, 47, 2.2, 15.4, 61.89, 67.82, 67.81, 5.93, 0.05, 0, 3.76, 
5, 8, eco1, 0, 925, 0.8, 24.3, 46.1, 3.24, 7.54, -42.85, 0.04, 0, 0.38, 
5, 8, eco2, 1, 8080, 0.9, 23.7, 65.78, 7.13, 13.08, -58.65, 0.04, 0, 1.22, 
5, 8, eco3, 2, 7090, 1, 22.6, 75.87, 10, 16.76, -65.87, 0.04, 0, 1.36, 
5, 8, eco4, 3, 7250, 0.9, 21.5, 70.73, 10, 16.21, -60.73, 0.04, 0, 1.26, 
5, 8, eco5, 4, 6494, 0.8, 19.5, 13.67, 2.85, 3.91, -10.82, 0.04, 0, -0.35, 
5, 8, eco6, 5, 12796, 0.5, 16.6, 69.59, 9.37, 15.5, -60.23, 0.04, 0, 1.52, 
5, 8, eco7, 6, 7385, 0.6, 15.5, 67.23, 13.32, 18.76, -53.91, 0.04, 0, 1.77, 
5, 8, eco8, 7, 1197, 0.5, 14.7, 62.7, 13.07, 17.99, -49.64, 0.04, 0, 1.82, 
5, 8, eco9, 8, 47, 0.5, 13.9, 49.01, 17.43, 20.86, -31.58, 0.04, 0, 2.42, 
5, 9, eco1, 0, 925, 0.7, 22.7, 46.34, 3.04, 7.37, -43.3, 0.04, 0, 0.19, 
5, 9, eco2, 1, 8080, 0.8, 22.1, 67.14, 6.36, 12.49, -60.78, 0.04, 0, 0.99, 
5, 9, eco3, 2, 7090, 1, 20.9, 77.76, 9.5, 16.46, -68.25, 0.04, 0, 1.12, 
5, 9, eco4, 3, 7250, 1.2, 19.6, 78.44, 9.9, 16.85, -68.53, 0.04, 0, 1.13, 
5, 9, eco5, 4, 6494, 1.5, 17.5, 61.97, 4.2, 10.03, -57.77, 0.05, 0, 0.24, 
5, 9, eco6, 5, 12796, 1.3, 14.3, 65.83, 10.68, 16.23, -55.15, 0.05, 0, 1.34, 
5, 9, eco7, 6, 7385, 1.8, 13.1, 62.68, 17, 21.44, -45.68, 0.05, 0, 1.63, 
5, 9, eco8, 7, 1197, 2.1, 12.2, 56.92, 18.67, 22.23, -38.25, 0.05, 0, 1.74, 
5, 9, eco9, 8, 47, 2, 11.4, 52.79, 22.16, 25.56, -30.63, 0.05, 0, 2.08, 
5, 10, eco1, 0, 925, 9, 12.8, 46.17, 31.11, 31.35, -15.06, 0.08, 0.08, 0.75, 
5, 10, eco2, 1, 8080, 9.8, 12.3, 57.76, 44.83, 44.78, -12.92, 0.08, 0.06, 3.36, 
5, 10, eco3, 2, 7090, 11.3, 11, 59.18, 57.66, 56.99, -1.52, 0.09, 0.11, 3.98, 
5, 10, eco4, 3, 7250, 12.8, 9.7, 54.38, 47.97, 47.23, -6.41, 0.09, 0.14, 4.24, 
5, 10, eco5, 4, 6494, 13.5, 8, 45.2, 36.43, 35.8, -8.77, 0.09, 0.2, 2.71, 
5, 10, eco6, 5, 12796, 10.5, 5.2, 34.06, 39.95, 38.47, 5.89, 0.08, 0, 3.01, 
5, 10, eco7, 6, 7385, 12, 3.8, 28.8, 41.42, 38.86, 12.62, 0.09, 0, 3.2, 
5, 10, eco8, 7, 1197, 12, 2.8, 23.8, 39.78, 36.88, 15.98, 0.09, 0.01, 2.95, 
5, 10, eco9, 8, 47, 11.5, 2, 20.34, 36.98, 35.92, 16.64, 0.09, 0, 3.08, 
5, 11, eco1, 0, 925, 27.7, 8, 32.85, 16.04, 16.08, -16.81, 0.15, 0.21, -1.8, 
5, 11, eco2, 1, 8080, 31.3, 7.4, 39.75, 20.62, 20.26, -19.12, 0.17, 0.36, 2.31, 
5, 11, eco3, 2, 7090, 35.8, 6, 38.07, 25.67, 24.56, -12.4, 0.18, 0.6, 1.45, 
5, 11, eco4, 3, 7250, 39.5, 4.7, 32.62, 22.91, 21.58, -9.71, 0.2, 0.65, 0.95, 
5, 11, eco5, 4, 6494, 40.1, 2.8, 24.53, 17.99, 16.68, -6.54, 0.2, 0.26, 3.62, 
5, 11, eco6, 5, 12796, 31.1, 0.5, 17.61, 29.94, 28.04, 12.33, 0.16, 0.13, 4.64, 
5, 11, eco7, 6, 7385, 36.3, -1, 2.24, 1, 1.1, -1.24, 0.19, 0.1, 4.89, 
5, 11, eco8, 7, 1197, 35.7, -1.7, 1.86, 0.99, 1.05, -0.87, 0.18, 0.1, 4.37, 
5, 11, eco9, 8, 47, 33.4, -2.2, 1.67, 0.92, 1.02, -0.74, 0.17, 0.01, 4.68, 
5, 12, eco1, 0, 925, 6.1, 5.6, 22.68, 14.26, 14.71, -8.42, 0.06, 0, 0.65, 
5, 12, eco2, 1, 8080, 6.7, 5, 28.07, 19.79, 19.35, -8.28, 0.07, 0, 3.26, 
5, 12, eco3, 2, 7090, 7.5, 3.9, 26.99, 27.58, 26.33, 0.59, 0.07, 0, 2.7, 
5, 12, eco4, 3, 7250, 8.1, 2.8, 18.43, 13.91, 13.47, -4.52, 0.07, 0, 2.27, 
5, 12, eco5, 4, 6494, 8.2, 0.7, 17.82, 24.92, 23.34, 7.1, 0.07, 0.23, 4.38, 
5, 12, eco6, 5, 12796, 6, -2.3, 1.77, 0.81, 0.89, -0.96, 0.06, 0.1, 5.21, 
5, 12, eco7, 6, 7385, 7, -3.4, 1.4, 0.87, 0.9, -0.52, 0.07, 0.09, 5.21, 
5, 12, eco8, 7, 1197, 6.2, -4.1, 1.14, 0.86, 0.86, -0.28, 0.06, 0, 3.94, 
5, 12, eco9, 8, 47, 5.7, -4.8, 0.96, 0.79, 0.82, -0.17, 0.06, 0, 2.81, 
5, 1, eco1, 0, 925, 1.4, 8.9, 33.48, 22.77, 22.89, -10.71, 0.05, 0, 1.15, 
5, 1, eco2, 1, 8080, 1.5, 8.6, 42.95, 30.87, 30.5, -12.08, 0.05, 0, 3.13, 
5, 1, eco3, 2, 7090, 1.6, 8, 45.66, 44.52, 43.49, -1.15, 0.05, 0, 3.07, 
5, 1, eco4, 3, 7250, 1.7, 7.2, 42.8, 39.95, 38.76, -2.86, 0.05, 0, 2.94, 
5, 1, eco5, 4, 6494, 2.1, 5, 32.57, 21.44, 20.35, -11.12, 0.05, 0.27, 3.62, 
5, 1, eco6, 5, 12796, 2.5, 1.2, 19.9, 31.42, 29.48, 11.52, 0.05, 0.2, 4.66, 
5, 1, eco7, 6, 7385, 3.3, 0.4, 17.28, 34.02, 31.27, 16.74, 0.05, 0.23, 4.67, 
5, 1, eco8, 7, 1197, 3.1, -0.6, 2.26, 1.06, 1.15, -1.2, 0.05, 0.2, 4.23, 
5, 1, eco9, 8, 47, 2.7, -1.2, 2, 0.98, 1.1, -1.02, 0.05, 0.03, 6.51, 
5, 2, eco1, 0, 925, 15.4, 7.8, 30.52, 15.75, 15.54, -14.76, 0.1, 0.13, 0.4, 
5, 2, eco2, 1, 8080, 17.5, 7.2, 37.82, 20.34, 19.72, -17.48, 0.11, 0.18, 4.88, 
5, 2, eco3, 2, 7090, 20.4, 6.2, 37.83, 26.49, 25.2, -11.35, 0.12, 0.17, 6.21, 
5, 2, eco4, 3, 7250, 22.5, 5, 33.47, 23.89, 22.38, -9.59, 0.13, 0.16, 6.16, 
5, 2, eco5, 4, 6494, 23, 2.8, 24.39, 17.93, 16.55, -6.46, 0.13, 0.28, 3.54, 
5, 2, eco6, 5, 12796, 17.6, -0.3, 2.59, 0.92, 1.07, -1.67, 0.11, 0.18, 4.93, 
5, 2, eco7, 6, 7385, 20.5, -1.5, 2.03, 0.97, 1.05, -1.06, 0.12, 0.19, 5.52, 
5, 2, eco8, 7, 1197, 21.3, -2.4, 1.62, 0.95, 0.99, -0.66, 0.13, 0.2, 4.91, 
5, 2, eco9, 8, 47, 20.8, -3.1, 1.4, 0.88, 0.95, -0.52, 0.12, 0.06, 7.84, 
5, 3, eco1, 0, 925, 9.1, 11.5, 40.61, 28.09, 28.08, -12.52, 0.08, 0.09, 0.96, 
5, 3, eco2, 1, 8080, 10.7, 10.9, 51.48, 33.86, 33.51, -17.62, 0.08, 0.12, 4.91, 
5, 3, eco3, 2, 7090, 12.9, 9.7, 52.84, 37.86, 36.86, -14.98, 0.09, 0.39, 4.25, 
5, 3, eco4, 3, 7250, 15.4, 8.2, 47.1, 31.09, 29.89, -16.01, 0.1, 0.42, 4.19, 
5, 3, eco5, 4, 6494, 16.2, 6.1, 37.17, 24.08, 23.11, -13.09, 0.1, 0.37, 2.36, 
5, 3, eco6, 5, 12796, 11.6, 3.4, 27.04, 21.96, 20.1, -5.08, 0.09, 0.27, 4.03, 
5, 3, eco7, 6, 7385, 13.8, 1.8, 21.76, 37.07, 34.35, 15.32, 0.1, 0.4, 3.81, 
5, 3, eco8, 7, 1197, 12.8, 0.5, 16.85, 35.48, 32.45, 18.63, 0.09, 0.49, 3.14, 
5, 3, eco9, 8, 47, 11.1, -0.4, 2.32, 1.04, 1.18, -1.29, 0.08, 0.34, 7.95, 
5, 4, eco1, 0, 925, 6.6, 11.4, 42.88, 27.42, 27.76, -15.46, 0.07, 0.06, 1.07, 
5, 4, eco2, 1, 8080, 7.6, 10.8, 52.87, 36.73, 36.56, -16.15, 0.07, 0.06, 4.51, 
5, 4, eco3, 2, 7090, 9.2, 9.5, 53.17, 47.64, 46.73, -5.53, 0.08, 0.1, 5.03, 
5, 4, eco4, 3, 7250, 10.7, 7.9, 46.64, 39.12, 37.95, -7.52, 0.08, 0.12, 5.59, 
5, 4, eco5, 4, 6494, 11.3, 5.8, 36.37, 28.31, 27.35, -8.06, 0.09, 0.23, 4.41, 
5, 4, eco6, 5, 12796, 8.2, 3.1, 26.26, 25.52, 23.67, -0.74, 0.07, 0.17, 5.51, 
5, 4, eco7, 6, 7385, 10.2, 1.5, 20.75, 36.16, 33.52, 15.41, 0.08, 0.29, 5.51, 
5, 4, eco8, 7, 1197, 10.2, 0.5, 16.91, 35.26, 32.38, 18.35, 0.08, 0.41, 4.28, 
5, 4, eco9, 8, 47, 9.7, -0.2, 2.42, 1.05, 1.2, -1.37, 0.08, 0.32, 8.22, 
5, 5, eco1, 0, 925, 2.2, 18.4, 53.84, 6.57, 11.13, -47.27, 0.05, 0, 1.26, 
5, 5, eco2, 1, 8080, 2.7, 17.8, 69.35, 33.74, 36.95, -35.61, 0.05, 0, 3.45, 
5, 5, eco3, 2, 7090, 3.7, 16.7, 75.96, 55.32, 56.89, -20.63, 0.05, 0, 3.65, 
5, 5, eco4, 3, 7250, 4.5, 15.3, 73.77, 54.8, 55.58, -18.97, 0.06, 0.01, 3.85, 
5, 5, eco5, 4, 6494, 4.5, 13.3, 65.2, 51.35, 50.88, -13.85, 0.06, 0.21, 2.37, 
5, 5, eco6, 5, 12796, 2.9, 10.5, 54.86, 54, 52.6, -0.86, 0.05, 0.23, 3.24, 
5, 5, eco7, 6, 7385, 3.6, 9, 48.99, 52.41, 50.05, 3.43, 0.05, 0.36, 2.91, 
5, 5, eco8, 7, 1197, 3.3, 8.1, 42.99, 49.09, 46.44, 6.1, 0.05, 0.58, 2.74, 
5, 5, eco9, 8, 47, 3.3, 7.3, 38.72, 45.75, 44.9, 7.02, 0.05, 0.49, 6.31, 
5, 6, eco1, 0, 925, 2.1, 20.3, 53.71, 5.79, 10.44, -47.93, 0.05, 0, 1.23, 
5, 6, eco2, 1, 8080, 2.7, 19.8, 69.85, 23.97, 28.33, -45.88, 0.05, 0, 2.86, 
5, 6, eco3, 2, 7090, 3.6, 18.4, 77.79, 42.31, 45.59, -35.48, 0.05, 0, 3.25, 
5, 6, eco4, 3, 7250, 4.4, 16.9, 76.67, 47.1, 49.27, -29.57, 0.06, 0.01, 3.46, 
5, 6, eco5, 4, 6494, 4.9, 14.8, 69.1, 31.46, 34.32, -37.64, 0.06, 0.01, 2.26, 
5, 6, eco6, 5, 12796, 4.5, 11.7, 59.11, 37.63, 39.09, -21.47, 0.06, 0, 2.92, 
5, 6, eco7, 6, 7385, 5.8, 10.3, 53.85, 44.48, 44.56, -9.37, 0.06, 0, 3.3, 
5, 6, eco8, 7, 1197, 6.1, 9.6, 48.68, 51.23, 49.92, 2.56, 0.06, 0.07, 2.9, 
5, 6, eco9, 8, 47, 5.9, 8.8, 44.27, 54.73, 54.23, 10.46, 0.06, 0.02, 5.25, 
10, 7, eco1, 0, 925, 0, 24.1, 34.77, 3.08, 5.91, -31.69, 0.04, 0, 0.76, 
10, 7, eco2, 1, 8080, 0, 23.6, 58.33, 7.42, 11.9, -50.91, 0.04, 0, 1.66, 
10, 7, eco3, 2, 7090, 0, 22.5, 67.75, 10.76, 15.76, -56.99, 0.04, 0, 1.83, 
10, 7, eco4, 3, 7250, 0, 21.3, 71.01, 12.15, 17.14, -58.86, 0.04, 0, 2.08, 
10, 7, eco5, 4, 6494, 0, 19.6, 67.61, 6.67, 12.21, -60.94, 0.04, 0, 1.43, 
10, 7, eco6, 5, 12796, 0, 16.8, 67.67, 8.88, 14.18, -58.79, 0.04, 0, 1.7, 
10, 7, eco7, 6, 7385, 0, 15.8, 52.63, 11.66, 15.15, -40.97, 0.04, 0, 1.59, 
10, 7, eco8, 7, 1197, 0, 15.3, 50.75, 9.77, 13.49, -40.98, 0.04, 0, 1.41, 
10, 7, eco9, 8, 47, 0.1, 14.5, 59.21, 18.4, 21.82, -40.82, 0.04, 0, 3.1, 
10, 8, eco1, 0, 925, 1, 22.7, 46.8, 3.57, 7.51, -43.23, 0.04, 0, 0.62, 
10, 8, eco2, 1, 8080, 1.2, 22.1, 61.75, 7.56, 12.29, -54.19, 0.04, 0, 1.35, 
10, 8, eco3, 2, 7090, 1.5, 20.9, 70.18, 11.9, 16.86, -58.29, 0.05, 0, 1.55, 
10, 8, eco4, 3, 7250, 1.9, 19.6, 72.92, 14.54, 19.15, -58.38, 0.05, 0, 1.82, 
10, 8, eco5, 4, 6494, 2.6, 17.7, 70.78, 12.02, 16.67, -58.76, 0.05, 0, 1.67, 
10, 8, eco6, 5, 12796, 3.5, 14.8, 65.6, 20.69, 23.4, -44.9, 0.05, 0, 2.05, 
10, 8, eco7, 6, 7385, 4.1, 13.7, 63.36, 26.94, 28.74, -36.41, 0.06, 0, 2.2, 
10, 8, eco8, 7, 1197, 3.5, 12.9, 58.74, 20.39, 23.19, -38.36, 0.05, 0, 1.87, 
10, 8, eco9, 8, 47, 2.8, 11.8, 55, 25.58, 27.59, -29.41, 0.05, 0, 2.73, 
10, 9, eco1, 0, 925, 8.2, 19.6, 50.54, 36.63, 32.59, -13.9, 0.07, 0.06, -0.35, 
10, 9, eco2, 1, 8080, 8.6, 19.1, 62.56, 58.99, 51.93, -3.57, 0.07, 0.04, 2.4, 
10, 9, eco3, 2, 7090, 9.1, 18.1, 69.73, 81.05, 72.24, 11.33, 0.08, 0.07, 2.95, 
10, 9, eco4, 3, 7250, 9.6, 17.1, 71.05, 75.53, 66.96, 4.47, 0.08, 0.09, 3.05, 
10, 9, eco5, 4, 6494, 10.1, 15.3, 67.5, 60.2, 53.56, -7.29, 0.08, 0.12, 2.02, 
10, 9, eco6, 5, 12796, 8.7, 12.4, 60.03, 60.73, 54.6, 0.7, 0.07, 0.08, 2.58, 
10, 9, eco7, 6, 7385, 10.4, 11.4, 56.84, 63.87, 57.91, 7.03, 0.08, 0.13, 2.99, 
10, 9, eco8, 7, 1197, 11, 10.5, 51.71, 60.78, 56.16, 9.08, 0.08, 0.23, 2.52, 
10, 9, eco9, 8, 47, 10.6, 9.6, 47.56, 55.08, 52.56, 7.52, 0.08, 0.05, 4.82, 
10, 10, eco1, 0, 925, 11.6, 14.9, 47.78, 37.9, 33.53, -9.88, 0.09, 0.1, 0.21, 
10, 10, eco2, 1, 8080, 14.7, 14.5, 58.26, 51.29, 45.16, -6.98, 0.1, 0.12, 3.65, 
10, 10, eco3, 2, 7090, 17.7, 13.3, 61.54, 60.49, 53.67, -1.05, 0.11, 0.31, 3.85, 
10, 10, eco4, 3, 7250, 20.6, 12.1, 59.75, 51.76, 45.52, -7.99, 0.12, 0.37, 3.82, 
10, 10, eco5, 4, 6494, 21.7, 10.4, 53.9, 41, 36.25, -12.9, 0.13, 0.31, 0.81, 
10, 10, eco6, 5, 12796, 15.9, 7.3, 42.03, 41.11, 36.23, -0.92, 0.1, 0.23, 2.96, 
10, 10, eco7, 6, 7385, 17.1, 6.2, 37.9, 40.39, 35.66, 2.5, 0.11, 0.29, 3.36, 
10, 10, eco8, 7, 1197, 15, 5.4, 33.21, 43.73, 39.88, 10.52, 0.1, 0.06, 4.63, 
10, 10, eco9, 8, 47, 13.3, 4.6, 29.28, 39.89, 37.45, 10.61, 0.09, 0, 5.5, 
10, 11, eco1, 0, 925, 8.5, 12, 42.88, 30.97, 27.75, -11.91, 0.07, 0.07, 1.15, 
10, 11, eco2, 1, 8080, 9.8, 11.6, 51.76, 38.39, 33.69, -13.38, 0.08, 0.07, 4.68, 
10, 11, eco3, 2, 7090, 11.4, 10.8, 53.77, 48.04, 42.42, -5.72, 0.09, 0.16, 5.17, 
10, 11, eco4, 3, 7250, 12.6, 9.8, 51.31, 43.15, 37.77, -8.15, 0.09, 0.17, 5.59, 
10, 11, eco5, 4, 6494, 13.1, 7.7, 43.61, 34.96, 30.75, -8.65, 0.09, 0.16, 3.23, 
10, 11, eco6, 5, 12796, 10.6, 4.3, 30.26, 34.27, 29.75, 4.01, 0.08, 0, 4.44, 
10, 11, eco7, 6, 7385, 11.9, 3.7, 27.99, 35.08, 30.61, 7.09, 0.09, 0, 4.72, 
10, 11, eco8, 7, 1197, 12.2, 3.1, 24.89, 31.61, 27.89, 6.71, 0.09, 0.21, 4.65, 
10, 11, eco9, 8, 47, 11.8, 2.5, 22.31, 30.61, 28.1, 8.3, 0.09, 0.04, 6.27, 
10, 12, eco1, 0, 925, 0, 9.2, 25.39, 9.76, 10.05, -15.63, 0.04, 0, 0.71, 
10, 12, eco2, 1, 8080, 0, 9.1, 41.18, 29.43, 26.9, -11.75, 0.04, 0, 2.83, 
10, 12, eco3, 2, 7090, 0.1, 8.7, 44.11, 42.31, 38.28, -1.8, 0.04, 0, 3.14, 
10, 12, eco4, 3, 7250, 0.2, 8.1, 43.17, 36.25, 32.84, -6.92, 0.04, 0, 3.42, 
10, 12, eco5, 4, 6494, 0.2, 6.2, 36.76, 26.71, 24.51, -10.05, 0.04, 0, 1.98, 
10, 12, eco6, 5, 12796, 0.1, 2.5, 23.62, 29.98, 25.58, 6.36, 0.04, 0, 2.89, 
10, 12, eco7, 6, 7385, 0.2, 2.1, 22.64, 31.03, 26.66, 8.39, 0.04, 0, 3.34, 
10, 12, eco8, 7, 1197, 0.4, 1.7, 20.24, 35.49, 31.81, 15.25, 0.04, 0, 3.94, 
10, 12, eco9, 8, 47, 0.6, 1.1, 18.03, 32.93, 30.36, 14.9, 0.04, 0, 5.04, 
10, 1, eco1, 0, 925, 6.3, 6.6, 27.94, 17.74, 15.07, -10.2, 0.07, 0.04, 1.87, 
10, 1, eco2, 1, 8080, 7.5, 6.2, 33.38, 21.59, 17.79, -11.78, 0.07, 0.04, 4.71, 
10, 1, eco3, 2, 7090, 8.8, 5.2, 31.97, 29.72, 25.03, -2.25, 0.08, 0, 4.32, 
10, 1, eco4, 3, 7250, 10, 4.1, 28.1, 26.15, 21.44, -1.95, 0.08, 0, 4.58, 
10, 1, eco5, 4, 6494, 10.2, 2.1, 21.79, 20.03, 16.04, -1.76, 0.08, 0, 3.48, 
10, 1, eco6, 5, 12796, 8, -1.5, 2.05, 0.86, 0.9, -1.19, 0.07, 0, 3.17, 
10, 1, eco7, 6, 7385, 8.9, -2, 1.83, 0.91, 0.93, -0.92, 0.08, 0, 3.51, 
10, 1, eco8, 7, 1197, 7.8, -2.6, 1.54, 0.88, 0.89, -0.66, 0.07, 0.01, 3.65, 
10, 1, eco9, 8, 47, 6.8, -3.2, 1.39, 0.82, 0.85, -0.57, 0.07, 0, 4.1, 
10, 2, eco1, 0, 925, 8.2, 6.1, 26.65, 15.53, 12.89, -11.12, 0.07, 0.07, 1.59, 
10, 2, eco2, 1, 8080, 9.5, 5.5, 30.79, 20.27, 16.49, -10.53, 0.08, 0.04, 5.23, 
10, 2, eco3, 2, 7090, 11.9, 3.9, 27.06, 23.24, 18.61, -3.83, 0.09, 0.11, 5.63, 
10, 2, eco4, 3, 7250, 13.9, 2.2, 21.37, 20.58, 15.96, -0.79, 0.1, 0.1, 5.54, 
10, 2, eco5, 4, 6494, 14.7, 0, 2.92, 24.56, 19.34, 21.64, 0.1, 0.11, 4.43, 
10, 2, eco6, 5, 12796, 12.5, -3.1, 1.5, 0.79, 0.78, -0.71, 0.09, 0.01, 3.63, 
10, 2, eco7, 6, 7385, 14.4, -3.9, 1.22, 0.82, 0.79, -0.4, 0.1, 0, 3.44, 
10, 2, eco8, 7, 1197, 14.1, -4.6, 1.02, 0.79, 0.76, -0.23, 0.1, 0, 3.12, 
10, 2, eco9, 8, 47, 13.5, -5.2, 0.87, 0.73, 0.72, -0.15, 0.09, 0, 3.07, 
10, 3, eco1, 0, 925, 40.2, 10.3, 37.62, 19.97, 16.95, -17.65, 0.2, 0.28, -4.66, 
10, 3, eco2, 1, 8080, 46.1, 9.6, 45.02, 25.56, 21.3, -19.46, 0.22, 0.59, -2.09, 
10, 3, eco3, 2, 7090, 52.3, 8.1, 43.49, 29.98, 24.85, -13.51, 0.25, 1.14, -3.6, 
10, 3, eco4, 3, 7250, 56.7, 6.5, 37.56, 26.77, 21.72, -10.8, 0.27, 1.06, -3.97, 
10, 3, eco5, 4, 6494, 56.6, 4.6, 30.8, 21.46, 17.28, -9.35, 0.27, 0.79, -8.03, 
10, 3, eco6, 5, 12796, 41.4, 2.5, 23.96, 21.5, 16.78, -2.45, 0.21, 0.34, 2.88, 
10, 3, eco7, 6, 7385, 47.5, 1.1, 19.41, 34.6, 30.01, 15.19, 0.23, 0.43, 3.76, 
10, 3, eco8, 7, 1197, 46.1, 0.4, 16.43, 32.98, 29.13, 16.55, 0.22, 0.59, 3.44, 
10, 3, eco9, 8, 47, 42.6, -0.5, 2.34, 0.97, 1.07, -1.37, 0.21, 0.21, 8.56, 
10, 4, eco1, 0, 925, 4.6, 15.2, 19.89, 2.92, 4.39, -16.97, 0.06, 0, -1.57, 
10, 4, eco2, 1, 8080, 5.8, 14.6, 31.59, 21.1, 20.67, -10.48, 0.06, 0, 0.7, 
10, 4, eco3, 2, 7090, 7.5, 13.4, 36.63, 26.95, 26.07, -9.67, 0.07, 0, 0.9, 
10, 4, eco4, 3, 7250, 9, 11.9, 58.7, 36.55, 35.51, -22.15, 0.08, 0, 2.93, 
10, 4, eco5, 4, 6494, 9.3, 9.9, 52.12, 32.05, 30.32, -20.06, 0.08, 0, 1.94, 
10, 4, eco6, 5, 12796, 6.7, 7, 41.05, 34.65, 29.49, -6.39, 0.07, 0.52, 2.41, 
10, 4, eco7, 6, 7385, 8.3, 5.7, 35.8, 31.35, 26.35, -4.46, 0.07, 0.67, 1.63, 
10, 4, eco8, 7, 1197, 8, 4.8, 30.76, 30.39, 26.33, -0.37, 0.07, 0.92, 1.06, 
10, 4, eco9, 8, 47, 7.1, 3.8, 26.75, 29.37, 26.52, 2.62, 0.07, 0.85, 5.49, 
10, 5, eco1, 0, 925, 1.5, 16.3, 14.7, 1.73, 2.87, -12.97, 0.05, 0, -0.49, 
10, 5, eco2, 1, 8080, 1.9, 15.7, 35.7, 15.83, 16.88, -19.87, 0.05, 0, 1, 
10, 5, eco3, 2, 7090, 2.5, 14.4, 61.7, 22.31, 24.83, -39.39, 0.05, 0, 1.33, 
10, 5, eco4, 3, 7250, 3.2, 12.9, 61.99, 35.69, 35.17, -26.3, 0.05, 0, 2.75, 
10, 5, eco5, 4, 6494, 3.8, 11, 56.03, 28.25, 27.81, -27.78, 0.06, 0, 2.29, 
10, 5, eco6, 5, 12796, 3.5, 8.3, 46.2, 47.04, 42.04, 0.84, 0.05, 0.02, 3.25, 
10, 5, eco7, 6, 7385, 4.2, 6.8, 40.25, 46.46, 41.37, 6.22, 0.06, 0.16, 5.95, 
10, 5, eco8, 7, 1197, 4.7, 5.8, 34.57, 43.55, 39.47, 8.99, 0.06, 0.29, 5.24, 
10, 5, eco9, 8, 47, 4.8, 4.8, 30.18, 38.67, 35.86, 8.48, 0.06, 0.18, 9.21, 
10, 6, eco1, 0, 925, 1.6, 20.7, 36.05, 2.75, 5.8, -33.3, 0.05, 0, 0.19, 
10, 6, eco2, 1, 8080, 1.7, 20.3, 57.65, 9.84, 13.93, -47.82, 0.05, 0, 1.12, 
10, 6, eco3, 2, 7090, 1.9, 19.2, 70.04, 13.85, 18.49, -56.19, 0.05, 0, 1.39, 
10, 6, eco4, 3, 7250, 2.2, 17.9, 71.8, 22.11, 25.2, -49.68, 0.05, 0, 2.28, 
10, 6, eco5, 4, 6494, 2.6, 16.1, 69.27, 16.13, 19.72, -53.15, 0.05, 0, 2.07, 
10, 6, eco6, 5, 12796, 3.3, 13.5, 63.38, 29.42, 30.24, -33.97, 0.05, 0, 2.77, 
10, 6, eco7, 6, 7385, 3.8, 12.2, 59.74, 52.41, 48.85, -7.34, 0.06, 0.03, 2.7, 
10, 6, eco8, 7, 1197, 4.2, 11.4, 54.61, 61.58, 56.91, 6.97, 0.06, 0.31, 2.89, 
10, 6, eco9, 8, 47, 4.5, 10.4, 50.51, 57.6, 54.61, 7.08, 0.06, 0.37, 5.25, 
15, 7, eco1, 0, 925, 0, 25.3, 24.42, 2.96, 4.63, -21.45, 0.04, 0, 0.31, 
15, 7, eco2, 1, 8080, 0, 24.9, 48.14, 9.38, 12.14, -38.76, 0.04, 0, 1.85, 
15, 7, eco3, 2, 7090, 0, 24.1, 56.74, 13.09, 16.09, -43.65, 0.04, 0, 2.01, 
15, 7, eco4, 3, 7250, 0, 23.1, 58.26, 14.77, 17.4, -43.49, 0.04, 0, 2.22, 
15, 7, eco5, 4, 6494, 0, 21.3, 60.82, 7.42, 11.77, -53.41, 0.04, 0, 1.39, 
15, 7, eco6, 5, 12796, 0.1, 18.4, 64.58, 10.69, 14.85, -53.9, 0.04, 0, 1.8, 
15, 7, eco7, 6, 7385, 0.1, 17.4, 64.76, 15.51, 18.89, -49.25, 0.04, 0, 2.09, 
15, 7, eco8, 7, 1197, 0.2, 16.5, 57.63, 12.34, 15.75, -45.3, 0.04, 0, 1.8, 
15, 7, eco9, 8, 47, 0.3, 15.5, 61.45, 21.16, 23.29, -40.29, 0.04, 0, 3.34, 
15, 8, eco1, 0, 925, 0, 24.8, 19.46, 2.61, 3.86, -16.85, 0.04, 0, 0.11, 
15, 8, eco2, 1, 8080, 0, 24.2, 43.52, 6.2, 9.15, -37.32, 0.04, 0, 1.1, 
15, 8, eco3, 2, 7090, 0, 23.3, 53.01, 8.37, 11.94, -44.64, 0.04, 0, 1.2, 
15, 8, eco4, 3, 7250, 0, 22.2, 56.47, 8.82, 12.54, -47.65, 0.04, 0, 1.33, 
15, 8, eco5, 4, 6494, 0, 20.4, 54.43, 5.1, 9.34, -49.33, 0.04, 0, 0.84, 
15, 8, eco6, 5, 12796, 0, 17.3, 58.21, 6.5, 10.92, -51.71, 0.04, 0, 1.08, 
15, 8, eco7, 6, 7385, 0, 16.5, 59.84, 8.42, 12.72, -51.43, 0.04, 0, 1.26, 
15, 8, eco8, 7, 1197, 0.1, 15.7, 53.4, 7.05, 11.05, -46.35, 0.04, 0, 1.12, 
15, 8, eco9, 8, 47, 0.2, 14.7, 58.75, 10.76, 14.67, -47.99, 0.04, 0, 2.06, 
15, 9, eco1, 0, 925, 1.4, 21.5, 38.8, 3.61, 6.55, -35.19, 0.05, 0, 0.52, 
15, 9, eco2, 1, 8080, 1.6, 21, 55.37, 8.6, 12.11, -46.77, 0.05, 0, 1.17, 
15, 9, eco3, 2, 7090, 2.1, 19.9, 63.2, 14.12, 17.39, -49.08, 0.05, 0, 1.37, 
15, 9, eco4, 3, 7250, 2.4, 18.5, 66.27, 17.03, 19.72, -49.24, 0.05, 0, 1.57, 
15, 9, eco5, 4, 6494, 2.7, 16.5, 65.03, 12.82, 16.05, -52.21, 0.05, 0, 1.34, 
15, 9, eco6, 5, 12796, 2.2, 13.3, 60.51, 13.77, 16.59, -46.74, 0.05, 0, 1.33, 
15, 9, eco7, 6, 7385, 2.5, 12.2, 58.65, 18.92, 20.63, -39.73, 0.05, 0, 1.54, 
15, 9, eco8, 7, 1197, 2.6, 11.1, 53.64, 17.61, 19.34, -36.03, 0.05, 0, 1.48, 
15, 9, eco9, 8, 47, 2.6, 10, 49.58, 24.51, 24.82, -25.07, 0.05, 0, 2.05, 
15, 10, eco1, 0, 925, 2.8, 15.4, 45.01, 12.64, 13.6, -32.37, 0.05, 0, 0.99, 
15, 10, eco2, 1, 8080, 2.9, 14.9, 52.49, 26.1, 24.68, -26.39, 0.05, 0, 1.58, 
15, 10, eco3, 2, 7090, 3, 13.7, 55.97, 39.67, 36.13, -16.3, 0.05, 0, 1.75, 
15, 10, eco4, 3, 7250, 3.2, 12.5, 55.35, 42.36, 37.45, -12.99, 0.05, 0, 1.9, 
15, 10, eco5, 4, 6494, 3.4, 10.6, 51.24, 36.28, 31.56, -14.95, 0.05, 0, 1.78, 
15, 10, eco6, 5, 12796, 2.9, 7.5, 41.95, 31.34, 27.67, -10.61, 0.05, 0, 1.76, 
15, 10, eco7, 6, 7385, 3.7, 6.4, 37.8, 38.43, 33.16, 0.63, 0.05, 0, 1.71, 
15, 10, eco8, 7, 1197, 4.4, 5.3, 32.7, 38.06, 33.07, 5.36, 0.06, 0, 1.4, 
15, 10, eco9, 8, 47, 4.4, 4.5, 29.2, 36.99, 33, 7.79, 0.06, 0, 1.56, 
15, 11, eco1, 0, 925, 24.4, 6, 26.61, 16.84, 12.74, -9.76, 0.14, 0.14, -1.04, 
15, 11, eco2, 1, 8080, 26.6, 5.5, 29.14, 21.68, 16.02, -7.45, 0.15, 0.27, 3.75, 
15, 11, eco3, 2, 7090, 30.2, 4, 25.71, 24.61, 18.08, -1.09, 0.16, 0.18, 5.7, 
15, 11, eco4, 3, 7250, 33, 2.6, 21.11, 22.56, 16.01, 1.45, 0.17, 0.11, 5.48, 
15, 11, eco5, 4, 6494, 34, 0.6, 16.27, 26.81, 21.05, 10.54, 0.18, 0.12, 4.11, 
15, 11, eco6, 5, 12796, 27, -2, 1.81, 0.87, 0.83, -0.93, 0.15, 0.02, 3.91, 
15, 11, eco7, 6, 7385, 31.5, -3.1, 1.42, 0.87, 0.8, -0.55, 0.17, 0.01, 3.26, 
15, 11, eco8, 7, 1197, 32.7, -4.2, 1.1, 0.8, 0.74, -0.3, 0.17, 0, 1.94, 
15, 11, eco9, 8, 47, 31.5, -5, 0.92, 0.72, 0.68, -0.2, 0.17, 0, 0.93, 
15, 12, eco1, 0, 925, 22.7, 6, 25.87, 16.83, 12.67, -9.04, 0.13, 0.13, -0.29, 
15, 12, eco2, 1, 8080, 25.6, 5.6, 29.14, 21.87, 16.14, -7.27, 0.14, 0.45, 3.74, 
15, 12, eco3, 2, 7090, 28.5, 4.5, 27.12, 25.39, 18.7, -1.73, 0.15, 0.62, 4.84, 
15, 12, eco4, 3, 7250, 30, 3.5, 23.81, 23.86, 17.08, 0.05, 0.16, 0.44, 5.29, 
15, 12, eco5, 4, 6494, 29, 1.7, 19.4, 28.69, 22.71, 9.29, 0.16, 0.28, 2.51, 
15, 12, eco6, 5, 12796, 19.3, -1, 2.19, 0.93, 0.91, -1.25, 0.12, 0.17, 4.54, 
15, 12, eco7, 6, 7385, 21.8, -1.8, 1.86, 0.94, 0.9, -0.92, 0.13, 0.17, 4.84, 
15, 12, eco8, 7, 1197, 17.8, -2.6, 1.55, 0.88, 0.85, -0.66, 0.11, 0.18, 4.32, 
15, 12, eco9, 8, 47, 15, -3.3, 1.34, 0.8, 0.78, -0.54, 0.1, 0, 3.76, 
15, 1, eco1, 0, 925, 7.6, 8.5, 31.78, 24.41, 19.83, -7.37, 0.07, 0.05, 1.69, 
15, 1, eco2, 1, 8080, 8.4, 8.2, 36.83, 29.08, 22.73, -7.75, 0.07, 0.03, 5.53, 
15, 1, eco3, 2, 7090, 9.1, 7.3, 36.58, 29.96, 22.55, -6.62, 0.08, 0.68, 4.7, 
15, 1, eco4, 3, 7250, 9.3, 6.2, 33.34, 28.17, 20.72, -5.17, 0.08, 0.57, 4.35, 
15, 1, eco5, 4, 6494, 9, 4.2, 27.8, 23.21, 16.78, -4.59, 0.08, 0.27, 2.03, 
15, 1, eco6, 5, 12796, 6, 1.1, 18.7, 33.11, 26.25, 14.42, 0.06, 0.32, 4.25, 
15, 1, eco7, 6, 7385, 7, 0.4, 17.02, 33.72, 27.15, 16.71, 0.07, 0.41, 4.43, 
15, 1, eco8, 7, 1197, 6.7, -0.6, 2.25, 1, 1, -1.25, 0.07, 0.43, 3.99, 
15, 1, eco9, 8, 47, 6.2, -1.5, 1.96, 0.9, 0.92, -1.06, 0.06, 0.1, 7.43, 
15, 2, eco1, 0, 925, 17.7, 7.2, 28.81, 17.9, 13.66, -10.9, 0.11, 0.12, -0.09, 
15, 2, eco2, 1, 8080, 20.7, 6.5, 31.95, 23.01, 17.14, -8.94, 0.12, 0.38, 4.26, 
15, 2, eco3, 2, 7090, 24.3, 5, 28.75, 26.12, 19.34, -2.63, 0.14, 0.73, 3.94, 
15, 2, eco4, 3, 7250, 26.6, 3.5, 23.96, 23.99, 17.19, 0.03, 0.15, 0.35, 6.92, 
15, 2, eco5, 4, 6494, 26.6, 1.5, 18.73, 28.32, 22.38, 9.59, 0.15, 0.24, 3.57, 
15, 2, eco6, 5, 12796, 20.8, -1, 2.19, 0.94, 0.91, -1.25, 0.12, 0.23, 5.21, 
15, 2, eco7, 6, 7385, 23.6, -2.1, 1.76, 0.93, 0.88, -0.83, 0.13, 0.25, 6.03, 
15, 2, eco8, 7, 1197, 23.8, -3.2, 1.37, 0.86, 0.81, -0.51, 0.14, 0.25, 5.49, 
15, 2, eco9, 8, 47, 24.2, -4.1, 1.14, 0.77, 0.74, -0.37, 0.14, 0.04, 7.38, 
15, 3, eco1, 0, 925, 2.5, 12, 39.13, 11.19, 12.2, -27.94, 0.05, 0, 0.67, 
15, 3, eco2, 1, 8080, 2.9, 11.4, 45.84, 32.43, 28.45, -13.41, 0.05, 0, 3.39, 
15, 3, eco3, 2, 7090, 3.4, 10.4, 46.92, 51.62, 43.73, 4.69, 0.05, 0, 4.16, 
15, 3, eco4, 3, 7250, 3.9, 9.1, 44.02, 38.51, 30.08, -5.52, 0.06, 0.48, 5.85, 
15, 3, eco5, 4, 6494, 4.4, 7.1, 38.68, 29.43, 22.35, -9.25, 0.06, 0.33, 1.32, 
15, 3, eco6, 5, 12796, 4.1, 4.4, 30, 28.31, 20.5, -1.69, 0.06, 0.5, 3.35, 
15, 3, eco7, 6, 7385, 4.9, 3.3, 26.23, 26.37, 19.02, 0.15, 0.06, 0.68, 2.85, 
15, 3, eco8, 7, 1197, 5, 2.3, 22.03, 24.31, 17.98, 2.28, 0.06, 0.88, 1.91, 
15, 3, eco9, 8, 47, 5.3, 1.3, 18.69, 33.16, 28.5, 14.47, 0.06, 1, 6.71, 
15, 4, eco1, 0, 925, 7.4, 13.3, 42.4, 34.38, 28.74, -8.02, 0.07, 0.06, 0.73, 
15, 4, eco2, 1, 8080, 8.3, 12.7, 49.45, 47.96, 39.92, -1.48, 0.07, 0.04, 3.92, 
15, 4, eco3, 2, 7090, 9.2, 11.6, 51.05, 58.82, 49.78, 7.77, 0.08, 0.11, 4.34, 
15, 4, eco4, 3, 7250, 9.6, 10.1, 48.16, 50.02, 41.3, 1.86, 0.08, 0.14, 5.25, 
15, 4, eco5, 4, 6494, 9.3, 8.1, 42.7, 39.86, 32.6, -2.84, 0.08, 0.16, 2.95, 
15, 4, eco6, 5, 12796, 5.7, 5.4, 33.93, 38.74, 30.76, 4.82, 0.06, 0.16, 5.65, 
15, 4, eco7, 6, 7385, 7, 4, 28.9, 33.81, 26.34, 4.91, 0.07, 0.32, 5.8, 
15, 4, eco8, 7, 1197, 7.6, 2.8, 23.95, 29.3, 22.92, 5.34, 0.07, 0.6, 4.53, 
15, 4, eco9, 8, 47, 7.5, 1.9, 20.5, 34.27, 29.59, 13.78, 0.07, 0.81, 8.18, 
15, 5, eco1, 0, 925, 4.5, 16.3, 45.8, 16.71, 16.58, -29.09, 0.06, 0.01, 0.82, 
15, 5, eco2, 1, 8080, 4.8, 15.7, 54.56, 43.79, 38.13, -10.78, 0.06, 0, 3.31, 
15, 5, eco3, 2, 7090, 5.5, 14.7, 58.61, 61.92, 53.53, 3.31, 0.06, 0, 3.55, 
15, 5, eco4, 3, 7250, 6.1, 13.5, 58.27, 59.48, 50.59, 1.21, 0.06, 0.03, 3.96, 
15, 5, eco5, 4, 6494, 6.3, 11.7, 55.02, 46.63, 39.5, -8.39, 0.07, 0.04, 2.44, 
15, 5, eco6, 5, 12796, 5.4, 9.2, 48.29, 53.28, 44.11, 4.99, 0.06, 0.17, 3.24, 
15, 5, eco7, 6, 7385, 5.8, 7.8, 43.32, 50.23, 41.7, 6.9, 0.06, 0.29, 3.74, 
15, 5, eco8, 7, 1197, 6.3, 6.7, 38.12, 44.82, 37.65, 6.7, 0.07, 0.66, 4.24, 
15, 5, eco9, 8, 47, 6.6, 5.8, 34.06, 39.72, 34.69, 5.66, 0.07, 0.78, 8.24, 
15, 6, eco1, 0, 925, 0.3, 21, 31.55, 3.02, 5.39, -28.53, 0.04, 0, 0.55, 
15, 6, eco2, 1, 8080, 0.3, 20.5, 53.38, 12.03, 14.69, -41.34, 0.04, 0, 2.08, 
15, 6, eco3, 2, 7090, 0.4, 19.4, 60.52, 17.23, 19.64, -43.29, 0.04, 0, 2.24, 
15, 6, eco4, 3, 7250, 0.4, 18.2, 62.56, 21.8, 23.24, -40.77, 0.04, 0, 2.51, 
15, 6, eco5, 4, 6494, 0.4, 16.5, 64.02, 9.63, 13.73, -54.38, 0.04, 0, 1.59, 
15, 6, eco6, 5, 12796, 0.3, 13.8, 58.5, 15.7, 17.99, -42.8, 0.04, 0, 2.01, 
15, 6, eco7, 6, 7385, 0.4, 12.7, 56.29, 19.85, 21.24, -36.44, 0.04, 0, 2.29, 
15, 6, eco8, 7, 1197, 0.3, 12, 56.59, 28.5, 28.04, -28.09, 0.04, 0, 2.71, 
15, 6, eco9, 8, 47, 0.3, 11.1, 53.27, 56.8, 51.08, 3.54, 0.04, 0.03, 4.91, 
20, 7, eco1, 0, 925, 0, 22.6, 11.35, 2.46, 2.89, -8.88, 0.04, 0, 0.1, 
20, 7, eco2, 1, 8080, 0, 22.1, 41.57, 11.15, 12.68, -30.42, 0.04, 0, 1.79, 
20, 7, eco3, 2, 7090, 0, 21.3, 53.05, 13.9, 16, -39.15, 0.04, 0, 1.94, 
20, 7, eco4, 3, 7250, 0.1, 20.4, 52.6, 15.34, 16.92, -37.26, 0.04, 0, 2.05, 
20, 7, eco5, 4, 6494, 0.2, 18.7, 61.26, 8.36, 12.37, -52.91, 0.04, 0, 1.42, 
20, 7, eco6, 5, 12796, 0.2, 16.1, 33.71, 11.76, 12.3, -21.95, 0.04, 0, 1.05, 
20, 7, eco7, 6, 7385, 0.3, 15.1, 36.9, 16.97, 16.7, -19.93, 0.04, 0, 1.47, 
20, 7, eco8, 7, 1197, 0.4, 14.3, 61.74, 24.84, 25.08, -36.9, 0.04, 0, 2.78, 
20, 7, eco9, 8, 47, 0.4, 13.3, 58.77, 58.57, 50.78, -0.2, 0.04, -0.01, 4, 
20, 8, eco1, 0, 925, 0.3, 22.5, 14.75, 2.51, 3.26, -12.24, 0.04, 0, 0.13, 
20, 8, eco2, 1, 8080, 0.3, 21.9, 43.42, 7.43, 9.95, -35.99, 0.04, 0, 1.19, 
20, 8, eco3, 2, 7090, 0.5, 20.8, 54.4, 9.93, 13.05, -44.47, 0.04, 0, 1.33, 
20, 8, eco4, 3, 7250, 0.8, 19.4, 58.83, 11.42, 14.52, -47.41, 0.04, 0, 1.48, 
20, 8, eco5, 4, 6494, 1.3, 17.4, 61.87, 8.46, 12.43, -53.41, 0.05, 0, 1.25, 
20, 8, eco6, 5, 12796, 2.1, 14.5, 60.62, 13.1, 15.9, -47.52, 0.05, 0, 1.27, 
20, 8, eco7, 6, 7385, 2.8, 13.3, 60.42, 20.49, 21.53, -39.93, 0.05, 0, 1.76, 
20, 8, eco8, 7, 1197, 3.4, 12.3, 56.93, 29.7, 28.07, -27.23, 0.05, 0.01, 2.51, 
20, 8, eco9, 8, 47, 3, 11.3, 53.19, 34.75, 31.85, -18.44, 0.05, 0, 3.3, 
20, 9, eco1, 0, 925, 0, 22.9, 9.32, 2.37, 2.59, -6.95, 0.04, 0, 0.07, 
20, 9, eco2, 1, 8080, 0, 22.4, 36.13, 5.26, 7.53, -30.87, 0.04, 0, 0.73, 
20, 9, eco3, 2, 7090, 0.1, 21.4, 48.74, 6.95, 10.18, -41.79, 0.04, 0, 0.84, 
20, 9, eco4, 3, 7250, 0.3, 20.4, 56.05, 7.74, 11.44, -48.32, 0.04, 0, 1, 
20, 9, eco5, 4, 6494, 0.6, 18.4, 61.62, 6.34, 10.83, -55.28, 0.04, 0, 0.94, 
20, 9, eco6, 5, 12796, 0.9, 14.9, 60.29, 8.76, 12.61, -51.53, 0.04, 0, 1.03, 
20, 9, eco7, 6, 7385, 1, 14, 61.49, 12.84, 15.89, -48.65, 0.04, 0, 1.37, 
20, 9, eco8, 7, 1197, 1.1, 12.9, 58.2, 15.75, 17.78, -42.45, 0.04, 0, 1.85, 
20, 9, eco9, 8, 47, 1.2, 11.9, 54.73, 21.48, 21.97, -33.25, 0.04, 0, 2.36, 
20, 10, eco1, 0, 925, 4.6, 18, 46.52, 18.4, 17.38, -28.12, 0.06, 0.01, 0.75, 
20, 10, eco2, 1, 8080, 5.6, 17.5, 50.19, 42.19, 35.19, -8, 0.06, 0, 1.92, 
20, 10, eco3, 2, 7090, 6.6, 16.8, 55, 65.43, 53.86, 10.43, 0.07, 0.01, 2.5, 
20, 10, eco4, 3, 7250, 7.6, 16, 57.29, 69.54, 56.13, 12.26, 0.07, 0.02, 2.62, 
20, 10, eco5, 4, 6494, 8, 14.4, 56.51, 59.68, 47.82, 3.16, 0.07, 0.04, 2.09, 
20, 10, eco6, 5, 12796, 6.1, 11, 52.17, 53.21, 43.46, 1.04, 0.06, 0.01, 2.42, 
20, 10, eco7, 6, 7385, 6.9, 10.2, 50.72, 58.86, 47.89, 8.14, 0.07, 0.03, 2.76, 
20, 10, eco8, 7, 1197, 6.5, 9.3, 47.09, 55.1, 45.72, 8.01, 0.07, 0.07, 2.46, 
20, 10, eco9, 8, 47, 5.6, 8.5, 43.49, 47.39, 41.04, 3.9, 0.06, 0, 3.4, 
20, 11, eco1, 0, 925, 13, 11.4, 37.15, 30.14, 23.07, -7.01, 0.09, 0.1, 0.42, 
20, 11, eco2, 1, 8080, 14.4, 10.9, 40.66, 37.27, 27.93, -3.39, 0.1, 0.07, 4.15, 
20, 11, eco3, 2, 7090, 16.1, 10, 41.42, 43.32, 32.92, 1.9, 0.1, 0.23, 4.57, 
20, 11, eco4, 3, 7250, 17.3, 9, 40.27, 41.56, 31.35, 1.28, 0.11, 0.18, 4.73, 
20, 11, eco5, 4, 6494, 16.8, 7.4, 36.97, 35.04, 26.43, -1.94, 0.11, 0.18, 2.28, 
20, 11, eco6, 5, 12796, 11.2, 5, 31.01, 40.57, 31.71, 9.57, 0.08, 0.02, 4.01, 
20, 11, eco7, 6, 7385, 12.7, 4, 28.24, 40.11, 31.28, 11.87, 0.09, 0.02, 4.29, 
20, 11, eco8, 7, 1197, 11.3, 3.4, 25.68, 38.78, 31.09, 13.1, 0.09, 0, 3.59, 
20, 11, eco9, 8, 47, 9.6, 2.8, 22.98, 34.52, 28.85, 11.53, 0.08, 0, 3.73, 
20, 12, eco1, 0, 925, 3.1, 8.1, 29.65, 26.53, 21.12, -3.11, 0.05, 0, 1.53, 
20, 12, eco2, 1, 8080, 3.8, 7.8, 32.57, 32.93, 25.22, 0.37, 0.06, 0, 4.1, 
20, 12, eco3, 2, 7090, 4.5, 6.9, 32.06, 38.79, 29.96, 6.73, 0.06, 0, 4.7, 
20, 12, eco4, 3, 7250, 5.2, 6.1, 30.18, 36.31, 27.46, 6.13, 0.06, 0, 5.12, 
20, 12, eco5, 4, 6494, 5.4, 4.2, 25.95, 32.48, 25.03, 6.53, 0.06, 0, 2.34, 
20, 12, eco6, 5, 12796, 4, 0.9, 17.62, 33.22, 25.63, 15.6, 0.06, 0, 3.69, 
20, 12, eco7, 6, 7385, 4.7, 0.3, 16.21, 34.05, 26.41, 17.84, 0.06, 0.02, 4.23, 
20, 12, eco8, 7, 1197, 4.1, -0.5, 2.26, 1.02, 0.99, -1.24, 0.06, 0.02, 3.54, 
20, 12, eco9, 8, 47, 3.3, -1.2, 2, 0.9, 0.9, -1.1, 0.05, 0, 3.3, 
20, 1, eco1, 0, 925, 23.4, 7.5, 28.48, 19.77, 14.25, -8.71, 0.13, 0.13, -1.1, 
20, 1, eco2, 1, 8080, 26.5, 7.2, 31.35, 25.55, 18.1, -5.8, 0.15, 0.39, 3.18, 
20, 1, eco3, 2, 7090, 30.9, 6.4, 30.46, 29.46, 20.9, -1, 0.16, 0.68, 2.34, 
20, 1, eco4, 3, 7250, 33.9, 5.4, 27.75, 27.95, 19.42, 0.21, 0.18, 0.57, 1.96, 
20, 1, eco5, 4, 6494, 34.6, 3.5, 23.52, 23.52, 16.18, 0, 0.18, 0.16, 3.54, 
20, 1, eco6, 5, 12796, 27.4, 0.6, 16.55, 32.42, 24.95, 15.87, 0.15, 0.21, 4.59, 
20, 1, eco7, 6, 7385, 31.4, -0.3, 2.38, 1.06, 1.01, -1.33, 0.17, 0.2, 4.86, 
20, 1, eco8, 7, 1197, 30.2, -1.1, 2.02, 0.99, 0.94, -1.03, 0.16, 0.2, 4.44, 
20, 1, eco9, 8, 47, 27.4, -1.9, 1.76, 0.87, 0.85, -0.89, 0.15, 0.05, 5.24, 
20, 2, eco1, 0, 925, 32.1, 7.2, 27.86, 19.31, 13.96, -8.55, 0.17, 0.16, -2.15, 
20, 2, eco2, 1, 8080, 36.2, 6.6, 29.73, 24.55, 17.38, -5.18, 0.18, 0.52, 1.38, 
20, 2, eco3, 2, 7090, 42.5, 5.2, 26.85, 27.42, 19.32, 0.57, 0.21, 0.84, 0.38, 
20, 2, eco4, 3, 7250, 46.6, 3.8, 22.81, 25.51, 17.49, 2.7, 0.23, 0.38, 6.36, 
20, 2, eco5, 4, 6494, 47.3, 1.9, 18.57, 30.27, 23.31, 11.7, 0.23, 0.34, 1.27, 
20, 2, eco6, 5, 12796, 38.2, -0.6, 2.24, 0.97, 0.92, -1.27, 0.19, 0.31, 3.87, 
20, 2, eco7, 6, 7385, 42.4, -1.7, 1.82, 0.98, 0.89, -0.85, 0.21, 0.31, 4.7, 
20, 2, eco8, 7, 1197, 41.6, -2.5, 1.54, 0.91, 0.83, -0.63, 0.21, 0.35, 4.21, 
20, 2, eco9, 8, 47, 41.5, -3.2, 1.34, 0.81, 0.76, -0.53, 0.21, 0.17, 8.12, 
20, 3, eco1, 0, 925, 10.4, 8.4, 30.55, 26.71, 21.1, -3.84, 0.08, 0.05, 1.44, 
20, 3, eco2, 1, 8080, 11.8, 7.7, 32.7, 30.54, 23.05, -2.16, 0.09, 0.04, 5.5, 
20, 3, eco3, 2, 7090, 13.6, 6.4, 30.53, 34.38, 25.89, 3.85, 0.09, 0.11, 5.96, 
20, 3, eco4, 3, 7250, 14.7, 4.9, 26.08, 27.2, 18.85, 1.12, 0.1, 0.42, 5.4, 
20, 3, eco5, 4, 6494, 14.7, 2.9, 21.75, 22.65, 15.44, 0.9, 0.1, 0.26, 1.7, 
20, 3, eco6, 5, 12796, 11.1, 0.7, 17.09, 32.98, 25.31, 15.89, 0.08, 0.56, 3.55, 
20, 3, eco7, 6, 7385, 12.3, -0.6, 2.26, 1.05, 0.99, -1.21, 0.09, 0.53, 4.1, 
20, 3, eco8, 7, 1197, 11.3, -1.5, 1.89, 0.98, 0.91, -0.91, 0.09, 0.49, 3.85, 
20, 3, eco9, 8, 47, 10.4, -2.3, 1.62, 0.86, 0.82, -0.77, 0.08, 0.71, 8.51, 
20, 4, eco1, 0, 925, 6.5, 11.6, 38.1, 33.52, 27.09, -4.59, 0.07, 0.05, 0.96, 
20, 4, eco2, 1, 8080, 7.5, 11, 41.82, 43.6, 34.73, 1.78, 0.07, 0.04, 4.45, 
20, 4, eco3, 2, 7090, 9, 9.6, 40.87, 49.03, 39.21, 8.16, 0.08, 0.15, 4.96, 
20, 4, eco4, 3, 7250, 10.5, 7.8, 36.3, 35.12, 25.74, -1.17, 0.08, 0.43, 5.44, 
20, 4, eco5, 4, 6494, 11.3, 5.6, 30.99, 27.66, 19.74, -3.33, 0.09, 0.27, 1.68, 
20, 4, eco6, 5, 12796, 10.1, 2.8, 23.45, 25.81, 17.57, 2.36, 0.08, 0.5, 3.6, 
20, 4, eco7, 6, 7385, 12.1, 1.3, 19.23, 36.84, 28.44, 17.61, 0.09, 0.66, 3.52, 
20, 4, eco8, 7, 1197, 13.1, 0.2, 15.78, 33.76, 26.41, 17.99, 0.09, 0.7, 2.95, 
20, 4, eco9, 8, 47, 14.2, -0.7, 2.21, 0.95, 0.95, -1.26, 0.1, 0.79, 7.31, 
20, 5, eco1, 0, 925, 2.6, 15.7, 43.19, 10.5, 11.76, -32.7, 0.05, 0, 1.21, 
20, 5, eco2, 1, 8080, 2.9, 15.2, 49.11, 36.51, 31.75, -12.6, 0.05, 0, 3.49, 
20, 5, eco3, 2, 7090, 4, 14.2, 52.18, 56, 47.23, 3.82, 0.06, 0, 3.75, 
20, 5, eco4, 3, 7250, 4.9, 12.8, 51.67, 59.43, 48.65, 7.76, 0.06, 0.02, 4.26, 
20, 5, eco5, 4, 6494, 5, 10.9, 48.97, 51.31, 41.17, 2.34, 0.06, 0.23, 1.59, 
20, 5, eco6, 5, 12796, 3.3, 8.2, 43.15, 48.25, 38.04, 5.1, 0.05, 0.43, 2.95, 
20, 5, eco7, 6, 7385, 4.2, 6.7, 38.32, 43.12, 32.78, 4.79, 0.06, 0.68, 3.27, 
20, 5, eco8, 7, 1197, 3.6, 5.7, 34.02, 38.83, 29.87, 4.81, 0.05, 0.81, 1.77, 
20, 5, eco9, 8, 47, 3.1, 4.9, 30.11, 34.99, 28.27, 4.89, 0.05, 1.01, 5.56, 
20, 6, eco1, 0, 925, 0.4, 19.9, 37.81, 3.7, 6.45, -34.11, 0.04, 0, 0.94, 
20, 6, eco2, 1, 8080, 0.6, 19.3, 50.88, 14.39, 15.92, -36.49, 0.04, 0, 2.3, 
20, 6, eco3, 2, 7090, 0.8, 18.3, 56.36, 21.63, 22.19, -34.73, 0.04, 0, 2.52, 
20, 6, eco4, 3, 7250, 1.1, 16.9, 58.38, 29.14, 27.87, -29.24, 0.04, 0, 2.93, 
20, 6, eco5, 4, 6494, 1.4, 15, 52.35, 12.42, 14.45, -39.93, 0.05, 0, 1.38, 
20, 6, eco6, 5, 12796, 1.7, 12.3, 56.15, 20.77, 21.05, -35.38, 0.05, 0, 2.25, 
20, 6, eco7, 6, 7385, 2.3, 11, 53.7, 59.82, 48.77, 6.12, 0.05, 0.07, 2.95, 
20, 6, eco8, 7, 1197, 2.8, 10.2, 50.22, 60.16, 49.48, 9.94, 0.05, 0.26, 3.04, 
20, 6, eco9, 8, 47, 3, 9.3, 46.21, 53.22, 45.38, 7.01, 0.05, 0.43, 5.73, 
25, 7, eco1, 0, 925, 0, 24.9, 13.77, 2.83, 3.34, -10.94, 0.04, 0, 0.04, 
25, 7, eco2, 1, 8080, 0, 24.5, 35.63, 7.27, 8.91, -28.36, 0.04, 0, 1.28, 
25, 7, eco3, 2, 7090, 0, 23.4, 46.28, 9.39, 11.66, -36.89, 0.04, 0, 1.46, 
25, 7, eco4, 3, 7250, 0, 22.3, 47.48, 9.98, 12.14, -37.5, 0.04, 0, 1.55, 
25, 7, eco5, 4, 6494, 0.1, 20.5, 10.9, 3.6, 3.68, -7.3, 0.04, 0, -0.34, 
25, 7, eco6, 5, 12796, 0.2, 17.6, 23.66, 6.22, 6.9, -17.44, 0.04, 0, 0.45, 
25, 7, eco7, 6, 7385, 0.3, 16.6, 61.47, 14.15, 16.55, -47.32, 0.04, 0, 1.97, 
25, 7, eco8, 7, 1197, 0.3, 15.8, 32.87, 9.77, 10.57, -23.1, 0.04, 0, 1.02, 
25, 7, eco9, 8, 47, 0.2, 15, 54.57, 19.45, 19.92, -35.11, 0.04, 0, 3.05, 
25, 8, eco1, 0, 925, 0, 24.5, 10.51, 2.62, 2.85, -7.89, 0.04, 0, -0.05, 
25, 8, eco2, 1, 8080, 0, 23.9, 31.33, 5.32, 7.01, -26, 0.04, 0, 0.76, 
25, 8, eco3, 2, 7090, 0, 23, 40.94, 6.72, 9.11, -34.22, 0.04, 0, 0.87, 
25, 8, eco4, 3, 7250, 0, 21.7, 41.84, 6.82, 9.21, -35.02, 0.04, 0, 0.93, 
25, 8, eco5, 4, 6494, 0, 19.9, 9.9, 3.13, 3.21, -6.77, 0.04, 0, -0.2, 
25, 8, eco6, 5, 12796, 0.2, 16.9, 23.65, 4.64, 5.71, -19.01, 0.04, 0, 0.33, 
25, 8, eco7, 6, 7385, 0.3, 15.9, 58.95, 8.73, 12.3, -50.22, 0.04, 0, 1.27, 
25, 8, eco8, 7, 1197, 0.3, 15, 34.35, 6.31, 8.13, -28.04, 0.04, 0, 0.72, 
25, 8, eco9, 8, 47, 0.4, 14.1, 54.69, 10.96, 13.69, -43.73, 0.04, 0, 1.95, 
25, 9, eco1, 0, 925, 0.9, 21, 30.7, 3.02, 5.18, -27.68, 0.04, 0, 0.22, 
25, 9, eco2, 1, 8080, 0.9, 20.5, 44.18, 5.97, 8.75, -38.22, 0.04, 0, 0.74, 
25, 9, eco3, 2, 7090, 1, 19.4, 50.23, 7.8, 10.83, -42.43, 0.04, 0, 0.83, 
25, 9, eco4, 3, 7250, 1.1, 18.3, 53.54, 8.28, 11.43, -45.26, 0.04, 0, 0.9, 
25, 9, eco5, 4, 6494, 1.1, 16.4, 44.36, 4.29, 7.53, -40.07, 0.04, 0, 0.21, 
25, 9, eco6, 5, 12796, 0.8, 13.2, 46.86, 5.25, 8.49, -41.61, 0.04, 0, 0.45, 
25, 9, eco7, 6, 7385, 1, 12.3, 54.92, 9.9, 12.67, -45.02, 0.04, 0, 1.08, 
25, 9, eco8, 7, 1197, 1, 11.4, 50.88, 7.35, 10.53, -43.53, 0.04, 0, 0.75, 
25, 9, eco9, 8, 47, 0.9, 10.6, 50.26, 10.98, 13.25, -39.28, 0.04, 0, 1.45, 
25, 10, eco1, 0, 925, 16.3, 14.5, 39.92, 41.84, 31.68, 1.93, 0.11, 0.15, -0.52, 
25, 10, eco2, 1, 8080, 18, 14, 42.45, 53.27, 40.13, 10.82, 0.11, 0.11, 3.5, 
25, 10, eco3, 2, 7090, 20.4, 12.8, 43.78, 59.16, 45, 15.38, 0.12, 0.31, 3.79, 
25, 10, eco4, 3, 7250, 22, 11.5, 43.19, 54.73, 41.01, 11.55, 0.13, 0.22, 3.86, 
25, 10, eco5, 4, 6494, 22.5, 9.8, 42.88, 46.29, 34.46, 3.41, 0.13, 0.24, 1.09, 
25, 10, eco6, 5, 12796, 17.5, 6.7, 36.21, 45.03, 33.2, 8.82, 0.11, 0.24, 2.98, 
25, 10, eco7, 6, 7385, 19.7, 5.6, 33.15, 42.07, 30.49, 8.92, 0.12, 0.28, 3.2, 
25, 10, eco8, 7, 1197, 19.6, 4.6, 29.57, 43.74, 33.71, 14.18, 0.12, 0.09, 4.21, 
25, 10, eco9, 8, 47, 18.1, 3.8, 25.99, 37.66, 30.55, 11.67, 0.11, 0.02, 4.55, 
25, 11, eco1, 0, 925, 10.6, 9, 30.69, 25.5, 18.6, -5.19, 0.08, 0.06, 1.39, 
25, 11, eco2, 1, 8080, 10.4, 8.5, 32.23, 30.57, 21.5, -1.66, 0.08, 0.05, 5.34, 
25, 11, eco3, 2, 7090, 10.6, 7.7, 31.56, 36.71, 26.43, 5.15, 0.08, 0.14, 5.8, 
25, 11, eco4, 3, 7250, 10.4, 6.8, 29.93, 36.34, 25.95, 6.4, 0.08, 0.07, 6.1, 
25, 11, eco5, 4, 6494, 10, 5, 27.19, 36.25, 27.04, 9.06, 0.08, 0, 3.02, 
25, 11, eco6, 5, 12796, 8.1, 2.3, 20.98, 32.92, 23.33, 11.94, 0.07, 0, 3.31, 
25, 11, eco7, 6, 7385, 9, 1.4, 18.99, 38.14, 28.6, 19.15, 0.08, 0, 3.44, 
25, 11, eco8, 7, 1197, 9.3, 0.6, 16.61, 35.27, 26.85, 18.66, 0.08, 0.13, 4.53, 
25, 11, eco9, 8, 47, 9.1, -0.3, 2.35, 0.97, 0.96, -1.38, 0.08, 0.04, 5.14, 
25, 12, eco1, 0, 925, 20.6, 7.7, 27.45, 20.84, 14.46, -6.61, 0.12, 0.11, -0.55, 
25, 12, eco2, 1, 8080, 23.6, 7.3, 29.1, 26.57, 18.14, -2.52, 0.13, 0.39, 3.62, 
25, 12, eco3, 2, 7090, 26.6, 6.7, 28.66, 30.72, 20.99, 2.05, 0.15, 0.66, 3.08, 
25, 12, eco4, 3, 7250, 27.7, 6.1, 27.71, 30.56, 20.53, 2.85, 0.15, 0.49, 3.09, 
25, 12, eco5, 4, 6494, 27.8, 4.4, 25.23, 26.58, 17.62, 1.35, 0.15, 0.29, 0.27, 
25, 12, eco6, 5, 12796, 22.7, 1.2, 17.89, 35.65, 26.51, 17.76, 0.13, 0.15, 5.13, 
25, 12, eco7, 6, 7385, 26.3, 0.9, 17.33, 36.8, 27.52, 19.46, 0.15, 0.16, 5.52, 
25, 12, eco8, 7, 1197, 25.8, 0.3, 15.97, 34.68, 26.4, 18.71, 0.14, 0.28, 4.37, 
25, 12, eco9, 8, 47, 24.3, -0.3, 2.34, 0.97, 0.96, -1.37, 0.14, 0.09, 7.36, 
25, 1, eco1, 0, 925, 10.6, 6.8, 25.53, 19.7, 13.69, -5.82, 0.08, 0.05, 1.64, 
25, 1, eco2, 1, 8080, 12.6, 6.3, 26.57, 24.95, 17, -1.63, 0.09, 0.08, 6.2, 
25, 1, eco3, 2, 7090, 14.8, 5.4, 25.16, 28.47, 19.36, 3.31, 0.1, 0.37, 6.26, 
25, 1, eco4, 3, 7250, 15.5, 4.6, 23.29, 31.28, 21.95, 7.99, 0.1, 0, 5.82, 
25, 1, eco5, 4, 6494, 15, 2.9, 20.58, 28.28, 19.89, 7.7, 0.1, 0, 3.61, 
25, 1, eco6, 5, 12796, 11.4, 0.1, 14.7, 33.12, 24.46, 18.42, 0.09, 0.21, 5.04, 
25, 1, eco7, 6, 7385, 13.4, -0.5, 2.19, 1.09, 0.98, -1.11, 0.09, 0.18, 5.44, 
25, 1, eco8, 7, 1197, 12.2, -1.3, 1.92, 1.01, 0.92, -0.91, 0.09, 0.23, 5, 
25, 1, eco9, 8, 47, 11.2, -2, 1.7, 0.88, 0.83, -0.82, 0.08, 0.13, 8.29, 
25, 2, eco1, 0, 925, 23.3, 7.3, 26.88, 20.23, 14.13, -6.65, 0.13, 0.12, -1.08, 
25, 2, eco2, 1, 8080, 27.2, 6.7, 27.81, 25.52, 17.46, -2.29, 0.15, 0.46, 2.73, 
25, 2, eco3, 2, 7090, 31.5, 5.3, 24.8, 28.11, 19.11, 3.32, 0.17, 0.75, 2.03, 
25, 2, eco4, 3, 7250, 33.9, 3.7, 20.71, 26.38, 17.43, 5.67, 0.18, 0.33, 6.14, 
25, 2, eco5, 4, 6494, 33.2, 1.7, 16.93, 31.54, 23.58, 14.6, 0.17, 0.19, 3.66, 
25, 2, eco6, 5, 12796, 25.8, -0.9, 2.01, 1, 0.9, -1.01, 0.14, 0.21, 4.91, 
25, 2, eco7, 6, 7385, 28, -2, 1.65, 1, 0.87, -0.65, 0.15, 0.18, 5.65, 
25, 2, eco8, 7, 1197, 26.2, -2.9, 1.39, 0.92, 0.8, -0.47, 0.14, 0.19, 5.23, 
25, 2, eco9, 8, 47, 25.7, -3.7, 1.18, 0.8, 0.71, -0.39, 0.14, 0.07, 7.82, 
25, 3, eco1, 0, 925, 3.9, 14.6, 38.96, 12.11, 12.48, -26.85, 0.06, 0, 0.28, 
25, 3, eco2, 1, 8080, 4.4, 14, 43.21, 35.57, 29.95, -7.64, 0.06, 0, 2.98, 
25, 3, eco3, 2, 7090, 5.1, 12.8, 44.49, 46.99, 39.05, 2.51, 0.06, 0, 3.1, 
25, 3, eco4, 3, 7250, 5.5, 11.3, 42.99, 48.64, 35.63, 5.65, 0.06, 0.49, 3.05, 
25, 3, eco5, 4, 6494, 5.4, 9.3, 41.05, 40.61, 29.54, -0.44, 0.06, 0.33, 1.12, 
25, 3, eco6, 5, 12796, 4.2, 6.4, 35, 37.09, 25.71, 2.1, 0.06, 0.61, 2.26, 
25, 3, eco7, 6, 7385, 5, 5.4, 32.29, 35.61, 24.08, 3.31, 0.06, 0.7, 1.85, 
25, 3, eco8, 7, 1197, 5.2, 4.5, 28.88, 33.02, 23.02, 4.14, 0.06, 0.8, 0.95, 
25, 3, eco9, 8, 47, 5.2, 3.7, 25.79, 29.97, 22.36, 4.18, 0.06, 1.01, 5.48, 
25, 4, eco1, 0, 925, 2.2, 14.5, 39.21, 8.64, 10.03, -30.56, 0.05, 0, 0.87, 
25, 4, eco2, 1, 8080, 2.9, 13.9, 43.12, 34.13, 29.05, -8.98, 0.05, 0, 2.66, 
25, 4, eco3, 2, 7090, 3.9, 12.6, 44.11, 53.26, 43.52, 9.15, 0.06, 0, 3.02, 
25, 4, eco4, 3, 7250, 5, 11, 42.52, 46.85, 38.16, 4.33, 0.06, 0, 3.7, 
25, 4, eco5, 4, 6494, 5.3, 9.1, 40.53, 47.01, 36.82, 6.47, 0.06, 0, 2.81, 
25, 4, eco6, 5, 12796, 3.5, 6.4, 35.14, 47.25, 36.09, 12.11, 0.05, 0, 4.39, 
25, 4, eco7, 6, 7385, 4.6, 5.1, 31.32, 44.4, 33.19, 13.08, 0.06, 0.06, 6.11, 
25, 4, eco8, 7, 1197, 4.1, 4.1, 27.82, 40.12, 30.41, 12.3, 0.06, 0.19, 5.51, 
25, 4, eco9, 8, 47, 3.4, 3.3, 24.4, 33.56, 26.18, 9.16, 0.05, 0.11, 9.3, 
25, 5, eco1, 0, 925, 1.1, 17.1, 40.4, 4.55, 7.27, -35.85, 0.04, 0, 0.58, 
25, 5, eco2, 1, 8080, 1.5, 16.5, 45.73, 18.41, 18.17, -27.33, 0.05, 0, 2.03, 
25, 5, eco3, 2, 7090, 2.2, 15.3, 48.51, 31.21, 28.07, -17.31, 0.05, 0, 2.49, 
25, 5, eco4, 3, 7250, 2.9, 13.8, 48.77, 41.5, 35.29, -7.27, 0.05, 0, 3.12, 
25, 5, eco5, 4, 6494, 3.3, 12, 48.49, 35.33, 29.77, -13.17, 0.05, 0, 2.46, 
25, 5, eco6, 5, 12796, 3, 9.3, 45.26, 48.46, 38.5, 3.19, 0.05, 0.01, 2.89, 
25, 5, eco7, 6, 7385, 3.6, 8, 41.79, 56.04, 43.43, 14.25, 0.05, 0.11, 3.64, 
25, 5, eco8, 7, 1197, 3.5, 7, 38.37, 51.15, 40.3, 12.77, 0.05, 0.17, 3.3, 
25, 5, eco9, 8, 47, 3.1, 6.3, 34.82, 43.77, 35.68, 8.95, 0.05, 0.11, 8.64, 
25, 6, eco1, 0, 925, 0.1, 21.6, 25.55, 2.81, 4.52, -22.74, 0.04, 0, 0.37, 
25, 6, eco2, 1, 8080, 0.1, 21.1, 43.6, 6.61, 9.22, -37, 0.04, 0, 1.27, 
25, 6, eco3, 2, 7090, 0.2, 20.1, 50.56, 9.57, 12.22, -40.99, 0.04, 0, 1.58, 
25, 6, eco4, 3, 7250, 0.3, 18.8, 53.78, 13.42, 15.33, -40.36, 0.04, 0, 1.99, 
25, 6, eco5, 4, 6494, 0.4, 17, 56.36, 9.31, 12.36, -47.05, 0.04, 0, 1.61, 
25, 6, eco6, 5, 12796, 0.5, 14.1, 58.08, 14.23, 16.13, -43.84, 0.04, 0, 1.9, 
25, 6, eco7, 6, 7385, 0.7, 13, 57.21, 20.74, 20.85, -36.47, 0.04, 0, 2.39, 
25, 6, eco8, 7, 1197, 0.8, 12.2, 55.44, 17.23, 18.26, -38.21, 0.04, 0, 2.17, 
25, 6, eco9, 8, 47, 0.7, 11.2, 52.3, 45.81, 39.03, -6.49, 0.04, 0, 4.63, 
30, 7, eco1, 0, 925, 0, 25.3, 17.75, 3.34, 4.06, -14.41, 0.04, 0, 0.45, 
30, 7, eco2, 1, 8080, 0, 24.8, 32.76, 5.37, 7.12, -27.4, 0.04, 0, 0.87, 
30, 7, eco3, 2, 7090, 0, 24, 42.93, 7.4, 9.75, -35.52, 0.04, 0, 1.17, 
30, 7, eco4, 3, 7250, 0, 22.9, 42.79, 8.11, 10.19, -34.68, 0.04, 0, 1.31, 
30, 7, eco5, 4, 6494, 0.1, 21.1, 43.45, 6.18, 8.75, -37.27, 0.04, 0, 0.96, 
30, 7, eco6, 5, 12796, 0.2, 18.1, 52.91, 8.57, 11.42, -44.33, 0.04, 0, 1.31, 
30, 7, eco7, 6, 7385, 0.3, 17.2, 59.93, 14.49, 16.42, -45.44, 0.04, 0, 2.05, 
30, 7, eco8, 7, 1197, 0.3, 16.3, 39.21, 10.3, 11.42, -28.91, 0.04, 0, 1.22, 
30, 7, eco9, 8, 47, 0.3, 15.3, 50.29, 19.23, 18.9, -31.06, 0.04, 0, 2.92, 
30, 8, eco1, 0, 925, 0, 24.3, 15.42, 3.04, 3.61, -12.38, 0.04, 0, 0.32, 
30, 8, eco2, 1, 8080, 0, 23.7, 29.16, 4.48, 6.11, -24.67, 0.04, 0, 0.54, 
30, 8, eco3, 2, 7090, 0.1, 22.7, 40.35, 5.97, 8.43, -34.38, 0.04, 0, 0.75, 
30, 8, eco4, 3, 7250, 0.2, 21.6, 42.45, 6.38, 8.89, -36.07, 0.04, 0, 0.85, 
30, 8, eco5, 4, 6494, 0.3, 19.7, 43.95, 5.09, 8.03, -38.86, 0.04, 0, 0.67, 
30, 8, eco6, 5, 12796, 0.4, 16.5, 52.79, 6.47, 9.9, -46.32, 0.04, 0, 0.91, 
30, 8, eco7, 6, 7385, 0.6, 15.5, 58.34, 10.18, 13.15, -48.16, 0.04, 0, 1.41, 
30, 8, eco8, 7, 1197, 0.8, 14.4, 48.26, 7.9, 10.57, -40.36, 0.04, 0, 0.97, 
30, 8, eco9, 8, 47, 0.7, 13.4, 51.56, 12.82, 14.46, -38.75, 0.04, 0, 1.98, 
30, 9, eco1, 0, 925, 0.5, 23.1, 27.38, 3.28, 4.99, -24.09, 0.04, 0, 0.34, 
30, 9, eco2, 1, 8080, 0.5, 22.6, 37.95, 4.69, 7.14, -33.26, 0.04, 0, 0.49, 
30, 9, eco3, 2, 7090, 0.5, 21.7, 45.52, 6.04, 8.99, -39.48, 0.04, 0, 0.62, 
30, 9, eco4, 3, 7250, 0.5, 20.8, 46.77, 6.15, 9.14, -40.62, 0.04, 0, 0.67, 
30, 9, eco5, 4, 6494, 0.4, 19, 46.61, 4.85, 8.11, -41.76, 0.04, 0, 0.53, 
30, 9, eco6, 5, 12796, 0.3, 15.7, 50.36, 5.29, 8.81, -45.07, 0.04, 0, 0.64, 
30, 9, eco7, 6, 7385, 0.4, 14.8, 56.46, 7.4, 10.95, -49.06, 0.04, 0, 0.96, 
30, 9, eco8, 7, 1197, 0.4, 13.8, 46.71, 5.86, 8.93, -40.85, 0.04, 0, 0.71, 
30, 9, eco9, 8, 47, 0.4, 12.8, 51.26, 8.39, 11.27, -42.86, 0.04, 0, 1.33, 
30, 10, eco1, 0, 925, 8.1, 14.8, 36.87, 45.83, 34.18, 8.96, 0.07, 0.05, 0.6, 
30, 10, eco2, 1, 8080, 9, 14.2, 39.42, 59.49, 44.99, 20.06, 0.08, 0.03, 2.84, 
30, 10, eco3, 2, 7090, 11.3, 13.3, 41.03, 69.65, 53.85, 28.63, 0.09, 0.09, 3.6, 
30, 10, eco4, 3, 7250, 14.1, 12.4, 41.6, 65.96, 50.38, 24.36, 0.1, 0.1, 3.94, 
30, 10, eco5, 4, 6494, 16, 10.7, 40.77, 54.62, 40.91, 13.85, 0.1, 0.15, 2.11, 
30, 10, eco6, 5, 12796, 13, 7.9, 37.96, 53.05, 39.68, 15.09, 0.09, 0.17, 3.17, 
30, 10, eco7, 6, 7385, 15.2, 6.9, 35.87, 50.99, 37.8, 15.12, 0.1, 0.21, 3.45, 
30, 10, eco8, 7, 1197, 16, 5.9, 33.03, 45.79, 34.21, 12.76, 0.1, 0.3, 2.94, 
30, 10, eco9, 8, 47, 15.2, 5, 29.76, 42.07, 33.5, 12.31, 0.1, 0, 3.96, 
30, 11, eco1, 0, 925, 4.6, 10.9, 31.97, 35.3, 26.82, 3.32, 0.06, 0.01, 1.42, 
30, 11, eco2, 1, 8080, 5.2, 10.3, 33.47, 45.73, 34.71, 12.26, 0.06, 0, 3.53, 
30, 11, eco3, 2, 7090, 5.8, 9.3, 33.27, 50.98, 38.85, 17.71, 0.06, 0, 4.32, 
30, 11, eco4, 3, 7250, 6.3, 8.6, 32.61, 48.44, 36.25, 15.83, 0.07, 0.02, 4.7, 
30, 11, eco5, 4, 6494, 6.4, 7, 30.94, 42.89, 31.98, 11.94, 0.07, 0.03, 3.51, 
30, 11, eco6, 5, 12796, 5.1, 4.2, 26.06, 41.67, 30.79, 15.61, 0.06, 0, 2.6, 
30, 11, eco7, 6, 7385, 5.9, 3.6, 24.89, 41.67, 30.69, 16.77, 0.06, 0, 2.81, 
30, 11, eco8, 7, 1197, 6.2, 3, 23.24, 38.5, 28.84, 15.26, 0.06, 0, 2.45, 
30, 11, eco9, 8, 47, 5.8, 2.3, 20.9, 33.63, 25.98, 12.73, 0.06, 0, 3.92, 
30, 12, eco1, 0, 925, 15.4, 6.2, 22.95, 20.28, 13.53, -2.67, 0.1, 0.08, 0.51, 
30, 12, eco2, 1, 8080, 17.5, 5.6, 23.14, 24.82, 16.38, 1.69, 0.11, 0.11, 4.78, 
30, 12, eco3, 2, 7090, 20.8, 4.6, 21.13, 27.52, 18.11, 6.4, 0.12, 0.51, 4.65, 
30, 12, eco4, 3, 7250, 22.9, 3.6, 18.87, 26.77, 17.25, 7.9, 0.13, 0.06, 6.14, 
30, 12, eco5, 4, 6494, 23.3, 1.8, 16.24, 32.65, 24.04, 16.4, 0.13, 0.07, 4.55, 
30, 12, eco6, 5, 12796, 17.9, -1.3, 1.75, 0.99, 0.86, -0.75, 0.11, 0, 4, 
30, 12, eco7, 6, 7385, 20, -1.7, 1.67, 1.03, 0.88, -0.64, 0.12, 0, 4.01, 
30, 12, eco8, 7, 1197, 18.2, -2.2, 1.54, 0.97, 0.84, -0.57, 0.11, 0, 3.22, 
30, 12, eco9, 8, 47, 16, -2.7, 1.42, 0.84, 0.76, -0.57, 0.1, 0, 3.84, 
30, 1, eco1, 0, 925, 8.4, 9.2, 28.79, 29.19, 21.31, 0.4, 0.07, 0.06, 1.49, 
30, 1, eco2, 1, 8080, 9.4, 8.9, 30.52, 33.07, 23.11, 2.54, 0.08, 0.06, 5.53, 
30, 1, eco3, 2, 7090, 11.1, 8.3, 30.59, 38.97, 27.7, 8.38, 0.08, 0.25, 5.9, 
30, 1, eco4, 3, 7250, 12.2, 7.5, 29.72, 34.15, 22.71, 4.43, 0.09, 0.38, 5.38, 
30, 1, eco5, 4, 6494, 12.7, 5.8, 27.48, 29.91, 19.71, 2.43, 0.09, 0.23, 1.85, 
30, 1, eco6, 5, 12796, 9.4, 2.3, 20, 27.68, 17.47, 7.67, 0.08, 0.19, 4.66, 
30, 1, eco7, 6, 7385, 10.8, 1.9, 19.69, 40, 29.52, 20.3, 0.08, 0.21, 4.97, 
30, 1, eco8, 7, 1197, 11.5, 1.2, 17.77, 37.16, 27.75, 19.39, 0.09, 0.23, 4.56, 
30, 1, eco9, 8, 47, 11.4, 0.6, 16.07, 32.3, 25.04, 16.23, 0.09, 0.11, 6.59, 
30, 2, eco1, 0, 925, 23.5, 7.7, 26.13, 21.97, 14.88, -4.16, 0.13, 0.12, -1.12, 
30, 2, eco2, 1, 8080, 27.1, 7, 26.48, 26.76, 17.89, 0.28, 0.15, 0.44, 2.84, 
30, 2, eco3, 2, 7090, 31.9, 5.7, 24.21, 29.35, 19.54, 5.14, 0.17, 0.78, 1.98, 
30, 2, eco4, 3, 7250, 34.2, 4.6, 21.62, 28.3, 18.43, 6.68, 0.18, 0.61, 2.22, 
30, 2, eco5, 4, 6494, 33.8, 2.9, 19.04, 24.9, 15.98, 5.86, 0.18, 0.16, 3.99, 
30, 2, eco6, 5, 12796, 22.9, 0.3, 14.59, 34.23, 24.9, 19.64, 0.13, 0.23, 4.96, 
30, 2, eco7, 6, 7385, 24.2, -0.5, 2.08, 1.11, 0.97, -0.98, 0.14, 0.18, 5.52, 
30, 2, eco8, 7, 1197, 20.6, -1.4, 1.81, 1.02, 0.9, -0.79, 0.12, 0.19, 5.02, 
30, 2, eco9, 8, 47, 18.4, -2.1, 1.61, 0.88, 0.8, -0.73, 0.11, 0.08, 6.98, 
30, 3, eco1, 0, 925, 16.8, 9.2, 29.11, 24.74, 17.13, -4.36, 0.11, 0.08, 0.36, 
30, 3, eco2, 1, 8080, 18.7, 8.5, 30.15, 29.87, 20.32, -0.28, 0.11, 0.33, 4.89, 
30, 3, eco3, 2, 7090, 22.3, 7.2, 28.27, 32.9, 22.38, 4.63, 0.13, 0.53, 4.71, 
30, 3, eco4, 3, 7250, 25.8, 5.9, 25.41, 30.85, 20.39, 5.44, 0.14, 0.44, 4.27, 
30, 3, eco5, 4, 6494, 28.7, 4.2, 22.75, 26.89, 17.5, 4.14, 0.15, 0.26, 0.98, 
30, 3, eco6, 5, 12796, 24.2, 1.6, 18, 36.91, 27.11, 18.91, 0.14, 0.45, 3.4, 
30, 3, eco7, 6, 7385, 27.6, 0.7, 16.1, 37.15, 27.13, 21.05, 0.15, 0.47, 3.95, 
30, 3, eco8, 7, 1197, 27.9, -0.3, 2.22, 1.1, 0.99, -1.13, 0.15, 0.45, 3.53, 
30, 3, eco9, 8, 47, 27.2, -1.1, 1.96, 0.94, 0.88, -1.02, 0.15, 0.71, 8.77, 
30, 4, eco1, 0, 925, 4.6, 12, 34.82, 30.02, 23.98, -4.81, 0.06, 0.01, 1.09, 
30, 4, eco2, 1, 8080, 4.8, 11.5, 36.76, 45.75, 35.38, 8.99, 0.06, 0, 4.18, 
30, 4, eco3, 2, 7090, 5.3, 10.4, 36.72, 54.84, 42.83, 18.12, 0.06, 0, 4.42, 
30, 4, eco4, 3, 7250, 5.5, 9.3, 35.19, 50.62, 39.01, 15.43, 0.06, 0, 4.58, 
30, 4, eco5, 4, 6494, 5.2, 7.5, 33.12, 38.21, 27.32, 5.09, 0.06, 0.24, 2.67, 
30, 4, eco6, 5, 12796, 3.6, 5, 28.78, 36.55, 25.27, 7.77, 0.05, 0.53, 4.16, 
30, 4, eco7, 6, 7385, 4.3, 3.8, 25.43, 33.82, 22.45, 8.39, 0.06, 0.6, 4.14, 
30, 4, eco8, 7, 1197, 4.7, 2.6, 22, 30.59, 20.38, 8.58, 0.06, 0.58, 3.39, 
30, 4, eco9, 8, 47, 4.8, 1.7, 19.01, 34.68, 26.92, 15.68, 0.06, 0.88, 7.37, 
30, 5, eco1, 0, 925, 11.6, 19.2, 40.12, 52.09, 39.55, 11.97, 0.09, 0.12, -1.29, 
30, 5, eco2, 1, 8080, 13, 18.6, 44.34, 74.3, 56.71, 29.97, 0.09, 0.1, 2.78, 
30, 5, eco3, 2, 7090, 16, 17.7, 47.73, 88.73, 68.97, 41.01, 0.1, 0.34, 2.91, 
30, 5, eco4, 3, 7250, 18.4, 16.6, 49.45, 83.87, 64.58, 34.42, 0.11, 0.36, 2.84, 
30, 5, eco5, 4, 6494, 19, 14.7, 50.39, 69.45, 52.89, 19.06, 0.12, 0.37, -0.63, 
30, 5, eco6, 5, 12796, 13.1, 11.8, 50.31, 65.67, 49.68, 15.36, 0.09, 0.65, 0.62, 
30, 5, eco7, 6, 7385, 15.3, 10.5, 48.3, 61.08, 45.25, 12.77, 0.1, 0.79, 0, 
30, 5, eco8, 7, 1197, 14.1, 9.4, 45.63, 55.08, 41.2, 9.44, 0.1, 0.88, 1.23, 
30, 5, eco9, 8, 47, 11.8, 8.5, 42.35, 48.03, 37.86, 5.68, 0.09, 1.11, 5.4, 
30, 6, eco1, 0, 925, 0.9, 20, 9.64, 2.39, 2.65, -7.26, 0.04, 0, -0.74, 
30, 6, eco2, 1, 8080, 1.1, 19.4, 35.07, 18.07, 16.89, -17, 0.04, 0, 1.97, 
30, 6, eco3, 2, 7090, 1.2, 18.4, 42.79, 23.42, 21.77, -19.36, 0.04, 0, 2.1, 
30, 6, eco4, 3, 7250, 1.4, 17.1, 38.57, 27.49, 24.09, -11.09, 0.05, 0, 2.1, 
30, 6, eco5, 4, 6494, 1.7, 15.2, 23.98, 8.98, 8.89, -15.01, 0.05, 0, 0.14, 
30, 6, eco6, 5, 12796, 2.4, 12.4, 38.13, 16.19, 15.4, -21.94, 0.05, 0, 1.08, 
30, 6, eco7, 6, 7385, 3, 11.2, 33.97, 17.34, 15.9, -16.64, 0.05, 0, 0.88, 
30, 6, eco8, 7, 1197, 2.7, 10, 43.87, 18.96, 18, -24.91, 0.05, 0, 1.61, 
30, 6, eco9, 8, 47, 2.7, 9, 44.04, 44.03, 36.05, -0.01, 0.05, 0, 4.48, 
35, 7, eco1, 0, 925, 0, 26.2, 12.62, 3.56, 3.73, -9.06, 0.04, 0, 0.38, 
35, 7, eco2, 1, 8080, 0, 25.8, 31.37, 6.97, 8.15, -24.41, 0.04, 0, 1.39, 
35, 7, eco3, 2, 7090, 0, 24.8, 38.39, 9.31, 10.72, -29.08, 0.04, 0, 1.61, 
35, 7, eco4, 3, 7250, 0.2, 23.7, 40.59, 10.52, 11.74, -30.08, 0.04, 0, 1.75, 
35, 7, eco5, 4, 6494, 0.7, 22.1, 47.83, 8.86, 11.1, -38.96, 0.04, 0, 1.49, 
35, 7, eco6, 5, 12796, 1.9, 19.4, 56.72, 14.37, 15.73, -42.35, 0.05, 0, 2.01, 
35, 7, eco7, 6, 7385, 2.6, 18.1, 59.53, 20.05, 20, -39.48, 0.05, 0, 2.34, 
35, 7, eco8, 7, 1197, 3, 16.9, 60.48, 20.85, 20.71, -39.63, 0.05, 0, 2.26, 
35, 7, eco9, 8, 47, 2.7, 15.8, 60.54, 21.27, 21.41, -39.27, 0.05, 0, 2.83, 
35, 8, eco1, 0, 925, 0.2, 24.5, 16.31, 3.26, 3.89, -13.05, 0.04, 0, 0.32, 
35, 8, eco2, 1, 8080, 0.4, 23.9, 35.04, 5.97, 7.8, -29.07, 0.04, 0, 0.98, 
35, 8, eco3, 2, 7090, 0.7, 22.8, 41.6, 8.37, 10.33, -33.23, 0.04, 0, 1.2, 
35, 8, eco4, 3, 7250, 1.1, 21.4, 46.09, 9.99, 11.88, -36.1, 0.04, 0, 1.39, 
35, 8, eco5, 4, 6494, 1.6, 19.5, 49.32, 9.98, 11.99, -39.34, 0.05, 0, 1.4, 
35, 8, eco6, 5, 12796, 3.1, 16.5, 55.48, 22.2, 20.95, -33.28, 0.05, 0, 2.11, 
35, 8, eco7, 6, 7385, 3.9, 15.3, 57.07, 33.29, 28.83, -23.78, 0.06, 0, 2.35, 
35, 8, eco8, 7, 1197, 3.5, 14.3, 56.8, 28.45, 25.55, -28.35, 0.05, 0, 2.16, 
35, 8, eco9, 8, 47, 3.1, 13.2, 55.74, 25.88, 24.23, -29.85, 0.05, 0, 2.58, 
35, 9, eco1, 0, 925, 3.3, 21.8, 38.31, 9.67, 10.47, -28.65, 0.05, 0, 0.86, 
35, 9, eco2, 1, 8080, 3.4, 21.3, 40.62, 17.08, 16.12, -23.54, 0.05, 0, 1.59, 
35, 9, eco3, 2, 7090, 3.8, 20.3, 43.93, 26.2, 23.41, -17.74, 0.06, 0, 1.85, 
35, 9, eco4, 3, 7250, 4.1, 19.2, 46.75, 31.82, 27.45, -14.94, 0.06, 0, 2.01, 
35, 9, eco5, 4, 6494, 4.4, 17.4, 48.25, 33.91, 28.38, -14.34, 0.06, 0, 1.96, 
35, 9, eco6, 5, 12796, 4, 14.6, 52.8, 42.09, 34.31, -10.71, 0.06, 0.01, 2.13, 
35, 9, eco7, 6, 7385, 4.9, 13.5, 53.69, 55.16, 43.53, 1.47, 0.06, 0.01, 2.42, 
35, 9, eco8, 7, 1197, 5.6, 12.5, 52.8, 56.87, 44.84, 4.07, 0.06, 0.04, 2.17, 
35, 9, eco9, 8, 47, 5.2, 11.6, 51.35, 49.99, 41.13, -1.36, 0.06, 0.01, 2.92, 
35, 10, eco1, 0, 925, 6.5, 17.8, 36.64, 44.59, 33.81, 7.96, 0.07, 0.04, 0.4, 
35, 10, eco2, 1, 8080, 7.4, 17.2, 39.95, 65.16, 49.51, 25.22, 0.07, 0.02, 2.52, 
35, 10, eco3, 2, 7090, 8.3, 16.4, 42.41, 77.62, 60.17, 35.2, 0.07, 0.06, 3.08, 
35, 10, eco4, 3, 7250, 8.8, 15.4, 44.09, 76.1, 58.47, 32.01, 0.08, 0.05, 3.21, 
35, 10, eco5, 4, 6494, 8.3, 13.7, 44.19, 65.59, 49.76, 21.4, 0.07, 0.06, 2.32, 
35, 10, eco6, 5, 12796, 5, 10.5, 43.97, 58.24, 44.49, 14.28, 0.06, 0.01, 2.49, 
35, 10, eco7, 6, 7385, 5.3, 9.5, 43.43, 59.75, 45.66, 16.32, 0.06, 0.01, 2.75, 
35, 10, eco8, 7, 1197, 3.9, 8.7, 41.79, 50.49, 39.39, 8.7, 0.06, 0, 2.39, 
35, 10, eco9, 8, 47, 3.2, 8, 39.82, 44.35, 35.99, 4.53, 0.05, 0, 2.72, 
35, 11, eco1, 0, 925, 9.4, 11.9, 32.15, 36.6, 27.38, 4.45, 0.08, 0.07, 1.13, 
35, 11, eco2, 1, 8080, 10.7, 11.4, 33.69, 41.39, 30.27, 7.7, 0.08, 0.05, 4.27, 
35, 11, eco3, 2, 7090, 12.7, 10.6, 34.03, 45.09, 33.05, 11.06, 0.09, 0.21, 4.82, 
35, 11, eco4, 3, 7250, 14.1, 9.7, 33.67, 44.79, 32.52, 11.11, 0.1, 0.15, 5.03, 
35, 11, eco5, 4, 6494, 14.1, 8, 32.01, 39.84, 28.67, 7.83, 0.1, 0.16, 2.8, 
35, 11, eco6, 5, 12796, 10, 5.3, 28.35, 43.37, 32.15, 15.02, 0.08, 0.01, 3.74, 
35, 11, eco7, 6, 7385, 11.6, 4.5, 27.02, 43.3, 31.95, 16.28, 0.09, 0.01, 3.97, 
35, 11, eco8, 7, 1197, 10, 3.8, 25.2, 42.24, 31.72, 17.04, 0.08, 0, 3.06, 
35, 11, eco9, 8, 47, 8.1, 3.1, 22.83, 36.47, 28.56, 13.65, 0.07, 0, 2.72, 
35, 12, eco1, 0, 925, 32.7, 8.6, 26.61, 23, 15.58, -3.61, 0.17, 0.17, -2.71, 
35, 12, eco2, 1, 8080, 36, 7.9, 27.07, 27.49, 18.49, 0.42, 0.18, 0.56, 1.18, 
35, 12, eco3, 2, 7090, 38.5, 6.7, 25.19, 29.62, 19.93, 4.43, 0.19, 0.99, 0.69, 
35, 12, eco4, 3, 7250, 39.9, 5.7, 23.19, 29.09, 19.18, 5.9, 0.2, 0.71, 0.68, 
35, 12, eco5, 4, 6494, 37.9, 4, 21.02, 26.1, 16.94, 5.07, 0.19, 0.37, -2.2, 
35, 12, eco6, 5, 12796, 24.4, 1.6, 17.18, 36.07, 26.59, 18.89, 0.14, 0.16, 4.7, 
35, 12, eco7, 6, 7385, 26.7, 0.7, 15.73, 36.32, 26.72, 20.59, 0.15, 0.16, 4.97, 
35, 12, eco8, 7, 1197, 20.6, -0.1, 2.22, 1.1, 0.99, -1.12, 0.12, 0.09, 4.29, 
35, 12, eco9, 8, 47, 16.6, -0.9, 1.97, 0.93, 0.87, -1.04, 0.11, 0, 3.66, 
35, 1, eco1, 0, 925, 3.4, 12.1, 17.33, 7.88, 7.25, -9.46, 0.05, 0, -0.38, 
35, 1, eco2, 1, 8080, 3.9, 11.7, 29.05, 24.19, 19.79, -4.86, 0.06, 0, 2.34, 
35, 1, eco3, 2, 7090, 4.9, 11.1, 34.04, 36.01, 29.27, 1.96, 0.06, 0, 2.63, 
35, 1, eco4, 3, 7250, 5.6, 10.1, 33.41, 36.33, 29.07, 2.92, 0.06, 0, 3.06, 
35, 1, eco5, 4, 6494, 6.1, 8, 31.96, 34.18, 26.96, 2.22, 0.06, 0, 1.77, 
35, 1, eco6, 5, 12796, 6.2, 4, 24.41, 30.77, 20.26, 6.37, 0.06, 0.28, 4.44, 
35, 1, eco7, 6, 7385, 7, 3.5, 23.84, 31.51, 20.71, 7.66, 0.07, 0.32, 4.68, 
35, 1, eco8, 7, 1197, 7.8, 2.5, 21.31, 30.33, 20.26, 9.02, 0.07, 0.27, 4.2, 
35, 1, eco9, 8, 47, 7.6, 1.9, 19.2, 34.41, 26.75, 15.21, 0.07, 0.11, 6.28, 
35, 2, eco1, 0, 925, 35.2, 9.8, 29.73, 24.73, 16.86, -5, 0.18, 0.18, -2.96, 
35, 2, eco2, 1, 8080, 38.9, 9.1, 29.98, 29.48, 19.93, -0.5, 0.2, 0.58, 0.85, 
35, 2, eco3, 2, 7090, 42.9, 7.8, 28.01, 31.63, 21.4, 3.62, 0.21, 1.01, 0.08, 
35, 2, eco4, 3, 7250, 43.9, 6.6, 25.66, 30.72, 20.38, 5.06, 0.22, 0.73, 0.12, 
35, 2, eco5, 4, 6494, 41, 4.8, 23.19, 27.34, 17.87, 4.15, 0.2, 0.39, -2.78, 
35, 2, eco6, 5, 12796, 30.9, 2.5, 19.68, 27.06, 17.28, 7.38, 0.16, 0.37, 4.17, 
35, 2, eco7, 6, 7385, 33.6, 1.6, 18.11, 38.24, 28.33, 20.12, 0.17, 0.43, 4.92, 
35, 2, eco8, 7, 1197, 31.3, 0.6, 15.88, 35.79, 26.55, 19.91, 0.17, 0.39, 4.53, 
35, 2, eco9, 8, 47, 29.2, -0.2, 2.27, 0.98, 0.93, -1.29, 0.16, 0.27, 8.44, 
35, 3, eco1, 0, 925, 18.4, 12, 32.41, 33.89, 24.88, 1.49, 0.11, 0.12, 0.18, 
35, 3, eco2, 1, 8080, 21.3, 11.3, 33.92, 36.82, 26, 2.91, 0.13, 0.36, 4.47, 
35, 3, eco3, 2, 7090, 24.5, 10, 33.03, 39.72, 28.26, 6.69, 0.14, 0.59, 4.35, 
35, 3, eco4, 3, 7250, 26.7, 8.5, 30.64, 36.73, 25.37, 6.09, 0.15, 0.46, 4.27, 
35, 3, eco5, 4, 6494, 26.2, 6.5, 28.18, 32.29, 22.04, 4.1, 0.14, 0.24, 1.51, 
35, 3, eco6, 5, 12796, 17.2, 4, 24.36, 30.29, 19.86, 5.93, 0.11, 0.58, 3.57, 
35, 3, eco7, 6, 7385, 19.1, 2.9, 21.96, 29.59, 19.14, 7.63, 0.12, 0.68, 3.96, 
35, 3, eco8, 7, 1197, 15.8, 1.7, 18.8, 38.08, 28.46, 19.28, 0.1, 0.56, 3.87, 
35, 3, eco9, 8, 47, 12.9, 0.7, 15.96, 32.16, 24.74, 16.2, 0.09, 0.8, 8.64, 
35, 4, eco1, 0, 925, 5.6, 14.6, 36.33, 33.26, 26.52, -3.07, 0.06, 0.02, 0.87, 
35, 4, eco2, 1, 8080, 5.8, 14, 38.5, 51.26, 39.94, 12.76, 0.06, 0, 4, 
35, 4, eco3, 2, 7090, 6.6, 12.9, 39.24, 61.04, 48.05, 21.8, 0.07, 0, 4.28, 
35, 4, eco4, 3, 7250, 7.4, 11.4, 38.18, 57.72, 44.75, 19.54, 0.07, 0.01, 4.67, 
35, 4, eco5, 4, 6494, 7.5, 9.4, 36.31, 50.03, 38.38, 13.72, 0.07, 0.03, 2.95, 
35, 4, eco6, 5, 12796, 5, 6.5, 32.3, 42.66, 31.06, 10.36, 0.06, 0.34, 5.01, 
35, 4, eco7, 6, 7385, 6.1, 5.2, 29.16, 38.82, 27.35, 9.67, 0.06, 0.62, 4.79, 
35, 4, eco8, 7, 1197, 5.9, 3.9, 25.76, 35.59, 25.08, 9.83, 0.06, 0.56, 3.99, 
35, 4, eco9, 8, 47, 5.2, 3, 22.68, 30.43, 22.4, 7.75, 0.06, 0.81, 8.21, 
35, 5, eco1, 0, 925, 1.5, 17.8, 34.82, 6.5, 8.06, -28.33, 0.05, 0, 1.03, 
35, 5, eco2, 1, 8080, 1.7, 17.2, 41.08, 27.84, 24.37, -13.24, 0.05, 0, 2.96, 
35, 5, eco3, 2, 7090, 2.3, 16.1, 43.28, 40.78, 34.39, -2.5, 0.05, 0, 3.3, 
35, 5, eco4, 3, 7250, 2.9, 14.7, 44, 47.35, 38.71, 3.34, 0.05, 0, 3.62, 
35, 5, eco5, 4, 6494, 3.1, 12.8, 43.75, 36.39, 29.96, -7.35, 0.05, 0, 2.49, 
35, 5, eco6, 5, 12796, 3.1, 10, 43.06, 57.86, 44.44, 14.8, 0.05, 0.09, 3.32, 
35, 5, eco7, 6, 7385, 3.3, 8.7, 41, 57.19, 43.63, 16.19, 0.05, 0.18, 3.94, 
35, 5, eco8, 7, 1197, 4, 7.6, 38.27, 52.4, 40.1, 14.13, 0.06, 0.35, 5.03, 
35, 5, eco9, 8, 47, 4.7, 6.7, 35.19, 43.95, 34.73, 8.76, 0.06, 0.7, 8.89, 
35, 6, eco1, 0, 925, 0, 22.2, 26.06, 3.38, 4.99, -22.68, 0.04, 0, 0.65, 
35, 6, eco2, 1, 8080, 0, 21.8, 39.31, 9.41, 10.83, -29.89, 0.04, 0, 1.8, 
35, 6, eco3, 2, 7090, 0, 20.7, 43.89, 12.39, 13.59, -31.49, 0.04, 0, 2, 
35, 6, eco4, 3, 7250, 0, 19.5, 46.21, 14.98, 15.62, -31.23, 0.04, 0, 2.19, 
35, 6, eco5, 4, 6494, 0, 17.6, 47.8, 8.62, 10.96, -39.18, 0.04, 0, 1.51, 
35, 6, eco6, 5, 12796, 0, 14.6, 52.97, 15.32, 16.28, -37.66, 0.04, 0, 1.98, 
35, 6, eco7, 6, 7385, 0, 13.4, 52.78, 19.31, 19.18, -33.47, 0.04, 0, 2.31, 
35, 6, eco8, 7, 1197, 0, 12.4, 53.16, 26.84, 24.45, -26.32, 0.04, 0, 2.86, 
35, 6, eco9, 8, 47, 0, 11.6, 51.41, 49.28, 40.53, -2.14, 0.04, 0, 4.75, 
40, 7, eco1, 0, 925, 0, 26.9, 13.65, 3.77, 3.91, -9.88, 0.04, 0, 0.4, 
40, 7, eco2, 1, 8080, 0, 26.5, 25.2, 6.78, 7.34, -18.42, 0.04, 0, 1.11, 
40, 7, eco3, 2, 7090, 0, 26.8, 30.91, 8.28, 9.02, -22.63, 0.04, 0, 1.26, 
40, 7, eco4, 3, 7250, 0, 27.2, 31.31, 9.19, 9.6, -22.11, 0.04, 0, 1.36, 
40, 7, eco5, 4, 6494, 0, 25.6, 32.31, 7.02, 8.04, -25.29, 0.04, 0, 0.93, 
40, 7, eco6, 5, 12796, 0, 23.5, 31.74, 7.91, 8.57, -23.82, 0.04, 0, 0.95, 
40, 7, eco7, 6, 7385, 0.2, 19.7, 50.11, 10.93, 12.51, -39.18, 0.04, 0, 1.46, 
40, 7, eco8, 7, 1197, 0.2, 17.8, 24.06, 10.02, 9.31, -14.05, 0.04, 0, 0.77, 
40, 7, eco9, 8, 47, 0.7, 16.7, 51.92, 22.52, 20.63, -29.4, 0.04, 0, 3.08, 
40, 8, eco1, 0, 925, 0, 24.2, 12.9, 3.12, 3.4, -9.77, 0.04, 0, 0.25, 
40, 8, eco2, 1, 8080, 0, 23.8, 25.05, 5.03, 6.07, -20.02, 0.04, 0, 0.66, 
40, 8, eco3, 2, 7090, 0, 24.1, 31.11, 6.16, 7.53, -24.95, 0.04, 0, 0.76, 
40, 8, eco4, 3, 7250, 0, 24.7, 31.69, 6.86, 8, -24.83, 0.04, 0, 0.83, 
40, 8, eco5, 4, 6494, 0, 23.6, 28.44, 5.56, 6.64, -22.88, 0.04, 0, 0.56, 
40, 8, eco6, 5, 12796, 0, 21.6, 28.14, 5.99, 6.89, -22.15, 0.04, 0, 0.57, 
40, 8, eco7, 6, 7385, 0.1, 17.9, 44.77, 7.21, 9.42, -37.56, 0.04, 0, 0.91, 
40, 8, eco8, 7, 1197, 0.1, 16.2, 21.8, 6.05, 6.33, -15.76, 0.04, 0, 0.49, 
40, 8, eco9, 8, 47, 0.2, 15.1, 48.87, 11.46, 12.81, -37.4, 0.04, 0, 1.91, 
40, 9, eco1, 0, 925, 0, 21.7, 12.1, 2.66, 3, -9.44, 0.04, 0, 0.16, 
40, 9, eco2, 1, 8080, 0, 21.3, 24.02, 4.01, 5.24, -20.01, 0.04, 0, 0.39, 
40, 9, eco3, 2, 7090, 0, 21.7, 29.63, 4.94, 6.5, -24.69, 0.04, 0, 0.46, 
40, 9, eco4, 3, 7250, 0, 22.2, 31.32, 5.45, 6.97, -25.86, 0.04, 0, 0.51, 
40, 9, eco5, 4, 6494, 0, 20.9, 26.16, 4.49, 5.68, -21.67, 0.04, 0, 0.34, 
40, 9, eco6, 5, 12796, 0, 18.8, 25.48, 4.74, 5.77, -20.74, 0.04, 0, 0.34, 
40, 9, eco7, 6, 7385, 0, 15, 37.17, 5.19, 7.27, -31.97, 0.04, 0, 0.55, 
40, 9, eco8, 7, 1197, 0, 13.6, 18.53, 4.29, 4.79, -14.24, 0.04, 0, 0.29, 
40, 9, eco9, 8, 47, 0, 12.4, 42.86, 7.31, 9.36, -35.55, 0.04, 0, 1.16, 
40, 10, eco1, 0, 925, 1.4, 17.2, 37.77, 4.88, 7.1, -32.89, 0.05, 0, 0.6, 
40, 10, eco2, 1, 8080, 3.7, 17, 39.05, 25.36, 21.46, -13.7, 0.05, 0, 1.33, 
40, 10, eco3, 2, 7090, 1.3, 17, 41.06, 8.42, 10.09, -32.64, 0.05, 0, 0.69, 
40, 10, eco4, 3, 7250, 1.8, 17.3, 44.15, 11.83, 12.65, -32.32, 0.05, 0, 0.87, 
40, 10, eco5, 4, 6494, 2.9, 15.6, 44.58, 21.69, 19.01, -22.89, 0.05, 0, 1.12, 
40, 10, eco6, 5, 12796, 3.9, 13.2, 47.38, 41.44, 32.33, -5.93, 0.06, 0, 1.41, 
40, 10, eco7, 6, 7385, 3.8, 8.9, 38.48, 47.71, 35.45, 9.23, 0.06, 0, 1.62, 
40, 10, eco8, 7, 1197, 3.7, 7.2, 35.03, 40.48, 30.6, 5.46, 0.05, 0, 1.47, 
40, 10, eco9, 8, 47, 3.4, 5.6, 29.44, 40.89, 31.09, 11.45, 0.05, 0, 1.94, 
40, 11, eco1, 0, 925, 14.7, 12.6, 32.36, 37.67, 26.15, 5.31, 0.1, 0.11, 0.15, 
40, 11, eco2, 1, 8080, 20.6, 12.6, 34.37, 41.24, 27.59, 6.86, 0.12, 0.12, 3.7, 
40, 11, eco3, 2, 7090, 17.2, 12.5, 35.59, 54.68, 38.7, 19.08, 0.11, 0.23, 4.36, 
40, 11, eco4, 3, 7250, 22.7, 12, 36.88, 52.37, 35.42, 15.49, 0.13, 0.22, 4.18, 
40, 11, eco5, 4, 6494, 19.8, 11.5, 38.15, 54.23, 37.18, 16.08, 0.12, 0.21, 1.65, 
40, 11, eco6, 5, 12796, 21.1, 9.3, 38.02, 51.06, 33.93, 13.03, 0.12, 0.35, 2.49, 
40, 11, eco7, 6, 7385, 21.1, 5.7, 28.96, 47.34, 32.16, 18.38, 0.12, 0.16, 4.77, 
40, 11, eco8, 7, 1197, 21.5, 4.4, 25.77, 42.63, 29.29, 16.86, 0.13, 0.18, 4.34, 
40, 11, eco9, 8, 47, 18.4, 3, 21.46, 36.21, 26.41, 14.75, 0.11, 0.05, 4.88, 
40, 12, eco1, 0, 925, 5.6, 7.7, 24.11, 28.97, 20.6, 4.86, 0.06, 0.02, 1.96, 
40, 12, eco2, 1, 8080, 11.5, 7.6, 25.27, 28.59, 18.61, 3.32, 0.09, 0.08, 5.78, 
40, 12, eco3, 2, 7090, 6.4, 7.5, 25.4, 36.37, 24.68, 10.97, 0.07, 0.04, 5.5, 
40, 12, eco4, 3, 7250, 8.1, 6.8, 24.94, 36.78, 24.3, 11.84, 0.07, 0.03, 6.25, 
40, 12, eco5, 4, 6494, 8.7, 6.7, 26.75, 39.08, 26.31, 12.34, 0.07, 0.06, 4.11, 
40, 12, eco6, 5, 12796, 9.5, 5.2, 26.08, 38.71, 25.13, 12.63, 0.08, 0.15, 4.94, 
40, 12, eco7, 6, 7385, 6.8, 1.6, 16.94, 41.62, 29.27, 24.68, 0.07, 0.01, 5.1, 
40, 12, eco8, 7, 1197, 8.7, 0, 2.16, 1.18, 1.01, -0.98, 0.07, 0.12, 4.89, 
40, 12, eco9, 8, 47, 9.5, -1.2, 1.79, 0.96, 0.84, -0.83, 0.08, 0.05, 4.95, 
40, 1, eco1, 0, 925, 17.5, 9.7, 27.72, 26.47, 17.21, -1.26, 0.11, 0.1, -0.28, 
40, 1, eco2, 1, 8080, 24.2, 9.5, 29.14, 31.48, 20.56, 2.34, 0.14, 0.42, 3.22, 
40, 1, eco3, 2, 7090, 18.2, 9.7, 30.44, 37.39, 24.3, 6.95, 0.11, 0.49, 4.47, 
40, 1, eco4, 3, 7250, 19.7, 9.4, 31.19, 39.2, 25.02, 8.02, 0.12, 0.39, 4.51, 
40, 1, eco5, 4, 6494, 18.1, 8.8, 32.27, 40.04, 25.86, 7.78, 0.11, 0.22, 1.8, 
40, 1, eco6, 5, 12796, 17.4, 7.3, 32.26, 41.38, 26.4, 9.12, 0.11, 0.35, 3.09, 
40, 1, eco7, 6, 7385, 13.3, 3.7, 22.81, 36.53, 22.98, 13.72, 0.09, 0.21, 5, 
40, 1, eco8, 7, 1197, 14.7, 2.3, 19.52, 32.26, 20.1, 12.74, 0.1, 0.25, 4.39, 
40, 1, eco9, 8, 47, 12.7, 1, 15.86, 34.33, 25.26, 18.48, 0.09, 0.12, 6.76, 
40, 2, eco1, 0, 925, 3.3, 8.6, 25.91, 29.87, 22.56, 3.97, 0.05, 0, 1.26, 
40, 2, eco2, 1, 8080, 6, 8.7, 27.78, 38.21, 27.88, 10.44, 0.06, 0, 4.72, 
40, 2, eco3, 2, 7090, 3.9, 8, 26.84, 42.7, 31, 15.86, 0.06, 0, 4.46, 
40, 2, eco4, 3, 7250, 4.2, 7.3, 26.11, 42.15, 29.71, 16.04, 0.06, 0, 4.76, 
40, 2, eco5, 4, 6494, 4.3, 6.4, 25.99, 42.44, 30.18, 16.46, 0.06, 0, 3.16, 
40, 2, eco6, 5, 12796, 4.5, 3.9, 22.31, 39.93, 27.58, 17.62, 0.06, 0, 2.74, 
40, 2, eco7, 6, 7385, 4.8, 0.5, 13.96, 38.6, 27.05, 24.64, 0.06, 0.11, 5.65, 
40, 2, eco8, 7, 1197, 5.3, -0.9, 1.82, 1.12, 0.93, -0.7, 0.06, 0.14, 5.29, 
40, 2, eco9, 8, 47, 5, -2.5, 1.39, 0.89, 0.76, -0.5, 0.06, 0.04, 6.56, 
40, 3, eco1, 0, 925, 31.7, 9, 26.82, 25.07, 16.46, -1.75, 0.17, 0.16, -2.76, 
40, 3, eco2, 1, 8080, 40, 9.1, 28.72, 30.61, 20.14, 1.89, 0.2, 0.57, -0.1, 
40, 3, eco3, 2, 7090, 35.2, 8.2, 27.59, 33.34, 21.57, 5.75, 0.18, 0.84, 1.31, 
40, 3, eco4, 3, 7250, 39.1, 7.4, 26.48, 34.01, 21.6, 7.54, 0.2, 0.62, 0.78, 
40, 3, eco5, 4, 6494, 42, 6.4, 26.14, 32.73, 20.56, 6.59, 0.21, 0.41, -3.41, 
40, 3, eco6, 5, 12796, 48.9, 4.3, 23.33, 32.96, 20.3, 9.63, 0.24, 0.56, 2.97, 
40, 3, eco7, 6, 7385, 56.3, 1, 15.26, 39.8, 28, 24.54, 0.27, 0.74, 3.17, 
40, 3, eco8, 7, 1197, 49.3, -0.5, 1.97, 1.15, 0.97, -0.82, 0.24, 0.43, 3.63, 
40, 3, eco9, 8, 47, 45.2, -2, 1.56, 0.93, 0.79, -0.63, 0.22, 0.3, 8.56, 
40, 4, eco1, 0, 925, 10, 12.8, 33.35, 40.19, 30.42, 6.84, 0.08, 0.04, 0.92, 
40, 4, eco2, 1, 8080, 17.5, 12.8, 35.62, 50.52, 37.65, 14.9, 0.11, 0.15, 4.73, 
40, 4, eco3, 2, 7090, 11.4, 12, 35.93, 58.71, 44.31, 22.78, 0.09, 0.05, 4.88, 
40, 4, eco4, 3, 7250, 12.4, 11.9, 37.62, 61.64, 45.83, 24.01, 0.09, 0.03, 5.15, 
40, 4, eco5, 4, 6494, 13.2, 11, 38.04, 58.89, 43.46, 20.85, 0.09, 0.04, 3.07, 
40, 4, eco6, 5, 12796, 14.6, 9.1, 37.65, 45.96, 29.88, 8.31, 0.1, 0.74, 0.85, 
40, 4, eco7, 6, 7385, 11.7, 5.2, 27.34, 38.32, 24, 10.98, 0.09, 0.82, 1.78, 
40, 4, eco8, 7, 1197, 13, 4, 24.5, 35.78, 22.47, 11.27, 0.09, 0.79, 0.84, 
40, 4, eco9, 8, 47, 10.6, 2.9, 20.92, 29.23, 19.22, 8.31, 0.08, 1.18, 5.25, 
40, 5, eco1, 0, 925, 1.3, 16.4, 31.97, 6.89, 7.97, -25.07, 0.05, 0, 0.99, 
40, 5, eco2, 1, 8080, 0.9, 16.7, 36.58, 26.7, 22.9, -9.88, 0.04, 0, 3.1, 
40, 5, eco3, 2, 7090, 1.6, 15.8, 41.05, 40.59, 33.3, -0.46, 0.05, 0, 3.43, 
40, 5, eco4, 3, 7250, 1.9, 16.1, 43.69, 46.32, 37.19, 2.63, 0.05, 0, 3.7, 
40, 5, eco5, 4, 6494, 2.3, 15, 44.76, 33.39, 27.38, -11.37, 0.05, 0, 2.52, 
40, 5, eco6, 5, 12796, 3.3, 13.4, 47.96, 38.63, 31.21, -9.33, 0.05, 0, 2.62, 
40, 5, eco7, 6, 7385, 2.8, 9.4, 40.42, 64.05, 46.35, 23.63, 0.05, 0.22, 3.99, 
40, 5, eco8, 7, 1197, 3.5, 7.9, 37.25, 56.49, 40.53, 19.23, 0.05, 0.52, 4.28, 
40, 5, eco9, 8, 47, 3.4, 6.7, 33.42, 45.76, 33.96, 12.34, 0.05, 0.87, 7.8, 
40, 6, eco1, 0, 925, 0, 21.2, 25.13, 3.46, 4.91, -21.67, 0.04, 0, 0.63, 
40, 6, eco2, 1, 8080, 0, 21.5, 34.76, 11.8, 12.06, -22.96, 0.04, 0, 1.86, 
40, 6, eco3, 2, 7090, 0, 21, 41.28, 13.87, 14.19, -27.41, 0.04, 0, 2.08, 
40, 6, eco4, 3, 7250, 0, 21.3, 43.78, 16.06, 15.87, -27.72, 0.04, 0, 2.24, 
40, 6, eco5, 4, 6494, 0, 20, 45.86, 9.65, 11.29, -36.21, 0.04, 0, 1.53, 
40, 6, eco6, 5, 12796, 0, 18.7, 45.73, 13.12, 13.69, -32.61, 0.04, 0, 1.58, 
40, 6, eco7, 6, 7385, 0, 14.7, 50.92, 21.26, 19.79, -29.66, 0.04, 0, 2.32, 
40, 6, eco8, 7, 1197, 0, 13.3, 52.53, 49.17, 38.44, -3.36, 0.04, -0.01, 1.18, 
40, 6, eco9, 8, 47, 0.1, 12.2, 50.48, 64.61, 49.64, 14.13, 0.04, 0.03, 4.83, 
