SimulationYear,DayOfYear,AttemptedNumberIgnitions,ActualNumberIgnitions,FireWeatherIndex,IgnitionType,
1, 74, 1, 1, 1.48162264960228, Lightning, 
1, 132, 1, 1, 5.4304386606127, Lightning, 
1, 136, 1, 1, 8.22793318945773, Lightning, 
1, 191, 1, 1, 22.2795317450252, Accidental, 
1, 209, 1, 1, 35.4435746897546, Lightning, 
1, 212, 1, 1, 34.8368028598207, Lightning, 
1, 234, 1, 1, 30.6468484731746, Accidental, 
1, 250, 1, 1, 24.1421265582682, Accidental, 
1, 265, 1, 1, 31.4500323832807, Accidental, 
1, 268, 1, 1, 37.1449164682194, Accidental, 
1, 271, 1, 1, 35.2850091464155, Accidental, 
1, 272, 1, 1, 41.9461541885652, Lightning, 
1, 275, 1, 1, 43.9382543979366, Lightning, 
1, 306, 1, 1, 23.0542774179822, Accidental, 
1, 322, 1, 1, 24.0109559810537, Accidental, 
1, 338, 1, 1, 12.2288058197484, Lightning, 
1, 343, 1, 1, 17.8302223724229, Lightning, 
1, 354, 1, 1, 13.0198237009439, Lightning, 
2, 20, 1, 1, 3.91153343244532, Lightning, 
2, 34, 1, 1, 1.92822160299679, Lightning, 
2, 133, 1, 1, 15.1758780922806, Accidental, 
2, 138, 1, 1, 12.3625113303371, Accidental, 
2, 143, 1, 1, 11.5830999324229, Lightning, 
2, 167, 1, 1, 29.7390300969585, Lightning, 
2, 169, 1, 1, 32.3165808978513, Accidental, 
2, 193, 1, 1, 35.0295256058664, Lightning, 
2, 195, 1, 1, 37.3609333171615, Lightning, 
2, 202, 1, 1, 36.2955728832254, Lightning, 
2, 220, 1, 1, 42.439213913497, Accidental, 
2, 221, 1, 1, 42.1207088669197, Accidental, 
2, 222, 1, 1, 38.5699202749003, Lightning, 
2, 224, 1, 1, 31.7090959887305, Lightning, 
2, 232, 1, 1, 31.8188714478518, Accidental, 
2, 245, 1, 1, 36.0080704873666, Lightning, 
2, 247, 1, 1, 34.840519933278, Lightning, 
2, 248, 1, 1, 34.3195952650492, Lightning, 
2, 249, 1, 1, 36.346186874086, Accidental, 
2, 251, 1, 1, 34.5550652629125, Accidental, 
2, 269, 1, 1, 17.2080050838678, Accidental, 
2, 296, 1, 1, 27.4107206179573, Accidental, 
2, 316, 1, 1, 6.47757641940757, Lightning, 
2, 350, 1, 1, 2.96626897425627, Accidental, 
3, 50, 1, 1, 1.52628732853544, Lightning, 
3, 70, 1, 1, 1.24418226313136, Lightning, 
3, 81, 1, 1, 1.90202999630822, Accidental, 
3, 88, 1, 1, 0.962963809686497, Lightning, 
3, 101, 1, 1, 1.70632959307692, Accidental, 
3, 122, 1, 1, 10.1922506791279, Accidental, 
3, 127, 1, 1, 12.4789316151181, Lightning, 
3, 155, 1, 1, 15.4737414778681, Accidental, 
3, 168, 1, 1, 20.5522368724324, Accidental, 
3, 177, 1, 1, 18.797943199633, Lightning, 
3, 181, 1, 1, 15.7800429334845, Accidental, 
3, 197, 1, 1, 26.7036134008288, Lightning, 
3, 202, 1, 1, 29.1290930645802, Accidental, 
3, 222, 1, 1, 27.5972993382475, Accidental, 
3, 224, 1, 1, 26.6283222898496, Lightning, 
3, 251, 1, 1, 32.7810974654211, Lightning, 
3, 255, 1, 1, 27.9613238996963, Accidental, 
3, 256, 1, 1, 29.3655627327189, Lightning, 
3, 278, 1, 1, 19.1683634362155, Lightning, 
3, 295, 1, 1, 15.2986911576527, Accidental, 
3, 355, 1, 1, 0.972643424301866, Accidental, 
3, 358, 1, 1, 1.06741507387936, Lightning, 
4, 31, 1, 1, 0.597417910921589, Lightning, 
4, 48, 1, 1, 0.799254917105368, Accidental, 
4, 64, 1, 1, 0.761496165695484, Lightning, 
4, 93, 1, 1, 1.2689648183675, Lightning, 
4, 108, 1, 1, 4.35344264956379, Lightning, 
4, 153, 1, 1, 10.3070053699193, Accidental, 
4, 159, 1, 1, 18.4327928995673, Lightning, 
4, 167, 1, 1, 21.2134696731164, Accidental, 
4, 167, 1, 1, 21.2134696731164, Lightning, 
4, 170, 1, 1, 21.7633541003544, Lightning, 
4, 190, 1, 1, 23.516785617274, Lightning, 
4, 196, 1, 1, 26.9560850629817, Lightning, 
4, 204, 1, 1, 27.9067672513842, Lightning, 
4, 205, 1, 1, 30.1968748198165, Lightning, 
4, 218, 1, 1, 33.4692499548777, Lightning, 
4, 225, 1, 1, 28.3182800426063, Lightning, 
4, 233, 1, 1, 18.925669052132, Lightning, 
4, 251, 1, 1, 27.688365038324, Lightning, 
4, 256, 1, 1, 35.912760702161, Accidental, 
4, 258, 1, 1, 35.2819806694474, Accidental, 
4, 264, 1, 1, 24.66901081473, Lightning, 
4, 265, 1, 1, 18.1328039795041, Accidental, 
4, 283, 1, 1, 17.0152252472204, Accidental, 
4, 287, 1, 1, 18.9953439896572, Accidental, 
4, 300, 1, 1, 26.2750036559974, Accidental, 
5, 44, 1, 1, 4.39537040793682, Lightning, 
5, 82, 1, 1, 7.01795356958902, Accidental, 
5, 92, 1, 1, 5.19318086372092, Accidental, 
5, 98, 1, 1, 7.46963115520417, Lightning, 
5, 111, 1, 1, 10.1813875214574, Accidental, 
5, 120, 1, 1, 7.3699889595504, Accidental, 
5, 131, 1, 1, 13.0109923137834, Lightning, 
5, 133, 1, 1, 14.3585002238619, Lightning, 
5, 136, 1, 1, 12.8879970210359, Accidental, 
5, 142, 1, 1, 18.8061936421839, Lightning, 
5, 167, 1, 1, 20.8408376632786, Accidental, 
5, 183, 1, 1, 33.3911300690106, Accidental, 
5, 185, 1, 1, 32.9405149508109, Lightning, 
5, 190, 1, 1, 31.5795993334684, Accidental, 
5, 211, 1, 1, 30.4999728381679, Accidental, 
5, 213, 1, 1, 32.3989056264485, Accidental, 
5, 241, 1, 1, 24.5626510338175, Accidental, 
5, 242, 1, 1, 20.8754915919585, Lightning, 
5, 283, 1, 1, 21.4144184917313, Accidental, 
5, 300, 1, 1, 16.099234733738, Accidental, 
5, 319, 1, 1, 7.78393274213499, Accidental, 
5, 338, 1, 1, 4.68681132017233, Lightning, 
6, 22, 1, 1, 6.11936730901532, Lightning, 
6, 74, 1, 1, 5.96614015861554, Accidental, 
6, 79, 1, 1, 5.12794041786672, Accidental, 
6, 138, 1, 1, 16.9630970777011, Lightning, 
6, 163, 1, 1, 34.6170846794711, Lightning, 
6, 165, 1, 1, 35.3557543764745, Lightning, 
6, 171, 1, 1, 29.8260151474159, Lightning, 
6, 185, 1, 1, 35.3107282955889, Lightning, 
6, 188, 1, 1, 35.7074007383083, Accidental, 
6, 190, 1, 1, 35.723372735018, Lightning, 
6, 191, 1, 1, 35.7827703777236, Lightning, 
6, 200, 1, 1, 33.932305752137, Accidental, 
6, 201, 1, 1, 29.2805872661089, Lightning, 
6, 208, 1, 1, 34.5645142166689, Accidental, 
6, 236, 1, 1, 39.5770760905687, Accidental, 
6, 238, 1, 1, 40.1918645742462, Accidental, 
6, 239, 1, 1, 41.3069982181286, Lightning, 
6, 240, 1, 1, 39.2399344588981, Accidental, 
6, 243, 1, 1, 30.3173021174556, Lightning, 
6, 246, 1, 1, 23.1631458137843, Lightning, 
6, 263, 1, 1, 26.0077884765986, Lightning, 
6, 267, 1, 1, 29.6719392612333, Lightning, 
6, 287, 1, 1, 42.0249711578423, Accidental, 
6, 288, 1, 1, 38.4047058334518, Accidental, 
6, 310, 1, 1, 27.3927376310842, Accidental, 
6, 319, 1, 1, 10.2287099753962, Accidental, 
6, 331, 1, 1, 5.5889265506924, Lightning, 
6, 359, 1, 1, 15.8538110599975, Lightning, 
7, 60, 1, 1, 4.48326226811347, Accidental, 
7, 69, 1, 1, 1.37438673426953, Lightning, 
7, 95, 1, 1, 4.5685392176212, Lightning, 
7, 97, 1, 1, 4.53516441524666, Accidental, 
7, 102, 1, 1, 6.40153370996104, Lightning, 
7, 111, 1, 1, 10.480317872433, Accidental, 
7, 154, 1, 1, 20.4100228838367, Lightning, 
7, 174, 1, 1, 31.2811935794306, Lightning, 
7, 182, 1, 1, 29.4735086473308, Lightning, 
7, 194, 1, 1, 29.1044353952905, Accidental, 
7, 196, 1, 1, 35.2280170284507, Accidental, 
7, 209, 1, 1, 28.1471565921265, Accidental, 
7, 218, 1, 1, 36.8013353973086, Lightning, 
7, 222, 1, 1, 38.0647204257377, Accidental, 
7, 227, 1, 1, 32.09737769071, Accidental, 
7, 233, 1, 1, 35.5346047135286, Accidental, 
7, 237, 1, 1, 36.244099455025, Accidental, 
7, 241, 1, 1, 32.0338361019822, Accidental, 
7, 246, 1, 1, 32.8458869205055, Lightning, 
7, 248, 1, 1, 35.0889690107548, Lightning, 
7, 251, 1, 1, 33.5448879460522, Lightning, 
7, 266, 1, 1, 19.1239957978459, Lightning, 
7, 291, 1, 1, 18.0329631073171, Accidental, 
7, 291, 1, 1, 18.0329631073171, Lightning, 
7, 295, 1, 1, 21.3953834456416, Accidental, 
7, 319, 1, 1, 19.3978708864734, Lightning, 
7, 323, 1, 1, 15.9951400794565, Lightning, 
7, 325, 1, 1, 15.8908743166372, Lightning, 
7, 331, 1, 1, 28.3854405766989, Accidental, 
7, 334, 1, 1, 26.9383115136554, Accidental, 
7, 335, 1, 1, 25.2089998422407, Accidental, 
7, 339, 1, 1, 16.0542964900818, Lightning, 
7, 353, 1, 1, 12.6558313990906, Accidental, 
7, 360, 1, 1, 0, Accidental, 
8, 22, 1, 1, 4.1215140623356, Accidental, 
8, 59, 1, 1, 3.43252021832836, Lightning, 
8, 75, 1, 1, 2.14101155501382, Accidental, 
8, 121, 1, 1, 11.4977553144822, Accidental, 
8, 124, 1, 1, 19.0862742403935, Accidental, 
8, 130, 1, 1, 19.8324105206059, Accidental, 
8, 153, 1, 1, 32.6779847079709, Lightning, 
8, 165, 1, 1, 23.9996833145855, Lightning, 
8, 175, 1, 1, 31.9842493325167, Lightning, 
8, 180, 1, 1, 30.2588620009066, Lightning, 
8, 181, 1, 1, 28.4058695632703, Accidental, 
8, 185, 1, 1, 27.9350064898282, Accidental, 
8, 188, 1, 1, 27.2996146805156, Accidental, 
8, 216, 1, 1, 39.5319649438347, Lightning, 
8, 217, 1, 1, 39.1492334613479, Accidental, 
8, 220, 1, 1, 39.5560002846261, Accidental, 
8, 232, 1, 1, 31.0030822742523, Accidental, 
8, 241, 1, 1, 41.794177756772, Accidental, 
8, 247, 1, 1, 35.1646977480096, Accidental, 
8, 249, 1, 1, 28.5422310403046, Accidental, 
8, 262, 1, 1, 39.8997836705176, Accidental, 
8, 291, 1, 1, 36.0057745817556, Lightning, 
8, 296, 1, 1, 16.4190668228753, Lightning, 
8, 304, 1, 1, 14.7500200669389, Lightning, 
8, 316, 1, 1, 17.4653274122695, Accidental, 
8, 354, 1, 1, 7.2475799293568, Accidental, 
8, 363, 1, 1, 0, Lightning, 
9, 67, 1, 1, 8.38638283161962, Accidental, 
9, 80, 1, 1, 11.7116560794055, Lightning, 
9, 82, 1, 1, 11.5420461684872, Lightning, 
9, 101, 1, 1, 19.5469104973278, Accidental, 
9, 137, 1, 1, 11.9190904298082, Accidental, 
9, 145, 1, 1, 22.8568491940357, Lightning, 
9, 146, 1, 1, 21.2779113484127, Accidental, 
9, 165, 1, 1, 24.5040600573852, Lightning, 
9, 178, 1, 1, 25.6530989631287, Accidental, 
9, 199, 1, 1, 41.972140923278, Lightning, 
9, 211, 1, 1, 34.0585530913966, Lightning, 
9, 227, 1, 1, 27.0411139775812, Lightning, 
9, 231, 1, 1, 38.8033142897823, Lightning, 
9, 234, 1, 1, 35.1145432453706, Accidental, 
9, 241, 1, 1, 40.0482662160778, Lightning, 
9, 244, 1, 1, 40.6036635388848, Accidental, 
9, 245, 1, 1, 42.1701051693506, Accidental, 
9, 247, 1, 1, 44.8534476235477, Lightning, 
9, 260, 1, 1, 43.2115484324459, Accidental, 
9, 260, 1, 1, 43.2115484324459, Lightning, 
9, 273, 1, 1, 41.8343025681541, Accidental, 
9, 275, 1, 1, 34.2309817990164, Lightning, 
9, 294, 1, 1, 37.0277652203966, Accidental, 
9, 296, 1, 1, 34.1458299507599, Accidental, 
9, 303, 1, 1, 28.1332595535805, Accidental, 
9, 310, 1, 1, 20.6524818145994, Accidental, 
9, 358, 1, 1, 4.74616493710521, Accidental, 
10, 43, 1, 1, 2.95885851282433, Accidental, 
10, 98, 1, 1, 13.4935094013546, Lightning, 
10, 117, 1, 1, 9.39459203853894, Accidental, 
10, 144, 1, 1, 12.8138586429207, Lightning, 
10, 145, 1, 1, 16.1150716722142, Lightning, 
10, 171, 1, 1, 32.6692108899118, Accidental, 
10, 206, 1, 1, 36.1891579641829, Lightning, 
10, 207, 1, 1, 36.8522525639876, Accidental, 
10, 209, 1, 1, 39.8521059984158, Lightning, 
10, 222, 1, 1, 29.4277607190709, Accidental, 
10, 226, 1, 1, 36.3892401581953, Accidental, 
10, 246, 1, 1, 33.0516151555979, Accidental, 
10, 259, 1, 1, 16.0149441674966, Lightning, 
10, 268, 1, 1, 25.5116038556314, Accidental, 
10, 268, 1, 1, 25.5116038556314, Lightning, 
10, 293, 1, 1, 20.8246677456521, Lightning, 
10, 305, 1, 1, 16.7259038635161, Accidental, 
10, 308, 1, 1, 15.7411813473665, Lightning, 
10, 314, 1, 1, 19.5043361494331, Accidental, 
10, 323, 1, 1, 21.0313487025625, Lightning, 
10, 328, 1, 1, 7.47059080066142, Accidental, 
10, 338, 1, 1, 10.7059050425989, Accidental, 
10, 349, 1, 1, 15.4323147491247, Lightning, 
10, 355, 1, 1, 14.6711633367147, Accidental, 
11, 42, 1, 1, 4.37990643099472, Accidental, 
11, 73, 1, 1, 3.06384466450725, Accidental, 
11, 109, 1, 1, 8.06422351481341, Lightning, 
11, 135, 1, 1, 18.8202520092464, Accidental, 
11, 140, 1, 1, 13.7339716273273, Lightning, 
11, 159, 1, 1, 21.7859889527311, Lightning, 
11, 171, 1, 1, 31.1021841845996, Accidental, 
11, 173, 1, 1, 28.6510275269273, Lightning, 
11, 174, 1, 1, 30.0200976127232, Lightning, 
11, 178, 1, 1, 27.1863636100045, Lightning, 
11, 180, 1, 1, 30.3589739151169, Accidental, 
11, 181, 1, 1, 31.9389050175495, Accidental, 
11, 203, 1, 1, 34.8011975714007, Accidental, 
11, 220, 1, 1, 38.0652475932984, Lightning, 
11, 229, 1, 1, 23.5488127542041, Accidental, 
11, 233, 1, 1, 24.3973606531708, Accidental, 
11, 252, 1, 1, 38.9835302467404, Lightning, 
11, 266, 1, 1, 20.7261485397415, Accidental, 
11, 267, 1, 1, 19.052252328832, Accidental, 
11, 282, 1, 1, 38.0470272011956, Lightning, 
11, 293, 1, 1, 29.8896800335012, Accidental, 
11, 297, 1, 1, 35.3906497624985, Lightning, 
11, 300, 1, 1, 34.8555210409243, Accidental, 
11, 308, 1, 1, 25.7314557880567, Lightning, 
11, 309, 1, 1, 31.4186675193983, Accidental, 
11, 314, 1, 1, 38.8431579845685, Accidental, 
11, 325, 1, 1, 17.0619498763183, Lightning, 
11, 340, 1, 1, 29.8291572369825, Lightning, 
11, 348, 1, 1, 15.0927443106754, Accidental, 
11, 359, 1, 1, 19.6522435777318, Lightning, 
12, 66, 1, 1, 2.3741352666738, Accidental, 
12, 93, 1, 1, 3.83879485868146, Accidental, 
12, 114, 1, 1, 5.33283975715073, Lightning, 
12, 155, 1, 1, 22.5203614652222, Accidental, 
12, 156, 1, 1, 21.9918922051295, Lightning, 
12, 160, 1, 1, 26.3912950482874, Lightning, 
12, 176, 1, 1, 23.6234286261343, Lightning, 
12, 194, 1, 1, 32.3057508512237, Lightning, 
12, 208, 1, 1, 32.3097302797771, Accidental, 
12, 218, 1, 1, 24.7141772420314, Accidental, 
12, 238, 1, 1, 34.7648586047081, Lightning, 
12, 239, 1, 1, 26.7244281458594, Lightning, 
12, 249, 1, 1, 30.7190193584905, Accidental, 
12, 251, 1, 1, 32.0664039864903, Accidental, 
12, 254, 1, 1, 27.7538772084206, Lightning, 
12, 255, 1, 1, 31.4785535359364, Accidental, 
12, 256, 1, 1, 28.1020231548212, Accidental, 
12, 262, 1, 1, 39.7276563461238, Lightning, 
12, 267, 1, 1, 44.3691268098575, Lightning, 
12, 269, 1, 1, 35.7280117776029, Lightning, 
12, 289, 1, 1, 39.5646610759146, Lightning, 
12, 295, 1, 1, 20.6496489252056, Lightning, 
12, 314, 1, 1, 18.8434370770151, Lightning, 
13, 3, 1, 1, 0, Lightning, 
13, 41, 1, 1, 4.49283191691802, Accidental, 
13, 110, 1, 1, 12.7301956424847, Accidental, 
13, 116, 1, 1, 16.5363764972348, Lightning, 
13, 143, 1, 1, 28.9758726435499, Accidental, 
13, 184, 1, 1, 25.2542521958276, Accidental, 
13, 195, 1, 1, 20.5567079589674, Accidental, 
13, 195, 1, 1, 20.5567079589674, Lightning, 
13, 219, 1, 1, 32.9946012046321, Lightning, 
13, 224, 1, 1, 37.2995473687455, Lightning, 
13, 232, 1, 1, 45.6555912289323, Lightning, 
13, 238, 1, 1, 42.710325203603, Accidental, 
13, 239, 1, 1, 43.9113952547851, Accidental, 
13, 239, 1, 1, 43.9113952547851, Lightning, 
13, 256, 1, 1, 39.768060531299, Accidental, 
13, 263, 1, 1, 38.9829804177969, Accidental, 
13, 263, 1, 1, 38.9829804177969, Lightning, 
13, 264, 1, 1, 41.4032174333441, Lightning, 
13, 267, 1, 1, 39.9427582385544, Accidental, 
13, 269, 1, 1, 41.1559105348408, Accidental, 
13, 285, 1, 1, 38.4663951206149, Accidental, 
13, 327, 1, 1, 15.1106608682406, Accidental, 
13, 342, 1, 1, 6.92734137186826, Accidental, 
13, 358, 1, 1, 7.99833549901289, Accidental, 
14, 2, 1, 1, 0, Lightning, 
14, 26, 1, 1, 4.55233143647765, Lightning, 
14, 79, 1, 1, 3.9481630224083, Accidental, 
14, 94, 1, 1, 2.56094876247459, Lightning, 
14, 104, 1, 1, 6.25512953232932, Lightning, 
14, 108, 1, 1, 5.37856147589716, Lightning, 
14, 134, 1, 1, 11.5175976568107, Accidental, 
14, 136, 1, 1, 15.4501195449339, Lightning, 
14, 146, 1, 1, 11.3983203294337, Lightning, 
14, 153, 1, 1, 11.8152351108645, Lightning, 
14, 170, 1, 1, 25.7378209511935, Accidental, 
14, 179, 1, 1, 26.4040908900585, Accidental, 
14, 189, 1, 1, 28.8766803687361, Accidental, 
14, 200, 1, 1, 27.4728055460031, Accidental, 
14, 214, 1, 1, 34.9057885202217, Accidental, 
14, 221, 1, 1, 30.8101568257412, Accidental, 
14, 222, 1, 1, 25.4678708193947, Accidental, 
14, 223, 1, 1, 23.1261412578405, Accidental, 
14, 226, 1, 1, 26.040921554129, Accidental, 
14, 228, 1, 1, 21.475656769336, Lightning, 
14, 239, 1, 1, 33.9448703855099, Lightning, 
14, 244, 1, 1, 30.7382743689036, Accidental, 
14, 256, 1, 1, 40.1009005468936, Accidental, 
14, 257, 1, 1, 29.7839579450871, Accidental, 
14, 262, 1, 1, 24.7180926848046, Lightning, 
14, 263, 1, 1, 28.3133500633709, Lightning, 
14, 265, 1, 1, 32.4465601477039, Accidental, 
14, 297, 1, 1, 34.0904139072098, Accidental, 
14, 299, 1, 1, 46.3150224504051, Accidental, 
14, 299, 1, 1, 46.3150224504051, Lightning, 
14, 305, 1, 1, 36.1217617947535, Accidental, 
14, 330, 1, 1, 28.03966570524, Accidental, 
14, 346, 1, 1, 10.444349173834, Lightning, 
14, 355, 1, 1, 16.1393965030397, Lightning, 
15, 5, 1, 1, 0, Lightning, 
15, 8, 1, 1, 0, Accidental, 
15, 62, 1, 1, 4.81175650575228, Accidental, 
15, 71, 1, 1, 9.79325617529999, Lightning, 
15, 76, 1, 1, 10.226259252076, Accidental, 
15, 92, 1, 1, 7.61911865288333, Lightning, 
15, 107, 1, 1, 14.2841991589692, Accidental, 
15, 116, 1, 1, 7.40860177004438, Accidental, 
15, 139, 1, 1, 10.1894980815408, Lightning, 
15, 146, 1, 1, 16.6825170936767, Lightning, 
15, 176, 1, 1, 31.1701651323159, Lightning, 
15, 182, 1, 1, 33.2309106964047, Lightning, 
15, 196, 1, 1, 35.7994834114814, Lightning, 
15, 197, 1, 1, 36.6644871963233, Lightning, 
15, 219, 1, 1, 37.039481755611, Accidental, 
15, 255, 1, 1, 22.5804680155351, Lightning, 
15, 260, 1, 1, 36.4871423634659, Accidental, 
15, 263, 1, 1, 43.3441399855209, Accidental, 
15, 272, 1, 1, 21.4868522643927, Accidental, 
15, 281, 1, 1, 31.0575981377508, Accidental, 
15, 299, 1, 1, 21.5825861820397, Lightning, 
15, 303, 1, 1, 28.1312409278371, Accidental, 
15, 311, 1, 1, 12.2697341323158, Accidental, 
15, 341, 1, 1, 4.15783893839049, Accidental, 
15, 345, 1, 1, 4.92770836497646, Lightning, 
15, 354, 1, 1, 6.78237451639352, Lightning, 
15, 356, 1, 1, 9.08855024338585, Accidental, 
16, 30, 1, 1, 0.540840017401032, Accidental, 
16, 33, 1, 1, 3.05233680964241, Accidental, 
16, 65, 1, 1, 4.02332065796554, Lightning, 
16, 86, 1, 1, 1.46304378501197, Accidental, 
16, 118, 1, 1, 5.99442509310033, Accidental, 
16, 120, 1, 1, 3.12561903061775, Lightning, 
16, 130, 1, 1, 4.38117143952661, Accidental, 
16, 155, 1, 1, 11.3809129734663, Accidental, 
16, 161, 1, 1, 13.9676700931542, Lightning, 
16, 173, 1, 1, 18.4340039590341, Accidental, 
16, 191, 1, 1, 19.4007031491679, Lightning, 
16, 193, 1, 1, 19.3341253098114, Accidental, 
16, 203, 1, 1, 24.0056959048605, Accidental, 
16, 205, 1, 1, 27.2684056290572, Lightning, 
16, 215, 1, 1, 31.0942097804616, Lightning, 
16, 237, 1, 1, 29.5379552436556, Accidental, 
16, 242, 1, 1, 30.1721219437377, Lightning, 
16, 256, 1, 1, 27.8379811864973, Accidental, 
16, 257, 1, 1, 28.6285124922707, Accidental, 
16, 286, 1, 1, 34.7964912951558, Lightning, 
16, 311, 1, 1, 24.2298432520011, Accidental, 
16, 335, 1, 1, 13.5853810768126, Accidental, 
17, 22, 1, 1, 0.601116759645465, Lightning, 
17, 49, 1, 1, 2.94655157233389, Lightning, 
17, 53, 1, 1, 0.71897242599342, Accidental, 
17, 89, 1, 1, 5.54920510673468, Accidental, 
17, 105, 1, 1, 8.71335176349524, Lightning, 
17, 107, 1, 1, 4.13510557817151, Accidental, 
17, 119, 1, 1, 14.5963752127301, Lightning, 
17, 122, 1, 1, 15.5338392923619, Accidental, 
17, 131, 1, 1, 19.1495017892318, Accidental, 
17, 133, 1, 1, 16.9195604449042, Accidental, 
17, 146, 1, 1, 9.63029097006589, Lightning, 
17, 151, 1, 1, 12.0056548322218, Accidental, 
17, 201, 1, 1, 32.0578739536797, Lightning, 
17, 211, 1, 1, 31.556270093426, Accidental, 
17, 215, 1, 1, 29.663169032326, Accidental, 
17, 216, 1, 1, 36.6159812528029, Lightning, 
17, 230, 1, 1, 37.8680963679896, Accidental, 
17, 253, 1, 1, 35.4484336978481, Accidental, 
17, 255, 1, 1, 20.8905668102272, Lightning, 
17, 268, 1, 1, 34.2316004389911, Accidental, 
17, 276, 1, 1, 27.3653631423843, Lightning, 
17, 277, 1, 1, 28.0852005926881, Lightning, 
17, 284, 1, 1, 31.8395348865126, Lightning, 
17, 295, 1, 1, 21.1346246498786, Accidental, 
17, 295, 1, 1, 21.1346246498786, Lightning, 
17, 314, 1, 1, 29.3199188440191, Accidental, 
17, 323, 1, 1, 6.7526653877098, Accidental, 
17, 335, 1, 1, 6.97170249731062, Lightning, 
17, 347, 1, 1, 2.03689460447494, Accidental, 
17, 349, 1, 1, 3.87446712027963, Accidental, 
18, 33, 1, 1, 1.38987471087614, Accidental, 
18, 53, 1, 1, 7.48765881611107, Accidental, 
18, 58, 1, 1, 4.76347476417663, Lightning, 
18, 76, 1, 1, 6.22904579517929, Lightning, 
18, 84, 1, 1, 11.4915415959602, Lightning, 
18, 101, 1, 1, 11.1958889500366, Accidental, 
18, 131, 1, 1, 23.4251905926584, Accidental, 
18, 136, 1, 1, 23.3518863353537, Accidental, 
18, 136, 1, 1, 23.3518863353537, Lightning, 
18, 159, 1, 1, 17.2991992314493, Lightning, 
18, 163, 1, 1, 21.2018932347207, Accidental, 
18, 173, 1, 1, 26.0828774059195, Lightning, 
18, 182, 1, 1, 21.257127104166, Lightning, 
18, 199, 1, 1, 28.356118766612, Lightning, 
18, 203, 1, 1, 30.4021791342296, Lightning, 
18, 207, 1, 1, 29.3500067449069, Accidental, 
18, 211, 1, 1, 30.9644605804508, Accidental, 
18, 214, 1, 1, 33.4550743908332, Lightning, 
18, 216, 1, 1, 33.7928384898964, Lightning, 
18, 218, 1, 1, 42.0092906296949, Lightning, 
18, 229, 1, 1, 29.6186054362353, Accidental, 
18, 229, 1, 1, 29.6186054362353, Lightning, 
18, 243, 1, 1, 26.2145484953207, Lightning, 
18, 246, 1, 1, 25.5275318071572, Lightning, 
18, 253, 1, 1, 20.8481800601116, Accidental, 
18, 256, 1, 1, 23.7101577819813, Accidental, 
18, 262, 1, 1, 30.0796048696847, Accidental, 
18, 264, 1, 1, 32.5875229605777, Lightning, 
18, 304, 1, 1, 22.596423395554, Accidental, 
18, 346, 1, 1, 15.082462435499, Lightning, 
18, 353, 1, 1, 11.8915529946346, Lightning, 
18, 359, 1, 1, 12.8525880040003, Lightning, 
19, 105, 1, 1, 2.04871153815681, Accidental, 
19, 135, 1, 1, 7.07066866867227, Accidental, 
19, 147, 1, 1, 6.77750109203194, Accidental, 
19, 178, 1, 1, 17.8145755868892, Accidental, 
19, 190, 1, 1, 21.8573265048113, Accidental, 
19, 213, 1, 1, 27.4348494485212, Lightning, 
19, 224, 1, 1, 33.9332481598672, Lightning, 
19, 230, 1, 1, 23.6737668651899, Lightning, 
19, 233, 1, 1, 27.6570717747943, Accidental, 
19, 263, 1, 1, 22.4309076608523, Lightning, 
19, 284, 1, 1, 25.0558267624771, Lightning, 
19, 286, 1, 1, 18.9017862573278, Accidental, 
19, 291, 1, 1, 36.8568605915338, Accidental, 
19, 293, 1, 1, 35.0334719927989, Lightning, 
19, 356, 1, 1, 8.3092662203043, Accidental, 
20, 20, 1, 1, 0.586150201498308, Accidental, 
20, 42, 1, 1, 0.740087682912233, Accidental, 
20, 42, 1, 1, 0.740087682912233, Lightning, 
20, 61, 1, 1, 0.674630728376954, Lightning, 
20, 63, 1, 1, 0.615327155014461, Lightning, 
20, 83, 1, 1, 1.9311712335476, Lightning, 
20, 139, 1, 1, 13.7623025032222, Lightning, 
20, 174, 1, 1, 29.9851597657889, Accidental, 
20, 179, 1, 1, 27.9164977085915, Lightning, 
20, 182, 1, 1, 35.6339530210082, Accidental, 
20, 193, 1, 1, 38.5150886314965, Lightning, 
20, 197, 1, 1, 30.2448859117752, Lightning, 
20, 212, 1, 1, 28.8182835077774, Accidental, 
20, 231, 1, 1, 31.8881410823581, Lightning, 
20, 248, 1, 1, 33.6784728414047, Lightning, 
20, 265, 1, 1, 26.2062041734914, Lightning, 
20, 268, 1, 1, 40.0693676528397, Accidental, 
20, 288, 1, 1, 66.632375194599, Accidental, 
20, 288, 1, 1, 66.632375194599, Lightning, 
20, 291, 1, 1, 46.8661237695245, Lightning, 
20, 311, 1, 1, 20.1452441909711, Accidental, 
21, 88, 1, 1, 9.21072818711739, Lightning, 
21, 101, 1, 1, 12.1900408752666, Accidental, 
21, 109, 1, 1, 5.78499997770768, Accidental, 
21, 112, 1, 1, 7.60981241366745, Accidental, 
21, 122, 1, 1, 16.3744008213818, Accidental, 
21, 124, 1, 1, 14.5567537421257, Lightning, 
21, 127, 1, 1, 9.62147559114901, Lightning, 
21, 136, 1, 1, 8.7351722989423, Accidental, 
21, 154, 1, 1, 26.6477362442026, Lightning, 
21, 174, 1, 1, 31.5198014136424, Accidental, 
21, 177, 1, 1, 29.133381955045, Accidental, 
21, 195, 1, 1, 31.0752937796437, Lightning, 
21, 196, 1, 1, 31.5206662673773, Accidental, 
21, 199, 1, 1, 33.7481656896694, Lightning, 
21, 200, 1, 1, 35.4151549365158, Accidental, 
21, 203, 1, 1, 35.671890302438, Accidental, 
21, 206, 1, 1, 42.2129602065338, Accidental, 
21, 207, 1, 1, 34.2723041410125, Lightning, 
21, 208, 1, 1, 35.9042012272588, Lightning, 
21, 209, 1, 1, 38.1018366719558, Accidental, 
21, 217, 1, 1, 30.5679451491449, Accidental, 
21, 234, 1, 1, 38.3563361846732, Accidental, 
21, 238, 1, 1, 32.656274582498, Lightning, 
21, 240, 1, 1, 32.3902114102553, Lightning, 
21, 241, 1, 1, 30.8643331508412, Accidental, 
21, 241, 1, 1, 30.8643331508412, Lightning, 
21, 249, 1, 1, 31.0611676580478, Accidental, 
21, 279, 1, 1, 33.6961165323286, Accidental, 
21, 279, 1, 1, 33.6961165323286, Lightning, 
21, 310, 1, 1, 22.1704773849493, Accidental, 
21, 322, 1, 1, 20.9988793352415, Lightning, 
21, 344, 1, 1, 13.0801095055061, Lightning, 
22, 3, 1, 1, 0, Lightning, 
22, 53, 1, 1, 0.513873119584415, Lightning, 
22, 54, 1, 1, 0.798496712003206, Accidental, 
22, 118, 1, 1, 11.0368414736102, Lightning, 
22, 130, 1, 1, 26.6394575157336, Lightning, 
22, 131, 1, 1, 26.9091951397112, Accidental, 
22, 135, 1, 1, 15.4399087527312, Lightning, 
22, 151, 1, 1, 43.9900443341708, Accidental, 
22, 169, 1, 1, 36.0405130427895, Accidental, 
22, 184, 1, 1, 40.1081238865942, Lightning, 
22, 200, 1, 1, 33.1517761150434, Accidental, 
22, 201, 1, 1, 29.3346303684105, Lightning, 
22, 205, 1, 1, 36.897063014491, Accidental, 
22, 214, 1, 1, 35.7498904948454, Lightning, 
22, 224, 1, 1, 41.242563194789, Lightning, 
22, 227, 1, 1, 41.827821517654, Accidental, 
22, 228, 1, 1, 44.2805326747303, Lightning, 
22, 236, 1, 1, 35.407598198779, Lightning, 
22, 250, 1, 1, 41.9919108176535, Accidental, 
22, 252, 1, 1, 36.6366327328931, Accidental, 
22, 257, 1, 1, 31.0459353927313, Accidental, 
22, 285, 1, 1, 41.8472362569781, Accidental, 
22, 285, 1, 1, 41.8472362569781, Lightning, 
22, 289, 1, 1, 27.3672270904856, Accidental, 
22, 291, 1, 1, 34.068201529719, Lightning, 
22, 294, 1, 1, 31.5934876029621, Accidental, 
22, 298, 1, 1, 34.8551217422084, Accidental, 
22, 328, 1, 1, 6.29252236518468, Lightning, 
22, 349, 1, 1, 2.35202163902706, Accidental, 
22, 351, 1, 1, 1.36309475664902, Accidental, 
23, 58, 1, 1, 10.0953410752653, Lightning, 
23, 61, 1, 1, 8.25312783026676, Accidental, 
23, 88, 1, 1, 8.93901453259804, Lightning, 
23, 93, 1, 1, 10.0937089878779, Accidental, 
23, 107, 1, 1, 6.147985911204, Accidental, 
23, 114, 1, 1, 13.1387131587005, Lightning, 
23, 125, 1, 1, 16.5108971302316, Accidental, 
23, 163, 1, 1, 31.5012119666252, Accidental, 
23, 167, 1, 1, 31.3041693258298, Lightning, 
23, 182, 1, 1, 36.5553103069954, Lightning, 
23, 189, 1, 1, 38.5863950657986, Accidental, 
23, 197, 1, 1, 35.1747473280638, Accidental, 
23, 201, 1, 1, 36.3077325725277, Lightning, 
23, 206, 1, 1, 36.493417547933, Accidental, 
23, 208, 1, 1, 37.0319138949952, Accidental, 
23, 212, 1, 1, 34.1755394317357, Accidental, 
23, 213, 1, 1, 31.2764396048229, Accidental, 
23, 225, 1, 1, 43.0563297608835, Accidental, 
23, 227, 1, 1, 40.8864467888314, Lightning, 
23, 237, 1, 1, 36.0045504360763, Lightning, 
23, 239, 1, 1, 39.9830197736204, Accidental, 
23, 240, 1, 1, 37.838788583219, Accidental, 
23, 243, 1, 1, 34.3113910376017, Lightning, 
23, 252, 1, 1, 40.7548268219529, Lightning, 
23, 262, 1, 1, 37.3675149326397, Accidental, 
23, 263, 1, 1, 39.0894530414502, Lightning, 
23, 281, 1, 1, 43.9276199901632, Accidental, 
23, 307, 1, 1, 42.3252832733568, Lightning, 
23, 331, 1, 1, 27.3732191467741, Lightning, 
23, 361, 1, 1, 0, Accidental, 
24, 25, 1, 1, 3.067006937208, Accidental, 
24, 29, 1, 1, 5.02254720935143, Accidental, 
24, 42, 1, 1, 7.32743956498123, Lightning, 
24, 44, 1, 1, 3.58830479963449, Accidental, 
24, 82, 1, 1, 3.98601820945054, Lightning, 
24, 86, 1, 1, 8.8415081212801, Lightning, 
24, 89, 1, 1, 11.7202997470654, Lightning, 
24, 114, 1, 1, 3.88650902159608, Accidental, 
24, 128, 1, 1, 3.06173476548308, Lightning, 
24, 135, 1, 1, 9.80097425233908, Lightning, 
24, 136, 1, 1, 13.3160611040555, Lightning, 
24, 144, 1, 1, 17.687187236296, Accidental, 
24, 153, 1, 1, 24.1751856417709, Lightning, 
24, 166, 1, 1, 25.9583052113902, Accidental, 
24, 175, 1, 1, 27.512165552971, Lightning, 
24, 190, 1, 1, 34.1875833098197, Accidental, 
24, 191, 1, 1, 35.3244804511929, Accidental, 
24, 195, 1, 1, 40.4701002707154, Accidental, 
24, 199, 1, 1, 39.9486127412073, Lightning, 
24, 207, 1, 1, 36.5267651414764, Accidental, 
24, 210, 1, 1, 39.1851312211376, Lightning, 
24, 227, 1, 1, 38.0395419273092, Lightning, 
24, 231, 1, 1, 36.7168331189215, Accidental, 
24, 254, 1, 1, 35.5367278209421, Lightning, 
24, 259, 1, 1, 34.3815040389008, Accidental, 
24, 260, 1, 1, 36.4681220551282, Lightning, 
24, 262, 1, 1, 42.9624054290622, Lightning, 
24, 269, 1, 1, 46.8539815020631, Lightning, 
24, 271, 1, 1, 36.7269759374108, Accidental, 
24, 276, 1, 1, 29.2031799393785, Accidental, 
24, 283, 1, 1, 35.5856853557904, Accidental, 
24, 292, 1, 1, 34.084376453886, Accidental, 
24, 294, 1, 1, 43.012066728959, Lightning, 
24, 298, 1, 1, 56.3333863022645, Accidental, 
24, 308, 1, 1, 13.9800969993058, Accidental, 
24, 358, 1, 1, 3.60064576744095, Lightning, 
25, 18, 1, 1, 3.53734480280525, Lightning, 
25, 39, 1, 1, 5.80739452886027, Accidental, 
25, 55, 1, 1, 3.42859474087983, Lightning, 
25, 81, 1, 1, 10.169087697771, Lightning, 
25, 102, 1, 1, 18.7402694921718, Accidental, 
25, 107, 1, 1, 10.7588386012036, Lightning, 
25, 119, 1, 1, 23.4219283745009, Lightning, 
25, 134, 1, 1, 22.498020264683, Lightning, 
25, 147, 1, 1, 20.5773786736973, Accidental, 
25, 154, 1, 1, 28.166667476066, Accidental, 
25, 158, 1, 1, 23.7009675332017, Lightning, 
25, 166, 1, 1, 32.0745394323273, Lightning, 
25, 197, 1, 1, 42.1111779302538, Accidental, 
25, 198, 1, 1, 37.7315526115746, Accidental, 
25, 199, 1, 1, 36.9038041090493, Accidental, 
25, 214, 1, 1, 31.7651716757902, Lightning, 
25, 226, 1, 1, 38.9485162891489, Lightning, 
25, 229, 1, 1, 35.7564854410623, Lightning, 
25, 231, 1, 1, 36.7193188013682, Accidental, 
25, 234, 1, 1, 25.3276933765918, Lightning, 
25, 243, 1, 1, 44.0231540410646, Accidental, 
25, 246, 1, 1, 37.0617867922723, Accidental, 
25, 248, 1, 1, 44.1617841597569, Lightning, 
25, 254, 1, 1, 50.3215445157929, Accidental, 
25, 254, 1, 1, 50.3215445157929, Lightning, 
25, 257, 1, 1, 41.5551243077737, Lightning, 
25, 259, 1, 1, 43.6999176401499, Lightning, 
25, 268, 1, 1, 40.8155578332181, Accidental, 
25, 271, 1, 1, 33.0507372815554, Lightning, 
25, 285, 1, 1, 41.273876153576, Accidental, 
25, 287, 1, 1, 48.7406395919514, Lightning, 
25, 311, 1, 1, 12.4396493720487, Accidental, 
25, 316, 1, 1, 7.9167254754625, Accidental, 
25, 351, 1, 1, 15.8519495665129, Lightning, 
25, 357, 1, 1, 13.3835327011282, Lightning, 
26, 1, 1, 1, 0, Accidental, 
26, 9, 1, 1, 0, Accidental, 
26, 27, 1, 1, 3.38585520784082, Accidental, 
26, 62, 1, 1, 3.48073024444713, Accidental, 
26, 64, 1, 1, 7.02692947901909, Lightning, 
26, 139, 1, 1, 4.32431602592486, Accidental, 
26, 154, 1, 1, 18.7590717915049, Lightning, 
26, 158, 1, 1, 12.9089132315852, Lightning, 
26, 164, 1, 1, 24.1625588349615, Lightning, 
26, 192, 1, 1, 26.3357491155467, Lightning, 
26, 193, 1, 1, 30.0054594261224, Accidental, 
26, 207, 1, 1, 40.3483899621197, Lightning, 
26, 215, 1, 1, 37.6026931466143, Accidental, 
26, 223, 1, 1, 39.606294658487, Lightning, 
26, 224, 1, 1, 39.7187567808503, Accidental, 
26, 236, 1, 1, 36.7288901191197, Accidental, 
26, 239, 1, 1, 38.7516757086057, Lightning, 
26, 240, 1, 1, 38.2490201324103, Lightning, 
26, 247, 1, 1, 32.040005339416, Accidental, 
26, 251, 1, 1, 33.8571287667679, Lightning, 
26, 279, 1, 1, 35.0734883806939, Accidental, 
26, 326, 1, 1, 36.0070350539471, Lightning, 
26, 328, 1, 1, 24.0237339067519, Accidental, 
27, 85, 1, 1, 2.09333029211973, Lightning, 
27, 94, 1, 1, 0.582321890438726, Accidental, 
27, 103, 1, 1, 2.74848953410427, Accidental, 
27, 104, 1, 1, 5.03871640105342, Accidental, 
27, 136, 1, 1, 20.4016997141003, Lightning, 
27, 165, 1, 1, 17.8784659365078, Accidental, 
27, 165, 1, 1, 17.8784659365078, Lightning, 
27, 174, 1, 1, 39.6968304929541, Lightning, 
27, 176, 1, 1, 37.5746594330857, Lightning, 
27, 189, 1, 1, 39.4707666443244, Lightning, 
27, 198, 1, 1, 41.4854130961144, Lightning, 
27, 199, 1, 1, 39.5951081206608, Lightning, 
27, 213, 1, 1, 36.1800554873566, Accidental, 
27, 220, 1, 1, 34.0095781392528, Accidental, 
27, 233, 1, 1, 40.3531625093787, Accidental, 
27, 261, 1, 1, 39.0964314258509, Accidental, 
27, 262, 1, 1, 40.2354094899702, Lightning, 
27, 266, 1, 1, 39.3158770571631, Accidental, 
27, 268, 1, 1, 43.5365027533882, Accidental, 
27, 270, 1, 1, 43.8768768026805, Lightning, 
27, 271, 1, 1, 44.9968865767129, Lightning, 
27, 281, 1, 1, 32.2566045504413, Accidental, 
27, 295, 1, 1, 34.7678305160736, Lightning, 
27, 299, 1, 1, 41.1913748570645, Lightning, 
27, 303, 1, 1, 28.5866310374474, Lightning, 
27, 304, 1, 1, 27.2980487917403, Accidental, 
27, 305, 1, 1, 25.3394031578484, Lightning, 
27, 308, 1, 1, 16.9151724853676, Accidental, 
27, 342, 1, 1, 28.152820877056, Accidental, 
27, 353, 1, 1, 15.0810649140366, Lightning, 
27, 362, 1, 1, 0, Lightning, 
28, 1, 1, 1, 0, Accidental, 
28, 3, 1, 1, 0, Accidental, 
28, 26, 1, 1, 7.35586352339534, Accidental, 
28, 46, 1, 1, 3.4053141671708, Lightning, 
28, 60, 1, 1, 0.533354571131714, Lightning, 
28, 86, 1, 1, 6.94612807948189, Lightning, 
28, 90, 1, 1, 10.2933882134959, Accidental, 
28, 91, 1, 1, 8.75996647857577, Accidental, 
28, 92, 1, 1, 11.3968518467458, Accidental, 
28, 109, 1, 1, 9.00019054074789, Lightning, 
28, 120, 1, 1, 21.1461742295113, Accidental, 
28, 121, 1, 1, 14.648879489485, Accidental, 
28, 123, 1, 1, 8.90463860443808, Accidental, 
28, 125, 1, 1, 15.7458293289596, Lightning, 
28, 134, 1, 1, 26.1258359344692, Lightning, 
28, 138, 1, 1, 21.8498470844995, Accidental, 
28, 141, 1, 1, 26.7436369885805, Lightning, 
28, 160, 1, 1, 30.7717602594238, Accidental, 
28, 163, 1, 1, 31.3812073103844, Lightning, 
28, 173, 1, 1, 35.7304538382315, Accidental, 
28, 180, 1, 1, 30.3911946504512, Accidental, 
28, 185, 1, 1, 41.451261395661, Lightning, 
28, 202, 1, 1, 27.7461483785019, Lightning, 
28, 206, 1, 1, 33.5887208656336, Accidental, 
28, 215, 1, 1, 48.3979264938757, Lightning, 
28, 225, 1, 1, 41.6875118665557, Lightning, 
28, 226, 1, 1, 42.9042006365331, Accidental, 
28, 236, 1, 1, 41.2574472678385, Accidental, 
28, 238, 1, 1, 36.7069824114129, Lightning, 
28, 241, 1, 1, 42.393309725285, Lightning, 
28, 269, 1, 1, 40.5244949517896, Accidental, 
28, 287, 1, 1, 20.5076246560182, Lightning, 
28, 303, 1, 1, 17.7722431216336, Lightning, 
28, 349, 1, 1, 16.4248198315093, Lightning, 
28, 358, 1, 1, 12.9196205675046, Lightning, 
29, 15, 1, 1, 8.28981163829049, Accidental, 
29, 19, 1, 1, 4.64792600274379, Accidental, 
29, 56, 1, 1, 1.81644785893576, Lightning, 
29, 63, 1, 1, 6.46747177072792, Accidental, 
29, 68, 1, 1, 7.56687150076539, Lightning, 
29, 71, 1, 1, 9.35174506966575, Lightning, 
29, 84, 1, 1, 8.21133453834697, Accidental, 
29, 115, 1, 1, 14.7781173309567, Accidental, 
29, 119, 1, 1, 15.2330583721884, Accidental, 
29, 126, 1, 1, 15.5283650876732, Accidental, 
29, 132, 1, 1, 22.5632364251994, Accidental, 
29, 144, 1, 1, 12.8758004605051, Lightning, 
29, 150, 1, 1, 19.1384082639043, Accidental, 
29, 152, 1, 1, 20.0904842216061, Lightning, 
29, 162, 1, 1, 35.6048541856675, Accidental, 
29, 172, 1, 1, 40.2668869078361, Accidental, 
29, 173, 1, 1, 38.1275989166191, Accidental, 
29, 173, 1, 1, 38.1275989166191, Lightning, 
29, 178, 1, 1, 39.9497294947315, Accidental, 
29, 180, 1, 1, 39.8156514534914, Lightning, 
29, 183, 1, 1, 40.033780874286, Lightning, 
29, 184, 1, 1, 32.1178887139476, Accidental, 
29, 188, 1, 1, 43.1615371966549, Lightning, 
29, 189, 1, 1, 46.7906369196388, Lightning, 
29, 192, 1, 1, 43.9212765000315, Accidental, 
29, 194, 1, 1, 38.1821125687545, Accidental, 
29, 199, 1, 1, 41.0113201564859, Accidental, 
29, 207, 1, 1, 47.7956034378753, Accidental, 
29, 212, 1, 1, 39.6882281412514, Accidental, 
29, 212, 1, 1, 39.6882281412514, Lightning, 
29, 219, 1, 1, 38.7607986812933, Accidental, 
29, 227, 1, 1, 51.0114922967814, Lightning, 
29, 234, 1, 1, 33.7731440596689, Accidental, 
29, 238, 1, 1, 44.400589674953, Lightning, 
29, 243, 1, 1, 47.8268835211222, Accidental, 
29, 254, 1, 1, 46.9656062740326, Accidental, 
29, 255, 1, 1, 44.3641331789112, Lightning, 
29, 268, 1, 1, 38.66132144624, Lightning, 
29, 269, 1, 1, 36.3660529407978, Accidental, 
29, 278, 1, 1, 17.3354623613345, Lightning, 
29, 281, 1, 1, 34.0182442795962, Accidental, 
29, 295, 1, 1, 38.660419017275, Accidental, 
29, 299, 1, 1, 42.6206936578926, Lightning, 
29, 304, 1, 1, 19.7406977884293, Accidental, 
29, 315, 1, 1, 9.58384110359114, Accidental, 
29, 320, 1, 1, 29.2682549869807, Accidental, 
29, 323, 1, 1, 23.6904987878963, Accidental, 
29, 345, 1, 1, 27.0936633487434, Lightning, 
29, 362, 1, 1, 0, Lightning, 
30, 4, 1, 1, 0, Lightning, 
30, 41, 1, 1, 4.95684435528338, Accidental, 
30, 98, 1, 1, 6.47585360106825, Lightning, 
30, 142, 1, 1, 23.5386422913014, Lightning, 
30, 161, 1, 1, 17.4534931505856, Lightning, 
30, 164, 1, 1, 17.7843198399977, Accidental, 
30, 166, 1, 1, 17.8344626426583, Lightning, 
30, 173, 1, 1, 27.2424105055178, Lightning, 
30, 181, 1, 1, 39.8054852793581, Accidental, 
30, 181, 1, 1, 39.8054852793581, Lightning, 
30, 182, 1, 1, 40.4238970844225, Lightning, 
30, 184, 1, 1, 39.6216454056153, Lightning, 
30, 186, 1, 1, 33.6956089068634, Accidental, 
30, 189, 1, 1, 33.2202655059368, Lightning, 
30, 196, 1, 1, 42.4481779121501, Accidental, 
30, 199, 1, 1, 46.9423948643917, Accidental, 
30, 199, 1, 1, 46.9423948643917, Lightning, 
30, 202, 1, 1, 44.2724871657001, Accidental, 
30, 203, 1, 1, 44.0350354736363, Accidental, 
30, 212, 1, 1, 35.5488033463047, Accidental, 
30, 215, 1, 1, 33.6721310411692, Lightning, 
30, 220, 1, 1, 27.537945327211, Lightning, 
30, 222, 1, 1, 39.3821477858248, Accidental, 
30, 229, 1, 1, 44.5562417968962, Accidental, 
30, 230, 1, 1, 46.7139903268553, Accidental, 
30, 238, 1, 1, 44.9746698529754, Accidental, 
30, 241, 1, 1, 50.9909432825248, Lightning, 
30, 246, 1, 1, 41.0023516574264, Lightning, 
30, 252, 1, 1, 39.6361834659069, Accidental, 
30, 263, 1, 1, 45.7586155397114, Accidental, 
30, 274, 1, 1, 41.078349714504, Lightning, 
30, 278, 1, 1, 27.1040691737584, Lightning, 
30, 280, 1, 1, 30.338746913199, Accidental, 
30, 343, 1, 1, 14.5385653570332, Accidental, 
30, 348, 1, 1, 7.66063224144939, Lightning, 
